Date,SPY,EFA,EEM,IEF,LQD,GLD,VNQ,DBC
2007-01-03,98.86949920654297,41.088050842285156,25.69261932373047,49.96086120605469,48.886474609375,62.279998779296875,34.298194885253906,19.33003044128418
2007-01-04,99.07928466796875,40.970664978027344,25.337827682495117,50.14216995239258,49.25390625,61.650001525878906,34.34264373779297,18.82647705078125
2007-01-05,98.28899383544922,40.35581588745117,24.597000122070312,49.97898864746094,49.221717834472656,60.16999816894531,33.70668411254883,18.76150131225586
2007-01-08,98.74360656738281,40.41171646118164,24.775503158569336,50.01528549194336,49.207977294921875,60.47999954223633,33.75559616088867,18.858959197998047
2007-01-09,98.65968322753906,40.450843811035156,24.222126007080078,50.003211975097656,49.2171516418457,60.849998474121094,34.18254852294922,18.69652557373047
2007-01-10,98.9884033203125,40.14341735839844,24.166322708129883,49.918582916259766,49.152870178222656,60.59000015258789,34.62283706665039,18.420385360717773
2007-01-11,99.4220199584961,40.400535583496094,24.4720458984375,49.78562927246094,49.001304626464844,60.630001068115234,35.072025299072266,18.396018981933594
2007-01-12,100.17732238769531,40.858882904052734,24.969640731811523,49.68291473388672,48.95075607299805,62.16999816894531,35.18321228027344,18.82647705078125
2007-01-16,99.98146057128906,40.80855941772461,25.058897018432617,49.77961730957031,49.00590133666992,61.970001220703125,35.68131637573242,18.396018981933594
2007-01-17,100.02347564697266,40.83091354370117,24.954021453857422,49.68291473388672,48.936988830566406,62.63999938964844,35.6679801940918,18.558452606201172
2007-01-18,99.68777465820312,40.691192626953125,24.690711975097656,49.749412536621094,49.07938003540039,62.2599983215332,35.623504638671875,18.3635311126709
2007-01-19,99.8836441040039,41.18865203857422,25.134765625,49.67081832885742,49.051795959472656,63.0,35.97929763793945,18.63967514038086
2007-01-22,99.57586669921875,40.981842041015625,25.10576057434082,49.76148986816406,49.08396530151367,62.720001220703125,35.67687225341797,18.655916213989258
2007-01-23,99.86956787109375,41.34516525268555,25.677003860473633,49.61642074584961,48.95075607299805,64.2300033569336,35.84586715698242,19.24881362915039
2007-01-24,100.67387390136719,41.61344528198242,25.900146484375,49.62244415283203,48.97373962402344,64.33000183105469,36.31285095214844,19.086376190185547
2007-01-25,99.4919204711914,40.9371223449707,25.10352897644043,49.429141998291016,48.81760025024414,64.05999755859375,36.53522491455078,18.91581916809082
2007-01-26,99.4009780883789,41.015380859375,25.257492065429688,49.423065185546875,48.78547286987305,64.16999816894531,36.655296325683594,19.151350021362305
2007-01-29,99.34508514404297,41.060089111328125,24.922779083251953,49.3868522644043,48.76247787475586,63.77000045776367,36.7753791809082,18.76150131225586
2007-01-30,99.86260986328125,41.339569091796875,25.308818817138672,49.43517303466797,48.831382751464844,64.22000122070312,36.95771408081055,19.28129768371582
2007-01-31,100.53397369384766,41.496070861816406,25.505178451538086,49.61642074584961,49.03804397583008,64.83000183105469,37.25125503540039,19.48434829711914
2007-02-01,101.13545227050781,41.842613220214844,25.817581176757812,49.58064651489258,49.018218994140625,65.22000122070312,37.39802169799805,19.4112491607666
2007-02-02,101.27532958984375,41.75877380371094,25.739486694335938,49.623111724853516,49.064334869384766,64.27999877929688,37.464725494384766,19.663026809692383
2007-02-05,101.30329895019531,41.6246223449707,25.7640323638916,49.677677154541016,49.1289176940918,64.30999755859375,37.464725494384766,19.598052978515625
2007-02-06,101.3312759399414,41.948814392089844,26.01842498779297,49.81718063354492,49.25803756713867,64.79000091552734,38.01620101928711,19.500591278076172
2007-02-07,101.55509948730469,42.06618881225586,25.917993545532227,49.92641067504883,49.327232360839844,64.62999725341797,38.81227111816406,19.265056610107422
2007-02-08,101.42220306396484,41.898521423339844,25.77965545654297,49.93853759765625,49.3825798034668,65.5199966430664,38.514305114746094,19.71175765991211
2007-02-09,100.66681671142578,41.719642639160156,25.47171401977539,49.786903381347656,49.17501449584961,66.12000274658203,38.069549560546875,19.83358383178711
2007-02-12,100.32415771484375,41.55754852294922,25.297657012939453,49.72014236450195,49.18423843383789,65.66999816894531,37.380226135253906,19.459980010986328
2007-02-13,101.17039489746094,42.08856201171875,25.69931983947754,49.683746337890625,49.15198516845703,65.83999633789062,38.105159759521484,19.81734275817871
2007-02-14,101.83480072021484,42.6586799621582,26.252714157104492,49.96881866455078,49.43324279785156,66.37000274658203,37.8338508605957,19.549318313598633
2007-02-15,101.9676742553711,42.708984375,26.26833152770996,50.047706604003906,49.525550842285156,66.41000366210938,38.11404800415039,19.549318313598633
2007-02-16,101.9187240600586,42.692203521728516,26.32857894897461,50.10227966308594,49.576297760009766,66.36000061035156,38.01620101928711,19.890439987182617
2007-02-20,102.13555908203125,42.75368881225586,26.397750854492188,50.1629638671875,49.6546630859375,65.30999755859375,38.309722900390625,19.67115020751953
2007-02-21,102.09357452392578,42.53570556640625,26.475854873657227,50.156890869140625,49.62239074707031,67.3499984741211,38.1851921081543,20.09348487854004
2007-02-22,102.01666259765625,42.72576141357422,26.408910751342773,50.02947998046875,49.553226470947266,67.1500015258789,37.980621337890625,20.369630813598633
2007-02-23,101.61802673339844,42.85989761352539,26.21923828125,50.22966766357422,49.71466064453125,67.72000122070312,37.317970275878906,20.49958038330078
2007-02-26,101.52706909179688,42.882259368896484,26.208086013793945,50.38737869262695,49.9176025390625,68.0999984741211,37.13117218017578,20.556432723999023
2007-02-27,97.56169891357422,41.15509796142578,24.077064514160156,50.81199645996094,50.111297607421875,65.41000366210938,35.97929763793945,20.166584014892578
2007-02-28,98.5617904663086,41.445770263671875,24.679563522338867,50.63608932495117,50.01906204223633,66.4800033569336,36.24613571166992,20.47521209716797
2007-03-01,98.26803588867188,41.020957946777344,24.324758529663086,50.6817512512207,50.0287971496582,65.81999969482422,35.88145065307617,20.32901954650879
2007-03-02,96.981201171875,40.46760559082031,24.099384307861328,50.846012115478516,50.1677360534668,63.709999084472656,35.31218338012695,20.142215728759766
2007-03-05,96.05801391601562,39.62919998168945,23.481281280517578,50.87643051147461,50.0936164855957,62.93000030517578,33.93793869018555,19.841711044311523
2007-03-06,97.70158386230469,40.858882904052734,24.512203216552734,50.809513092041016,49.90369415283203,64.1500015258789,35.18321228027344,20.028514862060547
2007-03-07,97.60363006591797,40.870059967041016,24.36269187927246,50.90080642700195,49.95003890991211,64.30000305175781,34.68955612182617,20.30465316772461
2007-03-08,98.42888641357422,41.35074234008789,24.99195671081543,50.894737243652344,50.01491928100586,64.4800033569336,35.2454833984375,20.337141036987305
2007-03-09,98.45683288574219,41.417808532714844,25.036584854125977,50.60869598388672,49.88520050048828,64.25,35.71244430541992,20.069122314453125
2007-03-12,98.60374450683594,41.68611526489258,25.15930938720703,50.74863815307617,49.991764068603516,64.37000274658203,35.890342712402344,19.88231658935547
2007-03-13,96.68746948242188,40.691192626953125,24.42740249633789,50.97384262084961,50.019527435302734,63.720001220703125,35.045345306396484,19.72800064086914
2007-03-14,97.40784454345703,40.70795822143555,24.628238677978516,50.90686798095703,49.97319412231445,63.939998626708984,35.21434783935547,19.768613815307617
2007-03-15,97.54069519042969,40.89240264892578,24.829055786132812,50.85210037231445,49.98243713378906,63.97999954223633,35.53011703491211,19.646785736083984
2007-03-16,97.2675552368164,40.94271469116211,24.617082595825195,50.846012115478516,49.787940979003906,64.62000274658203,35.13429641723633,19.69551658630371
2007-03-19,98.44017791748047,41.574317932128906,25.15708351135254,50.77911376953125,49.69533157348633,64.73999786376953,35.48564910888672,19.792980194091797
2007-03-20,98.98080444335938,41.926456451416016,25.322208404541016,50.85210037231445,49.829586029052734,65.2699966430664,35.62794494628906,19.81734275817871
2007-03-21,100.60973358154297,42.82076644897461,26.080890655517578,50.9251708984375,49.97786331176758,65.81999969482422,36.05936813354492,19.849830627441406
2007-03-22,100.53252410888672,42.6586799621582,25.96932029724121,50.75476837158203,49.83887481689453,65.76000213623047,36.09492874145508,20.174705505371094
2007-03-23,100.67997741699219,42.759281158447266,26.08981704711914,50.67561340332031,49.70916748046875,65.1500015258789,36.117164611816406,20.182828903198242
2007-03-26,100.54655456542969,42.77605056762695,26.074201583862305,50.71825408935547,49.8018798828125,65.83999633789062,35.53879165649414,20.272167205810547
2007-03-27,100.30781555175781,42.58600997924805,25.958162307739258,50.70607376098633,49.792579650878906,65.69999694824219,35.16752624511719,20.32901954650879
2007-03-28,99.57764434814453,42.21151351928711,25.49402618408203,50.700016021728516,49.76015853881836,66.05000305175781,34.934932708740234,20.52394676208496
2007-03-29,99.68293762207031,42.58042907714844,26.000558853149414,50.62694549560547,49.69990158081055,65.6500015258789,34.99305725097656,20.921918869018555
2007-03-30,99.7040023803711,42.64751434326172,25.996103286743164,50.56608200073242,49.681434631347656,65.73999786376953,35.49405288696289,20.613285064697266
2007-04-02,99.81634521484375,42.759281158447266,26.174610137939453,50.62229537963867,49.710289001464844,65.8499984741211,35.71773147583008,20.410236358642578
2007-04-03,100.89060974121094,43.11700439453125,26.603044509887695,50.57954788208008,49.682373046875,65.83000183105469,36.030826568603516,20.32901954650879
2007-04-04,101.00297546386719,43.29585647583008,26.77039909362793,50.658939361572266,49.72425079345703,66.80999755859375,35.8519172668457,20.556432723999023
2007-04-05,101.27678680419922,43.45237350463867,26.79494857788086,50.530662536621094,49.62189483642578,66.86000061035156,35.81611251831055,20.5970401763916
2007-04-09,101.41719818115234,43.418846130371094,26.948923110961914,50.29853439331055,49.45901107788086,66.52999877929688,35.88322830200195,20.3858699798584
2007-04-10,101.53658294677734,43.74302291870117,27.07610511779785,50.4023551940918,49.56138610839844,67.16000366210938,36.030826568603516,20.67013931274414
2007-04-11,101.12232208251953,43.53062438964844,26.826183319091797,50.341243743896484,49.468318939208984,67.08000183105469,35.49405288696289,20.637651443481445
2007-04-12,101.5716781616211,43.82128143310547,27.27469825744629,50.39011001586914,49.542816162109375,66.98999786376953,35.25251007080078,20.759479522705078
2007-04-13,102.03508758544922,43.966609954833984,27.408578872680664,50.304603576660156,49.45901107788086,67.83999633789062,35.65061569213867,20.87318992614746
2007-04-16,103.00402069091797,44.43053436279297,27.734373092651367,50.35960006713867,49.500911712646484,68.4000015258789,35.695350646972656,20.710750579833984
2007-04-17,103.27789306640625,44.436119079589844,27.584875106811523,50.573402404785156,49.7707405090332,68.0,36.16055679321289,20.49958038330078
2007-04-18,103.40426635742188,44.419342041015625,27.379581451416016,50.68952178955078,49.784706115722656,68.37999725341797,35.936920166015625,20.50770378112793
2007-04-19,103.37615203857422,44.25166702270508,27.158674240112305,50.68337631225586,49.81729507446289,67.52999877929688,35.695350646972656,20.45085334777832
2007-04-20,104.35216522216797,44.76031494140625,27.48222541809082,50.628414154052734,49.803321838378906,68.69999694824219,35.9637336730957,20.7351131439209
2007-04-23,103.958984375,44.32433319091797,27.372880935668945,50.732242584228516,49.94755554199219,68.26000213623047,36.36631393432617,20.87318992614746
2007-04-24,104.00111389160156,44.296390533447266,27.368431091308594,50.83003616333008,50.073211669921875,67.7300033569336,36.12028121948242,20.58892059326172
2007-04-25,104.95598602294922,44.71000289916992,27.70759391784668,50.79951858520508,50.00340270996094,67.88999938964844,36.09791946411133,20.995012283325195
2007-04-26,105.07537078857422,44.50319290161133,27.633968353271484,50.652854919433594,49.89638137817383,66.87000274658203,36.12028121948242,20.84882164001465
2007-04-27,104.99110412597656,44.408164978027344,27.495609283447266,50.652854919433594,49.88242721557617,67.55999755859375,36.030826568603516,20.954402923583984
2007-04-30,104.12047576904297,44.24607849121094,26.964536666870117,50.87275695800781,50.124359130859375,67.08999633789062,35.4493408203125,20.767601013183594
2007-05-01,104.38729858398438,44.20136260986328,27.071651458740234,50.87523651123047,50.096343994140625,66.69000244140625,35.140682220458984,20.808208465576172
2007-05-02,104.9981689453125,44.53671646118164,27.609432220458984,50.81392288208008,50.08230972290039,66.66000366210938,35.41802215576172,20.64577293395996
2007-05-03,105.56688690185547,44.598209381103516,27.84149169921875,50.7586784362793,50.01220703125,67.48999786376953,35.51197052001953,20.743236541748047
2007-05-04,105.96708679199219,45.017417907714844,27.832555770874023,50.88746643066406,50.13369369506836,68.19000244140625,35.20330810546875,20.702625274658203
2007-05-07,105.98816680908203,45.084495544433594,28.0132999420166,50.930442810058594,50.19450759887695,68.25,35.301719665527344,20.605165481567383
2007-05-08,105.84772491455078,44.71560287475586,27.649580001831055,50.930442810058594,50.166446685791016,67.87999725341797,35.069114685058594,20.47521209716797
2007-05-09,106.13558197021484,44.96152877807617,28.095867156982422,50.76485824584961,50.08699417114258,67.44999694824219,35.4493408203125,20.369630813598633
2007-05-10,105.0262451171875,44.07279586791992,27.408578872680664,50.89363479614258,50.1103401184082,66.0,34.97517776489258,20.288414001464844
2007-05-11,105.92496490478516,44.81620407104492,28.104787826538086,50.78940963745117,50.05895233154297,66.44999694824219,35.4493408203125,20.58892059326172
2007-05-14,105.69325256347656,44.64851760864258,27.825868606567383,50.71580505371094,50.00749969482422,66.27999877929688,35.248043060302734,20.51582145690918
2007-05-15,105.72134399414062,44.72677993774414,27.859336853027344,50.709659576416016,49.895381927490234,66.54000091552734,34.71126174926758,20.718868255615234
2007-05-16,106.44454193115234,44.793846130371094,28.263233184814453,50.679012298583984,50.01220703125,65.5999984741211,34.28185272216797,20.51582145690918
2007-05-17,106.23390197753906,44.56467056274414,28.16058349609375,50.54408645629883,49.862640380859375,65.05999755859375,33.68692398071289,20.686382293701172
2007-05-18,107.16072845458984,44.905635833740234,28.30561637878418,50.39686584472656,49.722434997558594,65.5199966430664,33.34696578979492,20.653894424438477
2007-05-21,107.10455322265625,44.69882583618164,28.356945037841797,50.4643440246582,49.7878532409668,65.66999816894531,33.48116683959961,20.85694122314453
2007-05-22,107.02027893066406,44.73794937133789,28.361398696899414,50.32330322265625,49.62897491455078,65.19999694824219,33.97766876220703,20.556432723999023
2007-05-23,107.03436279296875,44.96712112426758,28.316795349121094,50.22517776489258,49.58222961425781,65.54000091552734,33.71824264526367,20.653894424438477
2007-05-24,106.06536865234375,44.53671646118164,27.63619041442871,50.29264831542969,49.64299011230469,64.75,33.15463638305664,20.540189743041992
2007-05-25,106.50769805908203,44.82178497314453,28.060171127319336,50.23746109008789,49.610294342041016,64.94000244140625,33.34250259399414,20.791967391967773
2007-05-29,106.89392852783203,44.877681732177734,27.96421241760254,50.133174896240234,49.512123107910156,65.06999969482422,34.53233337402344,20.337141036987305
2007-05-30,107.7645492553711,45.06771469116211,28.249849319458008,50.182273864746094,49.549537658691406,64.72000122070312,35.458290100097656,20.532066345214844
2007-05-31,107.6522445678711,45.291290283203125,28.330162048339844,50.16389846801758,49.50743865966797,65.54000091552734,35.31514358520508,20.718868255615234
2007-06-01,108.18583679199219,45.58755111694336,29.037527084350586,49.94777297973633,49.3177375793457,66.44000244140625,35.36433792114258,20.87318992614746
2007-06-04,108.19987487792969,45.71050262451172,28.908109664916992,50.02778625488281,49.3975944519043,66.54000091552734,35.50748062133789,21.059988021850586
2007-06-05,107.77159881591797,45.47574996948242,28.80769920349121,49.867698669433594,49.23794174194336,66.37000274658203,34.94386291503906,20.978769302368164
2007-06-06,106.61304473876953,44.82178497314453,28.082477569580078,49.892333984375,49.28017044067383,66.41000366210938,34.706790924072266,20.970645904541016
2007-06-07,104.68919372558594,44.056026458740234,27.649580001831055,49.3935546875,48.754295349121094,65.26000213623047,33.61536407470703,21.07623291015625
2007-06-08,106.05135345458984,44.53671646118164,28.138259887695312,49.4859504699707,48.77777862548828,64.22000122070312,34.0179443359375,20.702625274658203
2007-06-11,106.23390197753906,44.68765640258789,28.37926483154297,49.356632232666016,48.62750244140625,64.69999694824219,33.50800323486328,21.100595474243164
2007-06-12,105.07537078857422,43.89393615722656,27.8861083984375,49.005672454833984,48.364566802978516,64.0999984741211,32.92649841308594,21.043745040893555
2007-06-13,106.64823913574219,44.464054107666016,28.443965911865234,49.16579055786133,48.57583236694336,64.52999877929688,33.65562438964844,21.311763763427734
2007-06-14,107.32923889160156,44.793846130371094,28.89025115966797,49.17808151245117,48.56175231933594,64.5999984741211,33.293296813964844,21.514812469482422
2007-06-15,107.93990325927734,45.157161712646484,29.548524856567383,49.3935546875,48.754295349121094,64.8499984741211,33.66008377075195,21.64476203918457
2007-06-18,107.81304168701172,45.40869140625,29.57530975341797,49.368980407714844,48.74956130981445,64.94999694824219,33.14119338989258,21.64476203918457
2007-06-19,108.08097076416016,45.45338821411133,29.6087703704834,49.609092712402344,49.06421661376953,65.4800033569336,33.20384216308594,21.433591842651367
2007-06-20,106.57892608642578,44.91682052612305,29.35662078857422,49.44900894165039,48.829429626464844,64.70999908447266,32.206329345703125,21.457962036132812
2007-06-21,107.17132568359375,45.3248405456543,29.72258186340332,49.387420654296875,48.70265197753906,64.55999755859375,32.385257720947266,21.360498428344727
2007-06-22,106.16291046142578,44.69882583618164,29.329849243164062,49.53520202636719,48.8341178894043,64.77999877929688,32.26448440551758,21.311763763427734
2007-06-25,105.65520477294922,44.68765640258789,29.106704711914062,49.695308685302734,48.89045715332031,64.43000030517578,31.735471725463867,21.230545043945312
2007-06-26,104.5692367553711,44.464054107666016,28.852312088012695,49.70759582519531,48.881046295166016,63.619998931884766,31.613195419311523,20.98689079284668
2007-06-27,106.05712127685547,44.78267288208008,29.26290512084961,49.70145034790039,48.881046295166016,63.66999816894531,32.42389678955078,20.954402923583984
2007-06-28,106.04299926757812,44.81620407104492,29.269590377807617,49.670677185058594,48.829429626464844,64.26000213623047,32.25632858276367,20.889427185058594
2007-06-29,106.07823944091797,45.145973205566406,29.372243881225586,49.92927551269531,49.106468200683594,64.2699966430664,32.1340446472168,20.87318992614746
2007-07-02,107.03729248046875,45.799949645996094,29.96803855895996,50.00532531738281,48.9847526550293,65.0199966430664,32.8768196105957,21.003135681152344
2007-07-03,107.42513275146484,46.01792907714844,30.206796646118164,49.85696029663086,48.99420928955078,64.73999786376953,32.78624725341797,21.027502059936523
2007-07-05,107.31234741210938,45.78877258300781,30.340681076049805,49.57880401611328,48.67816925048828,64.41999816894531,33.2799186706543,21.22242546081543
2007-07-06,107.87646484375,46.11854553222656,30.860591888427734,49.461368560791016,48.583831787109375,64.95999908447266,33.23914337158203,21.401105880737305
2007-07-09,107.9610595703125,46.2303352355957,31.159622192382812,49.640625,48.68287658691406,65.37999725341797,33.216514587402344,21.352375030517578
2007-07-10,106.42379760742188,45.66579818725586,30.54597282409668,49.98053741455078,49.01775360107422,65.61000061035156,32.37409591674805,21.506689071655273
2007-07-11,107.17835235595703,46.09619140625,30.79813003540039,49.807498931884766,48.796058654785156,65.44000244140625,32.310672760009766,21.555423736572266
2007-07-12,108.8707504272461,46.73897171020508,31.4742431640625,49.66536331176758,48.60268020629883,66.0199966430664,32.72736358642578,21.612276077270508
2007-07-13,109.19512939453125,46.7054328918457,31.86474609375,49.776607513427734,48.81496047973633,66.02999877929688,33.03987503051758,21.64476203918457
2007-07-16,109.18096923828125,46.5992317199707,31.552337646484375,49.97439193725586,48.94232940673828,65.81999969482422,32.763580322265625,21.26303482055664
2007-07-17,109.12458801269531,46.442726135253906,31.527801513671875,49.869319915771484,48.83854293823242,65.75,32.64584732055664,21.133089065551758
2007-07-18,108.92713928222656,46.28062438964844,31.14177703857422,50.04860305786133,48.980079650878906,66.62000274658203,32.573368072509766,21.376739501953125
2007-07-19,109.35028839111328,46.54332733154297,31.45193862915039,50.04236602783203,48.876277923583984,67.01000213623047,32.69566345214844,21.44983673095703
2007-07-20,108.24312591552734,46.06264877319336,31.235485076904297,50.28962707519531,49.01308059692383,67.58000183105469,32.12498474121094,21.441715240478516
2007-07-23,108.57454681396484,46.34211730957031,32.13920593261719,50.27109909057617,48.956485748291016,67.47000122070312,31.567899703979492,21.344257354736328
2007-07-24,106.69178771972656,45.64344787597656,31.039113998413086,50.40705490112305,48.89507293701172,67.47000122070312,30.929296493530273,21.18181610107422
2007-07-25,106.91036224365234,45.520477294921875,31.217647552490234,50.475074768066406,48.93288040161133,66.9000015258789,30.594161987304688,21.368621826171875
2007-07-26,104.37882232666016,44.0057373046875,29.626619338989258,50.8768310546875,48.829105377197266,65.6500015258789,30.03253936767578,21.141206741333008
2007-07-27,102.32675170898438,43.396484375,29.242826461791992,50.9757080078125,48.64982604980469,65.41000366210938,29.0361385345459,21.344257354736328
2007-07-30,103.9275131225586,44.16781234741211,30.200098037719727,50.8459358215332,48.72533416748047,65.7699966430664,29.597742080688477,21.100595474243164
2007-07-31,102.7569351196289,44.111915588378906,29.58200454711914,51.05612564086914,48.70180130004883,65.79000091552734,29.479976654052734,21.27115821838379
2007-08-01,103.25759887695312,44.18459701538086,29.465970993041992,50.914615631103516,48.85908889770508,65.93000030517578,29.86949348449707,21.238670349121094
2007-08-02,104.08264923095703,44.318748474121094,29.791757583618164,50.95186233520508,48.792762756347656,65.88999938964844,30.363162994384766,21.27115821838379
2007-08-03,101.40306091308594,43.51945495605469,28.506452560424805,51.280723571777344,49.034423828125,66.69000244140625,29.190126419067383,21.035625457763672
2007-08-06,103.10247802734375,43.99453353881836,29.015222549438477,51.07594299316406,48.86384582519531,66.5199966430664,30.209163665771484,20.743236541748047
2007-08-07,104.2025146484375,44.145477294921875,29.231666564941406,51.069725036621094,48.996524810791016,66.4800033569336,30.376745223999023,20.85694122314453
2007-08-08,105.65520477294922,44.86091613769531,30.21349334716797,50.71604919433594,49.0486946105957,66.7699966430664,31.57695960998535,20.824453353881836
2007-08-09,102.5242691040039,43.58094024658203,28.96389389038086,51.00148010253906,49.00602722167969,65.45999908447266,31.22822380065918,20.662019729614258
2007-08-10,102.04478454589844,42.831939697265625,28.461824417114258,50.92700958251953,48.78801345825195,66.56999969482422,30.286170959472656,20.7351131439209
2007-08-13,102.41142272949219,42.915794372558594,28.74297523498535,51.007686614990234,48.958641052246094,66.26000213623047,30.141233444213867,20.58892059326172
2007-08-14,100.84591674804688,42.502166748046875,27.99992561340332,51.193870544433594,49.26667785644531,66.29000091552734,29.27617645263672,20.653894424438477
2007-08-15,99.45673370361328,41.507240295410156,26.899824142456055,51.286930084228516,49.13395690917969,66.12999725341797,28.782501220703125,20.808208465576172
2007-08-16,100.2042007446289,41.32838821411133,26.44239044189453,51.48545455932617,48.655330657958984,64.68000030517578,29.93741798400879,20.45085334777832
2007-08-17,102.04478454589844,41.70846939086914,27.279163360595703,51.522708892822266,48.7406005859375,65.01000213623047,30.616796493530273,20.43460464477539
2007-08-20,101.99537658691406,41.842613220214844,27.334959030151367,51.63439178466797,49.091304779052734,65.12000274658203,31.178396224975586,20.491456985473633
2007-08-21,102.19985961914062,41.814666748046875,27.234542846679688,51.857810974121094,49.19086837768555,65.06999969482422,31.32332992553711,20.45897102355957
2007-08-22,103.41272735595703,42.80399703979492,28.406034469604492,51.69027328491211,49.29038619995117,65.4000015258789,31.703781127929688,20.50770378112793
2007-08-23,103.32109832763672,42.99405288696289,28.55107879638672,51.70890426635742,49.314056396484375,65.30999755859375,31.160282135009766,20.572673797607422
2007-08-24,104.59744262695312,43.74302291870117,29.231666564941406,51.727508544921875,49.42306900024414,66.11000061035156,31.327857971191406,20.81633186340332
2007-08-27,103.62430572509766,43.27910614013672,29.365549087524414,51.87023162841797,49.29038619995117,65.9800033569336,30.648494720458984,20.840696334838867
2007-08-28,101.34662628173828,42.40715408325195,28.171728134155273,52.13706588745117,49.71220016479492,65.58999633789062,29.710966110229492,20.62140655517578
2007-08-29,103.33515930175781,43.37971115112305,29.287439346313477,51.9384880065918,49.484683990478516,66.06999969482422,30.79794692993164,20.81633186340332
2007-08-30,103.06016540527344,43.077880859375,29.1379337310791,52.199119567871094,49.63163375854492,65.80000305175781,30.956464767456055,20.85694122314453
2007-08-31,104.07563018798828,43.83246612548828,29.889925003051758,52.211544036865234,49.86383819580078,66.5199966430664,31.468265533447266,20.86506462097168
2007-09-04,105.12629699707031,44.23490524291992,30.394229888916016,52.114288330078125,49.75337600708008,67.44000244140625,31.884944915771484,21.100595474243164
2007-09-05,104.21662902832031,43.59211349487305,29.934566497802734,52.438270568847656,49.94861602783203,67.55999755859375,31.119525909423828,21.141206741333008
2007-09-06,104.4564208984375,43.75421142578125,30.16885757446289,52.326168060302734,49.8343391418457,68.86000061035156,31.39580535888672,21.059988021850586
2007-09-07,103.00373840332031,43.22319793701172,29.48828125,52.886817932128906,50.10573196411133,69.38999938964844,30.639434814453125,21.198060989379883
2007-09-10,102.80632019042969,43.044349670410156,29.510595321655273,53.005245208740234,50.25334548950195,69.62000274658203,30.322391510009766,21.344257354736328
2007-09-11,104.00505828857422,43.78773498535156,30.106374740600586,52.893089294433594,49.962890625,70.5199966430664,30.95195198059082,21.392982482910156
2007-09-12,104.27305603027344,43.83246612548828,30.21349334716797,52.76223373413086,49.7581672668457,70.45999908447266,30.770774841308594,21.620399475097656
2007-09-13,105.00643157958984,44.01691436767578,30.54821014404297,52.450748443603516,49.686744689941406,70.08000183105469,31.4637393951416,21.457962036132812
2007-09-14,104.99938201904297,43.759796142578125,30.608449935913086,52.51930618286133,49.82483673095703,69.98999786376953,31.66753387451172,21.474206924438477
2007-09-17,104.43523406982422,43.14496612548828,30.414318084716797,52.55042266845703,49.80571746826172,70.97000122070312,31.436565399169922,21.725982666015625
2007-09-18,107.50978088378906,44.54791259765625,31.887042999267578,52.49436569213867,49.92481231689453,71.69999694824219,32.55524826049805,21.807199478149414
2007-09-19,108.14444732666016,44.95033645629883,32.0320930480957,52.30742263793945,49.648624420166016,71.43000030517578,33.166683197021484,21.993999481201172
2007-09-20,107.38282012939453,44.91123580932617,31.93169403076172,51.71560287475586,49.558170318603516,72.72000122070312,32.306148529052734,22.335121154785156
2007-09-21,107.67259216308594,45.10685729980469,32.35566329956055,51.97722244262695,49.79151153564453,72.33999633789062,32.537132263183594,22.489437103271484
2007-09-24,107.47423553466797,45.20745849609375,32.75730895996094,52.04582595825195,50.03908157348633,72.27999877929688,33.15400314331055,22.448823928833008
2007-09-25,107.26168060302734,45.26335906982422,32.634578704833984,52.052040100097656,50.01051330566406,72.33000183105469,32.330291748046875,22.286386489868164
2007-09-26,107.8284912109375,45.486942291259766,33.0697021484375,52.07072448730469,50.13435363769531,72.0,32.80162811279297,22.318880081176758
2007-09-27,108.46614074707031,46.09060287475586,33.560630798339844,52.23897933959961,50.26287078857422,72.69999694824219,33.05331802368164,22.903654098510742
2007-09-28,108.10480499267578,46.16325759887695,33.34864807128906,52.25764465332031,50.229522705078125,73.51000213623047,32.70095443725586,22.830554962158203
2007-10-01,109.32344818115234,46.7557487487793,34.39741134643555,52.32012176513672,49.90574264526367,73.9000015258789,33.49720764160156,22.59501838684082
2007-10-02,109.17465209960938,46.63836669921875,34.631710052490234,52.43274688720703,49.85790252685547,72.3499984741211,34.105812072753906,22.14019775390625
2007-10-03,108.95507049560547,46.42595291137695,33.58294677734375,52.395179748535156,50.082637786865234,71.9000015258789,33.941070556640625,22.164562225341797
2007-10-04,109.12512969970703,46.588050842285156,33.917659759521484,52.488983154296875,50.479705810546875,72.87000274658203,34.28886795043945,22.47319221496582
2007-10-05,110.421630859375,47.06315612792969,35.04898452758789,52.02629852294922,50.274017333984375,73.4000015258789,35.09427261352539,22.53816795349121
2007-10-08,109.8335952758789,46.6271858215332,34.67633819580078,52.213836669921875,50.45100784301758,72.52999877929688,34.43073272705078,22.067100524902344
2007-10-09,110.86793518066406,47.147003173828125,35.21634292602539,52.05126953125,50.23101806640625,73.08999633789062,34.815147399902344,22.221416473388672
2007-10-10,110.68383026123047,47.057579040527344,35.263206481933594,52.1013298034668,50.40796661376953,73.36000061035156,34.57258987426758,22.481313705444336
2007-10-11,110.15245056152344,47.27554702758789,34.95302963256836,52.1075325012207,50.51319122314453,73.91000366210938,34.435306549072266,22.733091354370117
2007-10-12,110.76170349121094,47.48236846923828,35.59122085571289,51.932464599609375,50.235740661621094,74.58999633789062,34.11039733886719,22.838674545288086
2007-10-15,109.82646942138672,47.0966911315918,35.156097412109375,51.982505798339844,50.393638610839844,75.13999938964844,33.46974563598633,23.228525161743164
2007-10-16,108.95507049560547,46.370079040527344,34.504512786865234,52.12630844116211,50.479705810546875,75.12000274658203,33.06245422363281,23.25288963317871
2007-10-17,109.28800201416016,46.86194610595703,35.30113983154297,52.44520568847656,50.71887969970703,74.5,33.012123107910156,23.13106346130371
2007-10-18,108.89127349853516,46.97373580932617,35.47965621948242,52.645320892333984,50.72368240356445,76.0,33.02129364013672,23.545276641845703
2007-10-19,106.04301452636719,45.939693450927734,33.9622802734375,53.09552764892578,51.05373764038086,75.69999694824219,31.61642074584961,23.480304718017578
2007-10-22,106.65947723388672,45.88378143310547,34.207740783691406,52.9954719543457,51.05373764038086,74.5999984741211,32.44469451904297,23.415328979492188
2007-10-23,107.52381896972656,46.53215789794922,35.156097412109375,52.98300552368164,50.75242233276367,75.2300033569336,32.787899017333984,23.25288963317871
2007-10-24,107.325439453125,46.43155288696289,34.92625427246094,53.25188064575195,51.06327819824219,75.5199966430664,32.23876190185547,23.334108352661133
2007-10-25,107.58049011230469,46.643951416015625,35.37032699584961,53.20811462402344,50.94374084472656,76.02999877929688,32.307411193847656,23.87827491760254
2007-10-26,108.84170532226562,47.48796081542969,36.372222900390625,53.076805114746094,50.86239242553711,77.69000244140625,32.79704666137695,24.243757247924805
2007-10-29,109.20301818847656,47.83449935913086,37.20901107788086,53.12058639526367,50.98200607299805,78.12000274658203,32.26165771484375,24.64173126220703
2007-10-30,108.44489288330078,47.45442199707031,36.5061149597168,53.176841735839844,50.977210998535156,77.3499984741211,32.705543518066406,24.089445114135742
2007-10-31,109.57145690917969,48.125152587890625,37.307186126708984,52.82038879394531,50.71410369873047,78.62000274658203,33.38737869262695,24.771678924560547
2007-11-01,107.00660705566406,47.11347961425781,35.80098342895508,53.25154113769531,51.101417541503906,77.93000030517578,31.82691192626953,24.454925537109375
2007-11-02,107.1270523071289,47.37615966796875,36.0040397644043,53.3958625793457,50.78424835205078,79.83000183105469,31.373884201049805,24.982847213745117
2007-11-05,106.3122787475586,46.621604919433594,34.7522087097168,53.33307647705078,50.9091796875,79.75,30.920852661132812,24.82040786743164
2007-11-06,107.7435073852539,47.32585144042969,36.07097625732422,53.238948822021484,50.59687423706055,81.43000030517578,31.309812545776367,25.47015953063965
2007-11-07,104.79608917236328,46.50423049926758,34.92179870605469,53.43347930908203,50.56322479248047,82.23999786376953,30.335107803344727,25.3402099609375
2007-11-08,104.26468658447266,46.588050842285156,35.100311279296875,53.552730560302734,50.644893646240234,82.2300033569336,30.426626205444336,25.275236129760742
2007-11-09,102.83348083496094,45.68256759643555,34.27468490600586,53.87275695800781,50.87077331542969,82.18000030517578,30.179521560668945,25.267112731933594
2007-11-12,101.81319427490234,44.93357849121094,32.377967834472656,53.96689224243164,50.85149383544922,78.30000305175781,30.52730941772461,24.714824676513672
2007-11-13,104.91651916503906,46.140907287597656,34.665164947509766,53.69077682495117,50.59687423706055,79.12000274658203,31.53862190246582,24.243757247924805
2007-11-14,104.62602233886719,46.068241119384766,34.69865417480469,53.72842788696289,50.380615234375,80.27999877929688,30.897972106933594,24.78792381286621
2007-11-15,103.11688232421875,45.30807113647461,33.89979934692383,54.029598236083984,50.572845458984375,77.94999694824219,30.843059539794922,24.544265747070312
2007-11-16,103.29403686523438,45.45338821411133,34.31930923461914,54.029598236083984,50.57764434814453,77.75,30.266468048095703,24.6254825592041
2007-11-19,101.85572052001953,44.25166702270508,32.73723602294922,54.41872024536133,50.96684646606445,77.23999786376953,29.60749053955078,24.812286376953125
2007-11-20,102.47927856445312,45.240989685058594,33.636497497558594,54.2744026184082,50.644893646240234,79.47000122070312,29.035484313964844,25.429550170898438
2007-11-21,100.38201141357422,44.21814727783203,31.94284439086914,54.7010498046875,51.00048065185547,79.36000061035156,28.83412742614746,25.4620361328125
2007-11-23,102.11786651611328,45.3304328918457,32.88673782348633,54.537940979003906,50.745811462402344,81.25,29.401573181152344,25.697572708129883
2007-11-26,99.86479187011719,44.62057876586914,31.58135414123535,55.28468322753906,51.58670425415039,81.30000305175781,27.99212646484375,25.38081932067871
2007-11-27,101.01261901855469,45.2242317199707,32.7907829284668,54.7701416015625,51.1446533203125,80.0999984741211,28.646514892578125,25.177772521972656
2007-11-28,104.24342346191406,46.50979995727539,34.58708572387695,54.57558822631836,50.78909683227539,79.56999969482422,29.904951095581055,24.869140625
2007-11-29,104.27884674072266,46.12971878051758,34.16311264038086,54.88310241699219,50.98129653930664,78.27999877929688,29.424463272094727,24.925992965698242
2007-11-30,105.32743072509766,46.381256103515625,34.45320129394531,54.958351135253906,51.23113250732422,77.31999969482422,30.225265502929688,24.61736297607422
2007-12-03,104.63307189941406,46.20797348022461,34.15419006347656,55.17559051513672,51.24898910522461,78.27999877929688,29.90038299560547,24.796043395996094
2007-12-04,103.6978759765625,45.91731643676758,34.06492233276367,55.225982666015625,51.27311325073242,79.4000015258789,29.094970703125,24.909751892089844
2007-12-05,105.43368530273438,46.448326110839844,35.57783889770508,55.01821517944336,51.080116271972656,78.62999725341797,30.07427215576172,24.72294807434082
2007-12-06,106.94283294677734,46.889888763427734,36.13792037963867,54.72856903076172,50.703670501708984,79.37000274658203,31.030670166015625,25.169652938842773
2007-12-07,106.92160034179688,46.7054328918457,35.70949172973633,54.37594223022461,50.26937484741211,78.5999984741211,30.920852661132812,25.088430404663086
2007-12-10,107.75054931640625,47.18613052368164,35.72064208984375,54.25001907348633,50.30314254760742,80.0,31.584383010864258,25.072189331054688
2007-12-11,104.79608917236328,45.956459045410156,34.207740783691406,54.99298858642578,50.79053497314453,78.83999633789062,29.918678283691406,25.291475296020508
2007-12-12,105.83045196533203,46.87872314453125,35.23419189453125,54.53337478637695,50.63134002685547,80.48999786376953,29.818012237548828,25.98183250427246
2007-12-13,105.61079406738281,45.92292022705078,34.265750885009766,54.13038635253906,50.341758728027344,78.5,29.479366302490234,25.705692291259766
2007-12-14,104.27175903320312,44.682044982910156,33.44905471801758,53.97297668457031,49.77231979370117,78.5199966430664,28.7380428314209,25.527015686035156
2007-12-17,102.7839126586914,43.731849670410156,32.02317428588867,54.294090270996094,50.2548713684082,78.12999725341797,27.85027313232422,25.402164459228516
2007-12-18,103.3578109741211,44.27961349487305,32.90236282348633,54.40110397338867,50.40930938720703,79.25,28.280426025390625,25.29396629333496
2007-12-19,103.3578109741211,43.91630935668945,33.11656951904297,54.835548400878906,50.804996490478516,79.23999786376953,28.568727493286133,25.535335540771484
2007-12-20,104.00956726074219,44.22930908203125,33.29731369018555,54.747474670410156,50.55891418457031,78.66999816894531,28.449642181396484,25.427133560180664
2007-12-21,105.50894927978516,44.86091613769531,34.30146789550781,54.35075759887695,50.50580978393555,80.0999984741211,29.007848739624023,25.72676658630371
2007-12-24,106.29247283935547,45.044342041015625,34.881614685058594,54.1933479309082,50.25010299682617,80.13999938964844,29.947477340698242,25.918197631835938
2007-12-26,106.52039337158203,45.17046356201172,35.062416076660156,53.9351921081543,50.264549255371094,81.5199966430664,29.449758529663086,26.22615623474121
2007-12-27,105.18133544921875,44.89531326293945,34.25332260131836,54.29732894897461,50.562660217285156,81.55999755859375,28.863637924194336,26.317710876464844
2007-12-28,104.91777801513672,45.279361724853516,34.38214874267578,54.73335266113281,50.722633361816406,83.0,28.35660171508789,26.234477996826172
2007-12-31,104.14138793945312,44.99849319458008,33.96856689453125,54.98615646362305,50.81953811645508,82.45999908447266,28.589183807373047,26.26776885986328
2008-01-02,103.22966766357422,44.83797836303711,33.40806198120117,55.37790298461914,51.42063522338867,84.86000061035156,28.500816345214844,26.991880416870117
2008-01-03,103.17980194091797,44.91249465942383,33.70865249633789,55.491703033447266,51.25094223022461,85.56999969482422,27.612333297729492,27.199960708618164
2008-01-04,100.65125274658203,43.89216613769531,32.6961555480957,55.637054443359375,51.672645568847656,85.12999725341797,26.49127960205078,27.04182243347168
2008-01-07,100.56581115722656,43.93802261352539,32.93570327758789,55.738155364990234,51.6096305847168,84.7699966430664,26.737810134887695,26.550758361816406
2008-01-08,98.94181060791016,43.691524505615234,32.680320739746094,55.858192443847656,51.51274108886719,86.77999877929688,25.812137603759766,26.792125701904297
2008-01-09,99.98170471191406,44.00681686401367,33.75159454345703,55.769771575927734,51.40607833862305,86.55000305175781,26.26799201965332,26.525787353515625
2008-01-10,100.63699340820312,43.96094512939453,34.14936065673828,55.61810302734375,51.255836486816406,88.25,26.67269515991211,26.400938034057617
2008-01-11,99.82499694824219,43.083900451660156,33.1888313293457,55.9720344543457,51.629051208496094,88.58000183105469,26.677356719970703,26.642309188842773
2008-01-14,100.6298828125,43.77178192138672,33.677005767822266,55.99725341796875,51.415802001953125,89.54000091552734,26.565702438354492,26.97523307800293
2008-01-15,98.4146957397461,42.35016632080078,32.15372848510742,56.363800048828125,51.69209671020508,87.98999786376953,26.026107788085938,26.642309188842773
2008-01-16,97.56708526611328,41.49605941772461,30.8157901763916,56.25639724731445,51.614532470703125,86.69999694824219,26.323814392089844,26.392616271972656
2008-01-17,95.03852844238281,40.87124252319336,29.918550491333008,56.71135711669922,51.85688781738281,86.5,25.965639114379883,26.051366806030273
2008-01-18,94.062744140625,41.106258392333984,30.601085662841797,56.62921142578125,51.769630432128906,87.41999816894531,25.621421813964844,26.151248931884766
2008-01-22,93.1082763671875,39.959815979003906,29.83266258239746,57.26112747192383,51.88108825683594,88.16999816894531,26.23543357849121,26.059690475463867
2008-01-23,95.34479522705078,39.724788665771484,30.022491455078125,56.995731353759766,51.949012756347656,87.88999938964844,28.724082946777344,25.568628311157227
2008-01-24,96.14970397949219,41.117740631103516,30.6055965423584,56.47753143310547,51.50785827636719,90.08000183105469,28.04960060119629,26.20118522644043
2008-01-25,94.76073455810547,40.521575927734375,30.14002799987793,57.00202941894531,52.06532669067383,90.30000305175781,27.886775970458984,26.783803939819336
2008-01-28,96.32775115966797,40.97442626953125,30.885845184326172,56.79350662231445,52.0507698059082,91.75,28.831064224243164,26.90865135192871
2008-01-29,96.80499267578125,41.220909118652344,30.73442268371582,56.5660400390625,51.96353530883789,91.1500015258789,28.570589065551758,27.13337516784668
2008-01-30,96.09265899658203,41.031742095947266,30.32987403869629,56.54075622558594,51.95380401611328,92.05999755859375,27.807710647583008,26.900325775146484
2008-01-31,97.84490203857422,41.467403411865234,30.937833786010742,56.83142852783203,52.12350845336914,91.4000015258789,28.365909576416016,27.033493041992188
2008-02-01,99.41902160644531,42.1610107421875,31.554821014404297,57.01589584350586,52.34457778930664,89.3499984741211,29.55207633972168,26.559078216552734
2008-02-04,98.16542053222656,41.73109436035156,31.652008056640625,56.69894790649414,52.2033805847168,89.0999984741211,29.245075225830078,27.025175094604492
2008-02-05,95.53711700439453,39.816505432128906,29.94792366027832,57.09833526611328,52.38355255126953,87.68000030517578,28.212400436401367,26.80044937133789
2008-02-06,94.76788330078125,39.78211212158203,29.45749855041504,56.996925354003906,52.10111618041992,88.94999694824219,27.751874923706055,26.675601959228516
2008-02-07,95.3946762084961,39.58147048950195,29.95696258544922,56.356666564941406,51.50215148925781,89.8499984741211,28.407785415649414,27.00020408630371
2008-02-08,94.78213500976562,39.17448425292969,29.900468826293945,56.83210754394531,51.69691467285156,91.0,27.500699996948242,27.80754852294922
2008-02-11,95.26646423339844,39.380855560302734,30.271114349365234,56.9588508605957,51.85276412963867,91.33000183105469,26.942501068115234,27.990657806396484
2008-02-12,96.14970397949219,40.2292366027832,30.759292602539062,56.83843231201172,51.7796745300293,89.33000183105469,27.71002769470215,27.424684524536133
2008-02-13,97.1325912475586,40.504398345947266,31.45085906982422,56.59751892089844,51.25865173339844,89.44000244140625,27.928647994995117,27.6494083404541
2008-02-14,96.27790069580078,40.320945739746094,31.046314239501953,56.28691101074219,51.14666748046875,89.70999908447266,27.407669067382812,28.20705795288086
2008-02-15,96.25656127929688,40.46998977661133,31.267791748046875,56.40740203857422,51.31217956542969,89.1500015258789,27.630949020385742,28.07388687133789
2008-02-19,96.5271987915039,40.865509033203125,31.676868438720703,56.00164794921875,50.805789947509766,91.58000183105469,27.56117057800293,28.989431381225586
2008-02-20,96.81212615966797,40.653419494628906,31.941286087036133,55.95092010498047,50.917762756347656,93.23999786376953,27.7332763671875,29.139245986938477
2008-02-21,96.00721740722656,40.57890319824219,31.49379539489746,56.527801513671875,51.268375396728516,93.25,26.97970199584961,28.981107711791992
2008-02-22,96.59838104248047,41.09479522705078,31.916425704956055,56.36929702758789,51.06874465942383,93.38999938964844,27.742584228515625,29.380615234375
2008-02-25,97.81639862060547,41.74828338623047,32.510826110839844,55.995262145996094,50.742431640625,92.73999786376953,28.589183807373047,29.66360092163086
2008-02-26,98.55005645751953,42.367366790771484,32.940223693847656,56.134708404541016,51.10768508911133,93.70999908447266,28.584537506103516,30.29616355895996
2008-02-27,98.45033264160156,42.50495529174805,33.21821212768555,56.26787185668945,51.0589714050293,94.77999877929688,28.449642181396484,30.254547119140625
2008-02-28,97.48878479003906,42.09794998168945,32.86112976074219,56.92719268798828,51.4290771484375,95.98999786376953,27.863544464111328,30.545856475830078
2008-02-29,95.31634521484375,41.043209075927734,31.554821014404297,57.535762786865234,51.75535202026367,96.18000030517578,27.463478088378906,30.046463012695312
2008-03-03,95.08839416503906,41.16358184814453,31.72658348083496,57.38949966430664,51.75436782836914,97.23999786376953,27.65419578552246,30.487592697143555
2008-03-04,94.72517395019531,40.53877258300781,30.98981285095215,57.17327117919922,51.45112991333008,95.18000030517578,27.393709182739258,30.37939453125
2008-03-05,95.32343292236328,41.02602005004883,31.640701293945312,56.92531204223633,51.089317321777344,97.72000122070312,27.770490646362305,31.04524040222168
2008-03-06,93.35044860839844,40.44132614135742,30.55587387084961,57.383140563964844,51.020851135253906,96.5,26.50524139404297,31.278291702270508
2008-03-07,92.38888549804688,39.96554183959961,30.133251190185547,57.580223083496094,50.9132194519043,96.08999633789062,26.937850952148438,30.96200942993164
2008-03-10,91.17092895507812,39.76491165161133,29.604393005371094,57.993587493896484,50.9034423828125,95.87000274658203,26.556407928466797,31.544626235961914
2008-03-11,94.44737243652344,41.02029037475586,31.595504760742188,57.364044189453125,50.32151412963867,95.98999786376953,28.28218650817871,32.03569412231445
2008-03-12,93.56415557861328,41.02029037475586,31.010149002075195,58.025386810302734,50.92790222167969,97.01000213623047,27.686763763427734,32.38526153564453
2008-03-13,93.77068328857422,41.08906173706055,30.727638244628906,57.72013473510742,50.37532043457031,98.33999633789062,28.012386322021484,32.418556213378906
2008-03-14,92.3176498413086,40.097381591796875,29.6383056640625,58.31789779663086,50.3459587097168,98.70999908447266,27.444873809814453,32.3769416809082
2008-03-17,91.38459777832031,39.48976135253906,28.906042098999023,58.61043930053711,50.756736755371094,99.16999816894531,27.612333297729492,31.078533172607422
2008-03-18,95.18099975585938,40.69927215576172,30.40897560119629,58.209808349609375,50.66383743286133,96.5,28.826417922973633,31.769350051879883
2008-03-19,92.82335662841797,39.22608184814453,28.582857131958008,58.71213912963867,50.88390350341797,93.04000091552734,28.607803344726562,30.39603614807129
2008-03-20,94.54273986816406,39.816505432128906,29.064245223999023,58.83928680419922,51.152835845947266,89.91000366210938,29.561391830444336,29.17253875732422
2008-03-24,96.43241882324219,40.54450988769531,30.178449630737305,57.80280685424805,51.055023193359375,90.0999984741211,30.226581573486328,29.705219268798828
2008-03-25,96.52550506591797,41.13492202758789,30.641756057739258,58.00627517700195,51.28491973876953,92.7300033569336,30.303932189941406,30.004850387573242
2008-03-26,95.34442901611328,41.13492202758789,30.393163681030273,58.0507926940918,51.34843063354492,93.80000305175781,29.72268295288086,30.903743743896484
2008-03-27,95.0438003540039,41.10054016113281,30.246252059936523,57.97450637817383,51.0355110168457,93.45999908447266,29.478931427001953,31.244997024536133
2008-03-28,94.13469696044922,41.066139221191406,30.192007064819336,58.20341491699219,51.30937194824219,91.87999725341797,29.132064819335938,30.504241943359375
2008-03-31,94.46400451660156,41.21518325805664,30.370555877685547,58.305198669433594,51.446266174316406,90.41000366210938,29.24457359313965,29.771804809570312
2008-04-01,97.78527069091797,42.51640701293945,31.53673553466797,57.795379638671875,51.36420822143555,86.86000061035156,30.908594131469727,29.605342864990234
2008-04-02,97.8497085571289,42.60813903808594,31.559341430664062,57.60390853881836,51.452667236328125,89.2699966430664,30.758590698242188,30.487592697143555
2008-04-03,98.09308624267578,42.73424530029297,31.943553924560547,57.60390853881836,51.477210998535156,89.41999816894531,31.46170425415039,30.654052734375
2008-04-04,97.9857177734375,42.87754440307617,31.81472396850586,58.044219970703125,52.10134506225586,90.25,30.964847564697266,30.870454788208008
2008-04-07,98.03582000732422,43.141231536865234,32.237361907958984,57.66136932373047,52.16033935546875,91.16999816894531,30.678913116455078,31.203384399414062
2008-04-08,97.93561553955078,42.688377380371094,32.061065673828125,57.6677360534668,51.973575592041016,90.3499984741211,30.63672637939453,31.328227996826172
2008-04-09,97.22693634033203,42.338706970214844,31.56159210205078,58.01228332519531,51.821258544921875,92.29000091552734,29.86800193786621,31.85258674621582
2008-04-10,97.36299133300781,42.20685958862305,32.01361083984375,57.78261947631836,51.87040328979492,91.7699966430664,30.158613204956055,31.711088180541992
2008-04-11,95.47325134277344,41.63937759399414,31.491540908813477,58.03147888183594,51.91952133178711,91.30000305175781,29.788299560546875,31.586240768432617
2008-04-14,95.151123046875,41.73109436035156,31.416950225830078,57.88469696044922,51.600067138671875,91.11000061035156,29.6148738861084,31.802642822265625
2008-04-15,95.37306213378906,42.023433685302734,31.78534698486328,57.62310028076172,51.49199295043945,91.66000366210938,29.91486358642578,32.185508728027344
2008-04-16,97.95704650878906,43.347599029541016,32.725528717041016,57.23386764526367,51.1971321105957,93.2699966430664,31.12890625,32.493465423583984
2008-04-17,98.10025024414062,42.8660888671875,32.48822784423828,57.09988784790039,51.32979965209961,92.55999755859375,31.241405487060547,32.34365463256836
2008-04-18,99.123779296875,43.169898986816406,32.978660583496094,57.04249572753906,51.55582809448242,90.62000274658203,31.06327247619629,32.360294342041016
2008-04-21,99.1739273071289,43.50809860229492,33.145896911621094,57.04880142211914,51.38880157470703,90.25,30.833606719970703,32.40190887451172
2008-04-22,98.73731994628906,43.05523681640625,32.83854293823242,57.093528747558594,51.27577590942383,90.2699966430664,30.758590698242188,32.601661682128906
2008-04-23,98.57984161376953,43.27880859375,33.310882568359375,57.036075592041016,51.433021545410156,89.22000122070312,31.142963409423828,32.2937126159668
2008-04-24,99.00930786132812,42.997928619384766,32.88372039794922,56.58942413330078,51.36420822143555,87.22000122070312,31.761690139770508,31.75270652770996
2008-04-25,99.92555236816406,43.35332489013672,33.12555694580078,56.512916564941406,51.38880157470703,87.2699966430664,31.9398136138916,32.335323333740234
2008-04-28,99.947021484375,43.60554885864258,33.06227493286133,56.61494064331055,51.63449478149414,87.69000244140625,31.897632598876953,32.41022872924805
2008-04-29,99.5533218383789,43.22147750854492,32.4769287109375,56.71702194213867,51.796669006347656,85.80999755859375,31.550764083862305,31.627859115600586
2008-04-30,98.96634674072266,43.45650863647461,33.145896911621094,56.895694732666016,52.08659362792969,86.6500015258789,31.11015510559082,31.569597244262695
2008-05-01,101.01354217529297,43.72018051147461,33.49846649169922,56.88930892944336,52.39412307739258,83.98999786376953,31.780441284179688,30.837162017822266
2008-05-02,101.2927017211914,43.84056854248047,33.819393157958984,56.42844772338867,52.08810043334961,84.58000183105469,31.7523193359375,31.619537353515625
2008-05-05,100.80596923828125,43.91509246826172,33.794532775878906,56.51168441772461,52.162139892578125,86.2699966430664,31.663267135620117,32.27706527709961
2008-05-06,101.67926788330078,44.241825103759766,34.17196273803711,56.33243179321289,51.82649612426758,86.62999725341797,31.883573532104492,32.701541900634766
2008-05-07,99.8682861328125,43.46798324584961,33.15494155883789,56.55644607543945,51.964656829833984,85.81999969482422,31.016395568847656,32.75980758666992
2008-05-08,99.61056518554688,43.84629440307617,33.4962043762207,56.92123794555664,52.19667053222656,87.23999786376953,30.82889175415039,33.29248046875
2008-05-09,99.42445373535156,43.49662780761719,33.22273635864258,56.985267639160156,52.19667053222656,87.41999816894531,30.6601619720459,33.80851745605469
2008-05-12,100.54109954833984,43.932289123535156,33.64988327026367,56.88930892944336,52.147315979003906,86.98999786376953,31.396081924438477,33.234222412109375
2008-05-13,100.55537414550781,43.78324508666992,33.81035232543945,56.415626525878906,51.85118103027344,85.38999938964844,31.522640228271484,33.41733169555664
2008-05-14,100.76301574707031,43.78324508666992,33.89171600341797,56.39643859863281,51.88079071044922,85.19999694824219,31.71950912475586,32.8763313293457
2008-05-15,102.02278900146484,44.52846145629883,34.612667083740234,56.71010971069336,52.22636032104492,87.0,32.1038818359375,33.25086975097656
2008-05-16,102.1158447265625,45.00996017456055,35.05337142944336,56.61408996582031,52.157188415527344,89.0999984741211,31.93512725830078,33.73360824584961
2008-05-19,102.39501953125,44.826515197753906,35.0601692199707,56.74205017089844,52.16706848144531,89.38999938964844,31.986679077148438,33.78354263305664
2008-05-20,101.5646743774414,44.41379928588867,34.45220947265625,56.91488265991211,52.18679428100586,90.9000015258789,31.555452346801758,34.2496452331543
2008-05-21,99.8468017578125,43.90935516357422,34.101898193359375,56.780517578125,51.95976638793945,91.95999908447266,30.796091079711914,35.2484130859375
2008-05-22,99.8611068725586,44.419525146484375,34.20133590698242,56.40927505493164,51.3871955871582,90.9800033569336,30.533607482910156,34.74070739746094
2008-05-23,98.52256774902344,43.91509246826172,33.60468673706055,56.65888977050781,51.624107360839844,91.2300033569336,30.388296127319336,34.80729293823242
2008-05-27,99.2526626586914,43.82911682128906,33.55043411254883,56.38363265991211,51.31315994262695,89.36000061035156,30.805469512939453,34.2496452331543
2008-05-28,99.71076965332031,43.8233642578125,34.0024528503418,55.961219787597656,50.98248291015625,89.13999938964844,30.857013702392578,34.46604537963867
2008-05-29,100.21185302734375,43.72593307495117,34.07704544067383,55.698787689208984,50.73566436767578,86.51000213623047,31.189836502075195,33.52553176879883
2008-05-30,100.46237182617188,43.97240447998047,34.194557189941406,55.8843994140625,50.938053131103516,87.44999694824219,31.044525146484375,33.75025939941406
2008-06-02,99.42445373535156,43.51383590698242,33.787750244140625,56.216468811035156,51.11306381225586,87.95999908447266,30.52423858642578,34.199703216552734
2008-06-03,98.8447036743164,43.42211151123047,33.17753601074219,56.51192092895508,51.31142044067383,86.87999725341797,30.725778579711914,33.392356872558594
2008-06-04,98.7945556640625,43.169898986816406,32.888248443603516,56.306434631347656,51.152732849121094,86.6500015258789,30.885143280029297,32.892974853515625
2008-06-05,100.77014923095703,43.88643264770508,33.934654235839844,56.01091003417969,50.87999725341797,86.44999694824219,31.592952728271484,34.141441345214844
2008-06-06,97.55625915527344,42.625328063964844,32.70518493652344,56.49909591674805,51.132911682128906,89.05999755859375,30.27110481262207,35.01536560058594
2008-06-09,97.79246520996094,42.5679931640625,32.62156295776367,56.09438705444336,51.08827209472656,87.98999786376953,29.671127319335938,35.37326431274414
2008-06-10,97.3056869506836,41.84573745727539,31.86897087097168,55.76042938232422,50.79568099975586,85.55000305175781,29.6851806640625,35.23176956176758
2008-06-11,95.8741226196289,41.312625885009766,31.39208984375,55.81822204589844,50.775882720947266,87.0199966430664,29.23519515991211,36.53017807006836
2008-06-12,96.23914337158203,41.169315338134766,31.575166702270508,55.330055236816406,50.34453201293945,85.5999984741211,29.53517723083496,36.52185821533203
2008-06-13,97.45601654052734,41.54765701293945,31.916425704956055,55.20164108276367,50.08171081542969,85.83000183105469,30.02737045288086,36.28880310058594
2008-06-16,97.51326751708984,41.759735107421875,32.02490234375,55.2080192565918,50.26021194458008,87.01000213623047,30.42580795288086,36.255516052246094
2008-06-17,97.04090118408203,41.88587188720703,32.1605110168457,55.39427185058594,50.42387008666992,87.25,29.563304901123047,36.621734619140625
2008-06-18,96.09597778320312,41.541927337646484,32.004573822021484,55.69620132446289,50.67669677734375,88.27999877929688,29.12738800048828,37.121116638183594
2008-06-19,96.21769714355469,41.461673736572266,32.054298400878906,55.37503433227539,50.413944244384766,88.41999816894531,29.802364349365234,36.255516052246094
2008-06-20,94.65592193603516,40.55595397949219,31.007898330688477,55.6319694519043,50.44369888305664,88.94999694824219,29.132064819335938,36.505210876464844
2008-06-23,94.5623779296875,40.55022430419922,31.098289489746094,55.606285095214844,50.42387008666992,87.08999633789062,28.410215377807617,36.763221740722656
2008-06-24,94.37537384033203,40.36680603027344,30.960426330566406,55.901756286621094,50.39408874511719,87.47000122070312,28.428266525268555,36.771549224853516
2008-06-25,94.82137298583984,40.797847747802734,31.580368041992188,55.895347595214844,50.43373107910156,87.41999816894531,28.89375877380371,36.63005065917969
2008-06-26,92.2459945678711,39.76401138305664,30.4968318939209,56.210079193115234,50.4734001159668,90.61000061035156,27.929519653320312,37.845237731933594
2008-06-27,91.74243927001953,39.869171142578125,30.791723251342773,56.486236572265625,50.42387008666992,91.47000122070312,27.711034774780273,37.945106506347656
2008-06-30,92.06615447998047,40.10863494873047,31.024885177612305,56.52483367919922,50.280025482177734,91.4000015258789,27.749027252197266,37.27093505859375
2008-07-01,92.35391235351562,39.67642593383789,30.471694946289062,56.371421813964844,50.25709533691406,92.66000366210938,27.725292205810547,37.928462982177734
2008-07-02,90.77127838134766,39.045616149902344,29.60304069519043,56.50674819946289,50.222259521484375,93.16999816894531,27.383291244506836,38.65257263183594
2008-07-03,90.86478424072266,39.29676818847656,29.518451690673828,56.526065826416016,50.15751266479492,92.05999755859375,27.103044509887695,38.63592529296875
2008-07-07,89.93679809570312,38.958011627197266,29.413297653198242,56.79029846191406,50.39157485961914,91.2300033569336,26.495040893554688,38.11156463623047
2008-07-08,91.53379821777344,39.16243362426758,29.774473190307617,56.93215560913086,50.66548538208008,90.86000061035156,28.47101593017578,36.72993087768555
2008-07-09,89.7713394165039,38.654293060302734,29.173276901245117,57.202762603759766,50.70036315917969,91.5,26.52829933166504,36.704959869384766
2008-07-10,90.1382064819336,38.98720932006836,29.701326370239258,57.22213363647461,50.411529541015625,93.52999877929688,27.04129409790039,37.703739166259766
2008-07-11,89.08792114257812,38.37392807006836,29.50243377685547,56.687198638916016,50.0230712890625,95.16000366210938,26.908287048339844,38.228092193603516
2008-07-14,88.28224182128906,38.29216384887695,29.46587371826172,56.99011993408203,50.04799270629883,95.91000366210938,25.972558975219727,38.24474334716797
2008-07-15,87.03768920898438,37.67886734008789,28.974395751953125,57.19630813598633,50.03800964355469,96.16999816894531,25.720808029174805,37.02956771850586
2008-07-16,89.17423248291016,38.37392807006836,29.811054229736328,56.67427062988281,49.644596099853516,94.44000244140625,27.597043991088867,36.463600158691406
2008-07-17,90.0662612915039,38.958011627197266,29.950498580932617,56.40363693237305,49.47532653808594,94.22000122070312,27.929519653320312,35.6063117980957
2008-07-18,90.62741088867188,39.20914840698242,29.692184448242188,56.21031951904297,49.385623931884766,94.16999816894531,27.977025985717773,34.99872589111328
2008-07-21,90.67774963378906,39.43694305419922,30.06022071838379,56.339176177978516,49.4404296875,95.12000274658203,28.186025619506836,35.4232063293457
2008-07-22,91.70645141601562,39.571285247802734,30.07851219177246,56.14583969116211,49.7591438293457,93.05999755859375,28.941253662109375,34.64915466308594
2008-07-23,92.20280456542969,39.717308044433594,30.12194061279297,56.0556526184082,49.584835052490234,90.56999969482422,29.75824546813965,33.86677551269531
2008-07-24,90.28926849365234,38.99304962158203,29.00869369506836,56.53895950317383,50.0230712890625,91.33000183105469,27.78703498840332,33.891746520996094
2008-07-25,90.26770782470703,39.07482147216797,29.207555770874023,56.21031951904297,49.7591438293457,91.69000244140625,28.243019104003906,33.4672737121582
2008-07-28,88.94403076171875,38.42064666748047,28.71379280090332,56.53255844116211,50.04799270629883,91.7300033569336,27.78227996826172,33.63372802734375
2008-07-29,90.84318542480469,38.80030822753906,30.304821014404297,56.371421813964844,49.923465728759766,90.58999633789062,29.074254989624023,33.25086975097656
2008-07-30,92.46183776855469,39.16243362426758,29.98935890197754,56.480960845947266,50.16249465942383,89.5199966430664,28.974502563476562,33.90839767456055
2008-07-31,91.2388687133789,38.776947021484375,29.317291259765625,56.93215560913086,50.47624969482422,90.08000183105469,28.61351776123047,33.62541198730469
2008-08-01,90.75689697265625,38.19870376586914,29.118412017822266,56.96053695678711,50.29412841796875,89.56999969482422,28.63727378845215,33.25086975097656
2008-08-04,89.91519927978516,37.83657455444336,28.226884841918945,56.9217643737793,50.299163818359375,88.13999938964844,28.219270706176758,32.152217864990234
2008-08-05,92.33953094482422,38.794456481933594,28.59035301208496,56.63075256347656,50.079002380371094,86.08000183105469,29.487497329711914,31.927494049072266
2008-08-06,92.74956512451172,38.806156158447266,29.159568786621094,56.65015411376953,50.15403366088867,86.63999938964844,29.34501075744629,31.586240768432617
2008-08-07,91.36835479736328,38.02932357788086,28.158313751220703,57.18048858642578,50.56930160522461,86.08999633789062,28.570764541625977,31.761028289794922
2008-08-08,93.06609344482422,38.18701934814453,28.226884841918945,57.154537200927734,50.61930465698242,84.43000030517578,29.402009963989258,30.870454788208008
2008-08-11,94.0300521850586,38.1519775390625,27.932003021240234,56.876502990722656,50.3891716003418,81.12999725341797,30.351987838745117,30.837162017822266
2008-08-12,93.05169677734375,37.8774528503418,27.698837280273438,57.27094268798828,50.69438552856445,80.5199966430664,29.67275047302246,30.570823669433594
2008-08-13,92.49057006835938,37.28170394897461,27.691978454589844,57.148109436035156,50.42924499511719,81.55999755859375,29.240495681762695,31.594568252563477
2008-08-14,93.18839263916016,37.13568878173828,28.055442810058594,57.32269287109375,50.57429122924805,79.3499984741211,29.71074104309082,31.31990623474121
2008-08-15,93.6416015625,36.8903694152832,27.616548538208008,57.536109924316406,50.689369201660156,77.62999725341797,29.66799545288086,30.895423889160156
2008-08-18,92.36111450195312,36.70347213745117,27.15020751953125,57.67837905883789,50.70937728881836,78.80000305175781,29.25949478149414,31.07021141052246
2008-08-19,91.35398864746094,36.28876495361328,26.923900604248047,57.59431457519531,50.629356384277344,80.43000030517578,28.537521362304688,31.552949905395508
2008-08-20,91.77839660644531,36.5048828125,27.609676361083984,57.762454986572266,50.634334564208984,80.05999755859375,28.580265045166016,31.802642822265625
2008-08-21,91.9366455078125,36.65089797973633,27.568546295166016,57.63957214355469,50.334171295166016,82.30000305175781,28.072021484375,33.16763687133789
2008-08-22,93.26751708984375,36.82029342651367,27.547956466674805,57.47145462036133,50.35420227050781,81.08000183105469,29.026748657226562,32.044010162353516
2008-08-25,91.37555694580078,36.242034912109375,26.978771209716797,57.85295486450195,50.679351806640625,80.93000030517578,28.148019790649414,31.860904693603516
2008-08-26,91.64171600341797,36.42311477661133,27.026765823364258,57.87238311767578,50.739356994628906,81.2300033569336,28.480510711669922,31.87755012512207
2008-08-27,92.53374481201172,36.76771545410156,27.602827072143555,57.9564208984375,50.659358978271484,81.36000061035156,28.765514373779297,32.177188873291016
2008-08-28,93.65599060058594,37.240821838378906,27.794841766357422,57.87238311767578,50.649322509765625,82.18000030517578,29.49699592590332,31.544626235961914
2008-08-29,92.64884185791016,37.12984085083008,27.465667724609375,57.80124282836914,50.549285888671875,81.70999908447266,29.292760848999023,31.428102493286133
2008-09-02,92.07331085205078,36.55744552612305,26.635866165161133,58.11597442626953,50.748817443847656,79.19999694824219,29.482742309570312,30.612436294555664
2008-09-03,91.99420166015625,36.40558624267578,26.19696617126465,58.25868225097656,50.849361419677734,78.88999938964844,29.948246002197266,30.43765640258789
2008-09-04,89.2245864868164,34.84609603881836,24.9899845123291,58.55063247680664,50.86439514160156,78.38999938964844,29.107511520385742,30.004850387573242
2008-09-05,89.50515747070312,34.71760559082031,25.34659194946289,58.420841217041016,50.81415939331055,78.9800033569336,29.112258911132812,29.705219268798828
2008-09-08,91.35398864746094,35.494415283203125,25.662057876586914,58.42738723754883,50.89955520629883,78.86000061035156,30.370983123779297,29.638633728027344
2008-09-09,88.64188385009766,34.34378433227539,24.221912384033203,58.693389892578125,51.075462341308594,76.48999786376953,29.23575782775879,28.556631088256836
2008-09-10,89.00161743164062,34.67670822143555,24.6127986907959,58.5442008972168,51.05538558959961,74.22000122070312,29.28799819946289,28.59824562072754
2008-09-11,90.28926849365234,34.60078811645508,24.24933433532715,58.440303802490234,50.65835189819336,73.08000183105469,29.7344913482666,28.356874465942383
2008-09-12,90.70652770996094,35.2783203125,25.05856704711914,58.148345947265625,50.27139663696289,75.55000305175781,29.639497756958008,28.548307418823242
2008-09-15,86.3902587890625,33.77722930908203,23.090360641479492,59.264366149902344,49.899471282958984,77.55999755859375,27.929519653320312,27.424684524536133
2008-09-16,87.83618927001953,33.52608108520508,23.289241790771484,59.09562301635742,46.733333587646484,76.79000091552734,29.307003021240234,26.867034912109375
2008-09-17,83.88678741455078,32.246952056884766,21.636499404907227,59.62773895263672,44.5923957824707,85.45999908447266,27.620777130126953,27.67437744140625
2008-09-18,86.37588500976562,33.71299362182617,23.4606876373291,58.92697525024414,45.20050811767578,82.80000305175781,29.967233657836914,27.724315643310547
2008-09-19,89.80619049072266,36.101863861083984,26.38213539123535,57.8758659362793,46.612728118896484,85.9800033569336,30.860227584838867,28.63985824584961
2008-09-22,87.77298736572266,34.869449615478516,24.660804748535156,57.752601623535156,46.88910675048828,89.18000030517578,28.266775131225586,29.630311965942383
2008-09-23,85.77606964111328,34.37884521484375,23.892730712890625,57.752601623535156,46.40667724609375,88.31999969482422,28.45676040649414,29.339000701904297
2008-09-24,86.05099487304688,34.478126525878906,24.167051315307617,57.901798248291016,46.28606033325195,86.70999908447266,28.260440826416016,29.097631454467773
2008-09-25,87.3967514038086,35.27247619628906,25.40831184387207,57.72661209106445,46.48706817626953,86.44999694824219,28.611703872680664,29.605342864990234
2008-09-26,87.4402084350586,34.89866638183594,24.544227600097656,57.68768310546875,45.23067092895508,86.63999938964844,29.497108459472656,29.255769729614258
2008-09-29,80.58824157714844,31.002857208251953,21.677648544311523,58.49226760864258,41.109649658203125,89.56999969482422,27.293243408203125,27.441328048706055
2008-09-30,83.92378234863281,32.88358688354492,23.43325424194336,57.72016143798828,45.125118255615234,85.06999969482422,29.256521224975586,28.20705795288086
2008-10-01,83.97442626953125,32.6382942199707,23.714431762695312,58.12704086303711,45.541622161865234,85.97000122070312,28.549148559570312,27.549528121948242
2008-10-02,80.92829895019531,31.213130950927734,21.636499404907227,58.45262908935547,44.88027572631836,82.33000183105469,26.706192016601562,26.026397705078125
2008-10-03,79.83576202392578,31.090476989746094,21.06730079650879,58.67394256591797,44.86007308959961,82.58999633789062,25.55132484436035,25.418811798095703
2008-10-06,75.7694091796875,29.332399368286133,19.483139038085938,59.149208068847656,44.34010314941406,84.27999877929688,24.786226272583008,24.336807250976562
2008-10-07,72.37600708007812,27.959815979003906,17.967552185058594,59.10363006591797,45.16805648803711,87.2699966430664,22.659358978271484,24.636438369750977
2008-10-08,70.55268859863281,27.334857940673828,17.967552185058594,58.348419189453125,44.84492111206055,89.41999816894531,22.346580505371094,24.994333267211914
2008-10-09,65.6253662109375,25.699426651000977,16.64398765563965,57.7624626159668,43.648494720458984,89.9000015258789,20.57579803466797,23.82909393310547
2008-10-10,64.03355407714844,24.741544723510742,16.836015701293945,57.08540344238281,41.24540710449219,83.22000122070312,22.54387092590332,22.77206039428711
2008-10-13,73.33111572265625,28.672405242919922,20.669544219970703,56.694725036621094,43.51721954345703,81.98999786376953,23.97782325744629,24.037172317504883
2008-10-14,72.2457504272461,28.08246612548828,19.640871047973633,56.42777633666992,42.83567810058594,82.19999694824219,22.346580505371094,23.596046447753906
2008-10-15,65.13334655761719,25.086158752441406,16.465682983398438,56.89003372192383,42.83567810058594,83.30999755859375,19.478670120239258,22.522363662719727
2008-10-16,67.84661865234375,26.563861846923828,17.2749080657959,56.903072357177734,43.28498458862305,79.29000091552734,20.609481811523438,22.097885131835938
2008-10-17,67.44147491455078,25.997314453125,16.733139038085938,57.2611083984375,42.91646957397461,77.20999908447266,20.388126373291016,22.34758186340332
2008-10-20,71.49330139160156,27.656091690063477,17.90583610534668,57.319786071777344,44.22397994995117,78.5,20.53729248046875,22.797025680541992
2008-10-21,69.35884857177734,26.096609115600586,16.479402542114258,57.92520523071289,44.663185119628906,76.02999877929688,19.834758758544922,21.98136329650879
2008-10-22,65.58195495605469,24.192516326904297,14.744367599487305,58.368003845214844,44.14823913574219,71.70999908447266,18.43448829650879,20.94097328186035
2008-10-23,66.3416976928711,24.724027633666992,15.155838012695312,58.44606399536133,44.42594528198242,70.6500015258789,17.953296661376953,21.024202346801758
2008-10-24,62.9771842956543,23.12364387512207,13.59224796295166,58.19869613647461,44.602622985839844,72.20999908447266,16.93316650390625,20.183568954467773
2008-10-27,60.741451263427734,21.908767700195312,13.235641479492188,58.166107177734375,44.314857482910156,72.18000030517578,15.970779418945312,20.033750534057617
2008-10-28,67.83943939208984,24.928451538085938,16.006210327148438,57.69731521606445,44.02206039428711,73.79000091552734,18.468172073364258,20.58307647705078
2008-10-29,67.34741973876953,24.986858367919922,15.498724937438965,57.781978607177734,44.76416778564453,74.0,17.813745498657227,21.798255920410156
2008-10-30,69.67719268798828,25.862974166870117,17.590368270874023,57.33930587768555,44.43099594116211,72.70999908447266,18.766511917114258,20.89935874938965
2008-10-31,70.0606689453125,26.0323543548584,17.439498901367188,57.22211456298828,44.24921798706055,71.33999633789062,19.974300384521484,21.132404327392578
2008-11-03,70.2632827758789,26.137495040893555,17.281774520874023,57.3136100769043,44.61198043823242,71.0999984741211,19.319875717163086,20.89935874938965
2008-11-04,72.65097045898438,27.930620193481445,18.85907745361328,57.99970245361328,44.916404724121094,75.4800033569336,20.402565002441406,21.84819221496582
2008-11-05,69.59761810302734,26.412004470825195,16.45882797241211,58.30678939819336,45.7890510559082,72.80000305175781,18.395992279052734,21.2822208404541
2008-11-06,65.74114990234375,24.706504821777344,15.629030227661133,58.13037109375,46.10363006591797,72.22000122070312,17.534652709960938,20.35003089904785
2008-11-07,67.9117431640625,26.102449417114258,16.89772605895996,57.921302795410156,45.7789192199707,72.5,18.646215438842773,20.374998092651367
2008-11-10,67.02182006835938,25.71112060546875,17.055456161499023,57.98006057739258,45.79917907714844,73.58000183105469,16.97647476196289,20.508169174194336
2008-11-11,64.95246124267578,24.86420440673828,15.992488861083984,58.195701599121094,45.94631576538086,72.05000305175781,16.740694046020508,20.11698341369629
2008-11-12,62.09442901611328,23.52666664123535,14.806085586547852,58.555118560791016,45.93619918823242,70.0,15.542516708374023,19.52604103088379
2008-11-13,65.9654312133789,25.530054092407227,16.856582641601562,58.13037109375,45.621612548828125,72.1500015258789,17.250755310058594,19.892255783081055
2008-11-14,62.673316955566406,24.06402015686035,15.23813533782959,58.705379486083984,45.61149597167969,73.30000305175781,15.30673885345459,19.767410278320312
2008-11-17,61.84126281738281,23.62595558166504,14.984387397766113,58.95368576049805,45.941280364990234,72.6500015258789,14.753360748291016,19.317962646484375
2008-11-18,63.00613021850586,23.666839599609375,14.76494312286377,59.41111755371094,45.99708938598633,72.51000213623047,14.613818168640137,19.026655197143555
2008-11-19,58.96877670288086,22.0839900970459,13.489385604858398,60.0515022277832,46.06813049316406,72.26000213623047,12.650554656982422,18.810251235961914
2008-11-20,54.591331481933594,20.869108200073242,12.522424697875977,61.260353088378906,45.56584548950195,73.44999694824219,11.649675369262695,17.85309600830078
2008-11-21,57.536170959472656,22.352672576904297,14.326041221618652,60.698394775390625,46.093475341796875,78.8499984741211,12.50619125366211,18.161048889160156
2008-11-24,61.522865295410156,23.69019889831543,15.196982383728027,60.12991714477539,45.890533447265625,80.91000366210938,14.633064270019531,19.409517288208008
2008-11-25,61.978721618652344,24.122419357299805,14.908953666687012,61.162357330322266,46.10870361328125,80.87000274658203,14.864043235778809,18.760316848754883
2008-11-26,64.37361907958984,24.38525390625,16.04735565185547,61.53480911254883,45.865177154541016,80.37999725341797,15.667627334594727,19.35957908630371
2008-11-28,65.18402099609375,24.37358283996582,15.738751411437988,61.65896224975586,45.73325729370117,80.30999755859375,15.436659812927246,18.518945693969727
2008-12-01,59.41014099121094,22.38187026977539,14.223170280456543,62.49355697631836,46.448123931884766,75.6500015258789,12.424394607543945,17.94464683532715
2008-12-02,61.69652557373047,23.596750259399414,15.121551513671875,62.8213996887207,46.79999923706055,76.94999694824219,14.0748872756958,17.952972412109375
2008-12-03,63.179786682128906,23.91215705871582,15.244989395141602,62.91971206665039,47.12633514404297,76.18000030517578,14.864043235778809,17.74489402770996
2008-12-04,61.718223571777344,23.176212310791016,14.59349536895752,63.3131103515625,47.172237396240234,75.5,14.455026626586914,16.812705993652344
2008-12-05,63.62114334106445,23.4682559967041,15.4575834274292,62.6443977355957,46.850990295410156,74.5199966430664,15.985215187072754,16.396547317504883
2008-12-08,65.84243774414062,24.583845138549805,16.445110321044922,62.4083251953125,47.33540344238281,76.19999694824219,17.476919174194336,17.15395164489746
2008-12-09,64.75709533691406,24.356054306030273,16.218809127807617,62.93937683105469,47.65666198730469,76.33000183105469,15.961159706115723,16.7794132232666
2008-12-10,65.1984634399414,24.9985408782959,17.185760498046875,62.88041305541992,47.768836975097656,79.75,17.33255958557129,17.28712272644043
2008-12-11,63.62839126586914,24.8875675201416,16.746858596801758,63.26063919067383,47.9320068359375,80.6500015258789,14.859227180480957,17.83644676208496
2008-12-12,64.38809204101562,25.132877349853516,16.98002052307129,63.437660217285156,48.19208526611328,80.80999755859375,16.413482666015625,18.22763442993164
2008-12-15,63.49092483520508,25.197128295898438,16.75371742248535,63.5753288269043,48.17678451538086,82.5999984741211,15.840860366821289,17.7119197845459
2008-12-16,66.4791488647461,26.645639419555664,18.09099769592285,64.5849838256836,49.16598892211914,84.45999908447266,17.780071258544922,17.96554946899414
2008-12-17,65.8351821899414,26.51130485534668,17.775535583496094,65.0242691040039,49.89517593383789,85.43000030517578,18.10727310180664,17.72037124633789
2008-12-18,64.60517120361328,25.699426651000977,17.384639739990234,65.4635238647461,51.10368347167969,83.87000274658203,16.601150512695312,17.449831008911133
2008-12-19,64.32723999023438,25.32562828063965,17.44635772705078,65.24722290039062,50.343902587890625,82.62999725341797,17.765628814697266,17.331470489501953
2008-12-22,63.50300598144531,25.15039825439453,16.79486083984375,65.07669830322266,50.950714111328125,83.45999908447266,17.096773147583008,16.841115951538086
2008-12-23,62.846527099609375,24.961706161499023,16.655773162841797,65.04396057128906,51.11896514892578,82.62999725341797,17.00053596496582,16.908750534057617
2008-12-24,63.21126174926758,25.292953491210938,16.77400016784668,64.9783706665039,51.2464714050293,83.45999908447266,17.200712203979492,16.646665573120117
2008-12-26,63.57597732543945,25.411258697509766,16.71836280822754,65.32583618164062,51.343360900878906,85.5999984741211,17.447851181030273,16.908750534057617
2008-12-29,63.393585205078125,25.41717529296875,16.690549850463867,65.46992492675781,51.50309753417969,86.3499984741211,16.444477081298828,17.09474754333496
2008-12-30,64.89620208740234,26.180227279663086,17.135622024536133,65.56208038330078,51.95368576049805,85.9000015258789,17.101858139038086,17.19620132446289
2008-12-31,65.82256317138672,26.535127639770508,17.36511993408203,64.83822631835938,52.0510139465332,86.5199966430664,18.016265869140625,17.914823532104492
2009-01-02,67.80657196044922,26.878202438354492,18.192699432373047,63.91035842895508,51.51845932006836,86.2300033569336,17.44290542602539,18.540447235107422
2009-01-05,67.7263412475586,26.4464111328125,18.42914581298828,63.79847717285156,51.87178039550781,84.4800033569336,17.12163543701172,18.734895706176758
2009-01-06,68.1785659790039,26.730329513549805,18.846412658691406,63.7590217590332,51.95882034301758,85.12999725341797,17.976728439331055,19.225250244140625
2009-01-07,66.13621520996094,26.268943786621094,17.761524200439453,63.77220153808594,51.52362060546875,82.75,17.373714447021484,18.244543075561523
2009-01-08,66.40608215332031,26.659347534179688,17.68502426147461,63.94327926635742,51.89223861694336,84.45999908447266,17.245203018188477,18.312177658081055
2009-01-09,64.98372650146484,25.73658561706543,17.302532196044922,64.2393798828125,52.537479400634766,83.91999816894531,16.360450744628906,18.100818634033203
2009-01-12,63.42277526855469,25.115503311157227,16.57232666015625,64.64076232910156,52.26609420776367,80.76000213623047,15.401556015014648,17.280744552612305
2009-01-13,63.53950119018555,24.65412712097168,16.621004104614258,64.68685913085938,52.15342712402344,80.87999725341797,15.86617374420166,17.568193435668945
2009-01-14,61.540897369384766,23.642642974853516,15.814292907714844,65.04882049560547,51.923004150390625,79.79000091552734,15.035796165466309,17.323015213012695
2009-01-15,61.56277847290039,23.8555850982666,15.99510383605957,64.99616241455078,52.02540588378906,80.38999938964844,15.530074119567871,17.306106567382812
2009-01-16,62.04417419433594,23.99755096435547,16.168970108032227,64.3973388671875,52.02540588378906,82.70999908447266,16.11825180053711,17.382198333740234
2009-01-20,58.76909637451172,22.240766525268555,14.965856552124023,64.29859924316406,51.257328033447266,84.5199966430664,14.314153671264648,16.841115951538086
2009-01-21,61.30746841430664,23.329147338867188,15.779520988464355,63.72610092163086,51.001258850097656,84.1500015258789,15.811807632446289,16.908750534057617
2009-01-22,60.35921859741211,22.784950256347656,15.257939338684082,63.304954528808594,50.81179428100586,84.58000183105469,14.94682502746582,16.68893814086914
2009-01-23,60.621829986572266,22.625247955322266,15.452668190002441,63.3181037902832,50.473846435546875,88.52999877929688,15.401556015014648,17.466739654541016
2009-01-26,61.037601470947266,23.06888198852539,15.633476257324219,63.16020202636719,50.023258209228516,88.94999694824219,15.312588691711426,17.500560760498047
2009-01-27,61.65758514404297,23.518428802490234,15.911649703979492,63.574737548828125,50.96541213989258,88.37999725341797,15.530074119567871,17.02711296081543
2009-01-28,63.74374771118164,24.21048927307129,16.71836280822754,63.166748046875,51.369991302490234,87.41999816894531,16.874488830566406,17.43292236328125
2009-01-29,61.672210693359375,23.110292434692383,15.869929313659668,62.344200134277344,50.755470275878906,89.5,15.495471954345703,17.22156524658203
2009-01-30,60.417606353759766,22.89142417907715,15.751705169677734,62.31787109375,51.11394119262695,91.30999755859375,14.857855796813965,17.12010955810547
2009-02-02,60.2352409362793,22.66665267944336,15.591753005981445,62.823402404785156,50.867454528808594,88.83999633789062,15.21867561340332,16.79039192199707
2009-02-03,61.08135223388672,23.31730842590332,16.057701110839844,62.282203674316406,50.697593688964844,88.47000122070312,15.065451622009277,16.595937728881836
2009-02-04,60.78229904174805,23.19900894165039,16.175922393798828,61.96548080444336,50.718196868896484,89.18000030517578,14.699687004089355,16.68893814086914
2009-02-05,61.6867790222168,23.530254364013672,16.516685485839844,62.11061096191406,50.275691986083984,90.12000274658203,14.388301849365234,17.060932159423828
2009-02-06,63.44466781616211,24.074440002441406,17.344261169433594,61.7345085144043,50.574134826660156,89.58999633789062,15.386734008789062,17.187746047973633
2009-02-09,63.53219223022461,24.06853485107422,17.253854751586914,61.60909652709961,50.66676330566406,88.31999969482422,15.61409854888916,17.09474754333496
2009-02-10,60.621829986572266,22.873672485351562,16.210697174072266,62.434024810791016,50.91374969482422,90.20999908447266,14.225190162658691,16.87493324279785
2009-02-11,60.979244232177734,23.12211799621582,16.697498321533203,62.91575241088867,51.08872604370117,92.29000091552734,14.497039794921875,16.773483276367188
2009-02-12,61.02300262451172,23.051132202148438,16.593189239501953,62.89591598510742,51.129905700683594,93.16999816894531,14.249902725219727,16.798847198486328
2009-02-13,60.36650848388672,22.802692413330078,16.6766357421875,62.40105438232422,50.73879623413086,92.55000305175781,13.375041961669922,16.494487762451172
2009-02-17,57.78437805175781,21.590106964111328,15.612615585327148,63.45032501220703,51.01666259765625,95.44999694824219,12.426033020019531,15.572959899902344
2009-02-18,57.64581298828125,21.57236099243164,15.501351356506348,62.988346099853516,50.764549255371094,96.91000366210938,12.603972434997559,15.479962348937988
2009-02-19,57.02578353881836,21.542783737182617,15.355302810668945,62.638572692871094,50.34767150878906,95.7699966430664,12.06026554107666,15.8604097366333
2009-02-20,56.471431732177734,21.229280471801758,14.965856552124023,62.816734313964844,50.13671112060547,97.80000305175781,12.821455001831055,15.682867050170898
2009-02-23,54.45098114013672,20.418914794921875,14.597270965576172,62.87616729736328,49.96687698364258,97.7300033569336,11.857621192932129,15.53069019317627
2009-02-24,56.51520538330078,21.270689010620117,15.397021293640137,62.638572692871094,49.78678512573242,94.7300033569336,12.86099624633789,15.826593399047852
2009-02-25,56.070274353027344,20.685094833374023,15.132767677307129,62.07106399536133,49.107521057128906,93.1500015258789,12.61385726928711,16.012588500976562
2009-02-26,55.15850067138672,20.513561248779297,15.000628471374512,61.91270446777344,48.793643951416016,93.05999755859375,11.96635627746582,16.35076332092285
2009-02-27,53.925758361816406,20.513561248779297,14.764182090759277,61.85991668701172,48.45398712158203,92.62999725341797,11.808188438415527,16.156314849853516
2009-03-02,51.496822357177734,19.336454391479492,13.867064476013184,62.48054122924805,48.460235595703125,90.93000030517578,11.071723937988281,15.344691276550293
2009-03-03,51.1102294921875,19.259559631347656,14.061786651611328,62.401126861572266,48.1963996887207,90.04000091552734,11.1162109375,15.446146011352539
2009-03-04,52.32106399536133,20.11724281311035,15.049307823181152,62.08353805541992,48.180908203125,88.98999786376953,11.294149398803711,15.987226486206055
2009-03-05,50.183876037597656,19.306873321533203,14.430368423461914,62.81134033203125,48.05158996582031,91.98999786376953,10.597227096557617,15.851953506469727
2009-03-06,50.27140808105469,19.271387100219727,14.673773765563965,62.51365661621094,48.15501022338867,92.29000091552734,10.45388126373291,16.232402801513672
2009-03-09,49.68057632446289,18.7508602142334,14.388642311096191,62.54010009765625,46.83088684082031,90.56999969482422,10.686189651489258,16.139402389526367
2009-03-10,52.64198303222656,20.01077651977539,15.55698013305664,62.08353805541992,47.50848388671875,88.13999938964844,12.173956871032715,16.09713363647461
2009-03-11,52.984832763671875,20.123157501220703,15.55698013305664,62.5268440246582,47.524024963378906,89.22000122070312,11.976242065429688,15.58987045288086
2009-03-12,55.07093811035156,20.578622817993164,16.155059814453125,62.705509185791016,47.48261260986328,91.0999984741211,12.954901695251465,16.316946029663086
2009-03-13,55.50131607055664,20.714672088623047,16.24547004699707,62.659202575683594,47.922306060791016,91.30000305175781,12.678109169006348,16.1732234954834
2009-03-16,55.33354187011719,20.93944549560547,16.259376525878906,62.30187225341797,47.98953628540039,90.80000305175781,11.679676055908203,16.528305053710938
2009-03-17,57.02578353881836,21.489551544189453,16.614044189453125,62.18277359008789,47.860206604003906,90.04000091552734,12.564433097839355,16.88338851928711
2009-03-18,58.30228042602539,22.104717254638672,16.961767196655273,64.31327056884766,48.87919998168945,93.08999633789062,13.251469612121582,17.09474754333496
2009-03-19,57.580162048339844,22.092893600463867,16.850496292114258,64.09496307373047,48.982601165771484,94.3499984741211,12.4408597946167,17.449831008911133
2009-03-20,56.35405349731445,21.785297393798828,16.621004104614258,64.09496307373047,48.48607635498047,93.58999633789062,11.368290901184082,17.686555862426758
2009-03-23,60.401920318603516,23.35279655456543,18.157928466796875,63.87666320800781,48.63606643676758,92.08000183105469,13.206981658935547,18.05854606628418
2009-03-24,59.21178436279297,22.619333267211914,17.59461784362793,63.784027099609375,48.15501022338867,90.94999694824219,12.188780784606934,17.762643814086914
2009-03-25,59.836212158203125,22.96832847595215,17.85888671875,63.40021896362305,47.922306060791016,91.9800033569336,12.389394760131836,17.49210548400879
2009-03-26,61.05573272705078,23.275911331176758,18.34569549560547,63.565643310546875,48.170570373535156,91.93000030517578,12.666609764099121,17.79646110534668
2009-03-27,59.95378494262695,22.53060531616211,17.80324935913086,63.525943756103516,48.32059860229492,90.69000244140625,12.10208511352539,17.466739654541016
2009-03-30,57.8820915222168,21.67291831970215,16.885271072387695,63.797264099121094,48.28435134887695,89.9800033569336,11.441789627075195,16.83266258239746
2009-03-31,58.418365478515625,22.23484992980957,17.253854751586914,63.90971755981445,48.68262481689453,90.27999877929688,12.238174438476562,16.908750534057617
2009-04-01,59.54972839355469,22.814529418945312,17.82411003112793,64.0662841796875,48.60932540893555,91.02999877929688,12.172654151916504,16.866479873657227
2009-04-02,61.290809631347656,23.8437557220459,18.790775299072266,63.64830017089844,48.62488555908203,88.80000305175781,13.054729461669922,17.517465591430664
2009-04-03,61.900577545166016,23.979806900024414,19.0202693939209,62.91836929321289,48.32322311401367,87.58999633789062,14.17874526977539,17.788007736206055
2009-04-06,61.415687561035156,23.482942581176758,18.783817291259766,62.772361755371094,48.297245025634766,85.2699966430664,14.017448425292969,17.568193435668945
2009-04-07,59.98314666748047,22.991985321044922,18.35264778137207,62.93163299560547,48.27641296386719,86.73999786376953,12.969040870666504,17.255380630493164
2009-04-08,60.62964630126953,23.22266960144043,18.623870849609375,63.24348831176758,48.76012420654297,86.61000061035156,13.160575866699219,17.382198333740234
2009-04-09,63.03922653198242,23.8437557220459,19.437530517578125,62.8719596862793,49.08781814575195,86.30999755859375,14.924732208251953,17.635828018188477
2009-04-13,63.053924560546875,24.080364227294922,19.555755615234375,63.24348831176758,49.56109619140625,87.87999725341797,14.970097541809082,17.7119197845459
2009-04-14,61.9666862487793,23.849674224853516,19.242801666259766,63.56864929199219,49.691104888916016,87.37000274658203,13.699905395507812,17.390653610229492
2009-04-15,62.62785339355469,24.163166046142578,19.520984649658203,63.62831497192383,50.076011657714844,87.5,14.889452934265137,17.280744552612305
2009-04-16,63.54612731933594,24.31696891784668,19.687891006469727,63.37620544433594,50.289207458496094,85.80999755859375,15.388448715209961,17.20465660095215
2009-04-17,63.97227478027344,24.23415184020996,19.54880714416504,62.86531066894531,50.22684097290039,85.22000122070312,15.665674209594727,17.07784080505371
2009-04-20,61.290809631347656,23.240413665771484,18.59605598449707,63.30321502685547,49.951175689697266,86.94999694824219,14.052730560302734,16.435306549072266
2009-04-21,62.488258361816406,23.772775650024414,18.99245262145996,63.057674407958984,50.10723114013672,86.88999938964844,15.297723770141602,16.494487762451172
2009-04-22,62.10626220703125,23.583492279052734,18.832504272460938,62.90510177612305,49.98238754272461,87.37999725341797,14.763436317443848,16.519853591918945
2009-04-23,62.71601104736328,24.175010681152344,19.124588012695312,62.89185333251953,49.94078826904297,88.80000305175781,15.4287748336792,16.739662170410156
2009-04-24,63.663673400878906,24.547657012939453,19.486215591430664,62.646324157714844,50.04999923706055,89.72000122070312,16.159635543823242,16.99329376220703
2009-04-27,63.06130599975586,24.2578125,18.832504272460938,62.90510177612305,49.98756408691406,89.01000213623047,15.191871643066406,16.57057762145996
2009-04-28,62.862911224365234,24.027130126953125,18.76991081237793,62.599822998046875,49.82634735107422,87.75,15.3934907913208,16.45221519470215
2009-04-29,64.20001220703125,24.64229393005371,19.75743865966797,62.261451721191406,50.065589904785156,88.33000183105469,16.063865661621094,16.83266258239746
2009-04-30,64.22200012207031,24.796091079711914,19.93824577331543,62.155277252197266,50.03439712524414,87.2699966430664,15.993302345275879,16.891841888427734
2009-05-01,64.5672836303711,25.0859317779541,20.23033332824707,61.955562591552734,50.158817291259766,86.94999694824219,15.46910285949707,17.399105072021484
2009-05-04,66.76386260986328,26.126985549926758,21.62816619873047,62.01548767089844,50.27898406982422,88.63999938964844,16.744325637817383,17.737281799316406
2009-05-05,66.53610229492188,25.866708755493164,21.433446884155273,62.002220153808594,50.441017150878906,88.25,16.119314193725586,17.4836483001709
2009-05-06,67.68948364257812,26.493722915649414,21.802026748657227,62.02886199951172,50.66573715209961,89.54000091552734,16.734249114990234,17.948638916015625
2009-05-07,66.74915313720703,26.050085067749023,21.259586334228516,61.509639739990234,50.17967987060547,89.44000244140625,15.776567459106445,17.98245620727539
2009-05-08,68.30658721923828,27.179868698120117,21.96893310546875,61.58290481567383,50.4985237121582,89.9800033569336,16.83001708984375,18.430538177490234
2009-05-11,67.02832794189453,26.487808227539062,21.45431137084961,62.16191482543945,50.65006637573242,89.69000244140625,16.189878463745117,18.278362274169922
2009-05-12,66.82998657226562,26.771730422973633,21.6073055267334,62.12204360961914,50.79121017456055,90.69999694824219,16.144512176513672,18.464357376098633
2009-05-13,65.14766693115234,25.86079978942871,20.814496994018555,62.40814971923828,50.69710922241211,91.08999633789062,15.086021423339844,18.25299835205078
2009-05-14,65.70598602294922,26.115158081054688,21.113542556762695,62.41484832763672,50.8121337890625,91.02999877929688,15.443896293640137,18.371362686157227
2009-05-15,65.16970825195312,25.878551483154297,20.91881561279297,62.261749267578125,50.8016471862793,91.55000305175781,14.924732208251953,17.906370162963867
2009-05-18,67.02098083496094,26.86637306213379,22.080202102661133,61.89570617675781,50.72842788696289,90.36000061035156,16.12435531616211,18.37981414794922
2009-05-19,66.940185546875,27.108888626098633,22.330564498901367,61.80918884277344,50.93230438232422,90.95999908447266,15.816880226135254,18.37981414794922
2009-05-20,66.49202728271484,27.286344528198242,22.40010643005371,62.002220153808594,51.22499084472656,92.25,15.690879821777344,18.675716400146484
2009-05-21,65.5369873046875,27.079309463500977,21.98284339904785,61.323326110839844,50.702335357666016,93.8499984741211,15.736244201660156,18.523536682128906
2009-05-22,65.3974609375,27.233108520507812,22.080202102661133,60.96392059326172,50.634376525878906,94.1500015258789,15.34813117980957,18.794076919555664
2009-05-26,67.07241821289062,27.777292251586914,22.344470977783203,60.55793380737305,50.61347961425781,93.76000213623047,16.260446548461914,18.83635139465332
2009-05-27,65.8749771118164,27.239017486572266,22.087156295776367,59.87244415283203,50.26328659057617,93.44999694824219,15.670711517333984,18.92089080810547
2009-05-28,66.79325103759766,27.51703453063965,22.768686294555664,60.18526840209961,50.45146560668945,94.23999786376953,15.887453079223633,19.26752281188965
2009-05-29,67.97600555419922,28.067136764526367,23.116405487060547,60.86408233642578,51.193572998046875,96.19999694824219,16.411659240722656,19.639514923095703
2009-06-01,69.62158966064453,28.759204864501953,24.09002113342285,59.870845794677734,51.17681884765625,95.7300033569336,17.2534122467041,20.18059539794922
2009-06-02,69.6803970336914,29.007627487182617,23.7423095703125,60.071083068847656,51.55500411987305,96.36000061035156,16.895545959472656,20.265138626098633
2009-06-03,68.79879760742188,28.144033432006836,22.900819778442383,60.43822479248047,51.817649841308594,94.41000366210938,16.86529541015625,19.588788986206055
2009-06-04,69.4452896118164,28.321483612060547,23.325040817260742,59.737327575683594,51.59178924560547,96.2300033569336,17.40461540222168,20.307411193847656
2009-06-05,69.4599609375,27.972488403320312,23.37372589111328,59.143218994140625,51.31864547729492,93.70999908447266,17.359262466430664,20.1975040435791
2009-06-08,69.17347717285156,27.91334342956543,23.012088775634766,58.84283447265625,51.21358871459961,93.55999755859375,17.041711807250977,20.146780014038086
2009-06-09,69.52610778808594,28.256425857543945,23.053821563720703,59.09650802612305,51.602291107177734,93.83000183105469,17.041711807250977,20.34122657775879
2009-06-10,69.34977722167969,28.309656143188477,23.345903396606445,58.74272155761719,51.44995880126953,93.86000061035156,16.744325637817383,20.265138626098633
2009-06-11,69.65834045410156,28.79469108581543,23.84661865234375,59.143218994140625,51.62855529785156,93.69999694824219,16.40158462524414,20.451135635375977
2009-06-12,69.84933471679688,28.646827697753906,23.46413230895996,59.456966400146484,52.01203918457031,92.16999816894531,16.99634552001953,20.163686752319336
2009-06-15,68.24783325195312,27.61759376525879,22.62264060974121,59.72395324707031,52.027740478515625,91.0999984741211,16.189878463745117,19.7747859954834
2009-06-16,67.32218933105469,27.298171997070312,22.28188133239746,60.05781173706055,51.99623107910156,91.93000030517578,15.892498016357422,19.69869613647461
2009-06-17,67.25605773925781,27.375064849853516,22.031522750854492,59.89752197265625,52.05925750732422,92.3499984741211,15.59006404876709,19.757877349853516
2009-06-18,67.74825286865234,27.327741622924805,21.96893310546875,59.16990661621094,51.39741134643555,91.61000061035156,15.695915222167969,19.783239364624023
2009-06-19,67.99797821044922,27.759550094604492,22.080202102661133,59.443599700927734,51.78619384765625,91.9000015258789,15.852168083190918,19.614152908325195
2009-06-22,65.95893096923828,26.86637306213379,21.28044319152832,59.7640380859375,51.975215911865234,90.54000091552734,15.02553653717041,18.9547119140625
2009-06-23,66.0106201171875,27.219751358032227,21.418560028076172,59.957603454589844,52.39542770385742,90.91999816894531,15.136427879333496,19.28443145751953
2009-06-24,66.57952117919922,27.24391746520996,21.888303756713867,59.73063278198242,52.311378479003906,91.44999694824219,15.466877937316895,19.275976181030273
2009-06-25,68.02753448486328,27.817800521850586,22.540321350097656,60.47830581665039,52.72111511230469,92.30999755859375,15.671802520751953,19.445066452026367
2009-06-26,67.85021209716797,27.763427734375,22.65950584411621,60.55836868286133,52.74741744995117,92.29000091552734,15.805002212524414,19.28443145751953
2009-06-29,68.48558807373047,27.99901580810547,22.827768325805664,60.685245513916016,52.68960189819336,92.04000091552734,15.794754028320312,19.470430374145508
2009-06-30,67.93150329589844,27.672813415527344,22.59641456604004,60.52501678466797,52.673824310302734,91.18000030517578,15.88697624206543,19.12380027770996
2009-07-01,68.21222686767578,28.13191795349121,23.01006317138672,60.4861946105957,52.602638244628906,92.38999938964844,16.16362762451172,19.04770851135254
2009-07-02,66.35049438476562,27.322450637817383,22.379070281982422,60.687007904052734,52.60790252685547,91.25,15.308059692382812,18.62499237060547
2009-07-06,66.34309387207031,27.358699798583984,22.329992294311523,60.72714614868164,52.73451232910156,90.76000213623047,15.69229507446289,18.06700325012207
2009-07-07,65.0575942993164,26.694211959838867,21.804174423217773,60.9681510925293,52.52348709106445,90.70999908447266,15.082640647888184,17.779552459716797
2009-07-08,65.01325988769531,26.585477828979492,21.551773071289062,61.6710090637207,53.00355911254883,89.2699966430664,14.939186096191406,17.55974006652832
2009-07-09,65.13890075683594,26.91167449951172,21.9373779296875,61.30955505371094,53.024696350097656,89.51000213623047,14.657410621643066,17.669647216796875
2009-07-10,64.98374938964844,26.597564697265625,21.6779727935791,61.691078186035156,53.2357292175293,89.58000183105469,14.636917114257812,17.53437614440918
2009-07-13,66.56474304199219,27.06269073486328,21.832212448120117,61.47014236450195,53.20404815673828,90.19000244140625,15.190217971801758,17.627376556396484
2009-07-14,66.94152069091797,27.207685470581055,22.070575714111328,61.06186294555664,53.088008880615234,90.80999755859375,15.374661445617676,17.627376556396484
2009-07-15,68.89933013916016,28.137958526611328,23.255435943603516,60.27198791503906,52.597328186035156,92.23999786376953,15.943328857421875,18.092365264892578
2009-07-16,68.78846740722656,28.385622024536133,23.297510147094727,60.633453369140625,52.96138381958008,91.9800033569336,16.127761840820312,18.1346378326416
2009-07-17,69.54203796386719,28.282936096191406,23.535884857177734,60.22514724731445,52.79779815673828,91.93000030517578,15.697419166564941,18.405176162719727
2009-07-20,70.28083801269531,28.832643508911133,24.377201080322266,60.445980072021484,53.01415252685547,93.27999877929688,16.250720977783203,18.70953369140625
2009-07-21,70.60588073730469,29.013864517211914,24.307092666625977,61.12211608886719,53.76333236694336,93.12999725341797,16.204608917236328,18.641897201538086
2009-07-22,70.59112548828125,29.08635711669922,24.251007080078125,60.76066207885742,53.6208610534668,93.44000244140625,16.225099563598633,18.743350982666016
2009-07-23,72.14997100830078,29.575672149658203,24.938077926635742,60.17158508300781,53.53118896484375,93.26000213623047,16.870620727539062,19.132251739501953
2009-07-24,72.44547271728516,29.75688362121582,24.818897247314453,60.29874801635742,53.67892837524414,93.41000366210938,16.988462448120117,19.14916229248047
2009-07-27,72.65971374511719,29.787090301513672,25.03622817993164,60.01762390136719,53.55758285522461,93.70999908447266,17.234376907348633,19.225250244140625
2009-07-28,72.31985473632812,29.66023826599121,24.924060821533203,60.13808822631836,53.76333236694336,92.11000061035156,17.21900177001953,19.013891220092773
2009-07-29,72.142578125,29.418601989746094,24.363183975219727,60.17821502685547,54.101009368896484,91.19999694824219,17.003828048706055,18.523536682128906
2009-07-30,72.89615631103516,29.99248504638672,24.96612548828125,60.41925811767578,54.396453857421875,91.62000274658203,17.613487243652344,19.098434448242188
2009-07-31,72.99954986572266,30.451580047607422,25.085308074951172,61.02840805053711,55.11404037475586,93.3499984741211,17.59811019897461,19.4788818359375
2009-08-03,74.20381164550781,31.15834617614746,26.024782180786133,60.37989044189453,54.600887298583984,93.87000274658203,17.915754318237305,20.028417587280273
2009-08-04,74.39591979980469,31.11002540588379,25.786413192749023,60.20530700683594,54.325233459472656,94.68000030517578,18.8942813873291,20.03687286376953
2009-08-05,74.18162536621094,30.983165740966797,25.569067001342773,59.862953186035156,54.335819244384766,94.77999877929688,19.61664581298828,20.24822998046875
2009-08-06,73.79745483398438,30.789857864379883,25.358741760253906,59.862953186035156,54.18743133544922,94.5999984741211,19.468082427978516,19.783239364624023
2009-08-07,74.7652816772461,30.759658813476562,25.61113166809082,59.46681213378906,54.176753997802734,93.75,20.554197311401367,19.690244674682617
2009-08-10,74.61013793945312,30.572383880615234,25.32369041442871,59.84952926635742,54.34640884399414,92.93000030517578,20.113601684570312,19.681787490844727
2009-08-11,73.67925262451172,30.39720916748047,24.846935272216797,60.265777587890625,54.62739181518555,92.79000091552734,19.52955436706543,19.38588523864746
2009-08-12,74.46975708007812,30.741525650024414,25.071285247802734,60.097896575927734,54.150299072265625,92.94999694824219,19.672998428344727,19.487335205078125
2009-08-13,75.03861999511719,31.212718963623047,25.505970001220703,60.56782531738281,54.67505645751953,93.72000122070312,19.77547264099121,19.74942398071289
2009-08-14,74.46237182617188,30.946918487548828,25.04323387145996,60.75584030151367,54.66449737548828,93.0,19.611520767211914,19.19143295288086
2009-08-17,72.63019561767578,29.9501895904541,24.06170654296875,61.17206573486328,54.75462341308594,91.61000061035156,18.5664005279541,18.90398597717285
2009-08-18,73.20645141601562,30.469697952270508,24.58753204345703,60.957218170166016,54.61677169799805,92.05999755859375,18.750831604003906,19.275976181030273
2009-08-19,73.84917449951172,30.729455947875977,24.650634765625,61.18546676635742,54.79170608520508,92.52999877929688,18.60225486755371,19.411245346069336
2009-08-20,74.61013793945312,30.946918487548828,25.078306198120117,61.346614837646484,55.05147933959961,92.2699966430664,19.34511947631836,19.2506160736084
2009-08-21,76.07290649414062,31.62348175048828,25.456897735595703,60.72219467163086,54.80230712890625,93.6500015258789,19.85231590270996,19.394338607788086
2009-08-24,76.06553649902344,31.617446899414062,25.569067001342773,61.09822082519531,55.083274841308594,92.33999633789062,19.785717010498047,19.42815589904785
2009-08-25,76.21328735351562,31.931570053100586,25.512968063354492,61.259307861328125,55.1786994934082,92.76000213623047,20.006010055541992,19.14916229248047
2009-08-26,76.22067260742188,31.798667907714844,25.43585777282715,61.33992385864258,55.54446029663086,92.79000091552734,20.067489624023438,19.098434448242188
2009-08-27,76.39061737060547,32.04029846191406,25.386781692504883,61.17206573486328,55.29001235961914,93.19000244140625,20.262168884277344,19.259071350097656
2009-08-28,76.37586212158203,32.05841064453125,25.253572463989258,61.31304931640625,55.565731048583984,93.87000274658203,20.441482543945312,19.216794967651367
2009-08-31,75.69612884521484,31.822834014892578,24.75579071044922,61.49432373046875,55.83601760864258,93.4000015258789,20.11871910095215,18.692625045776367
2009-09-01,74.02648162841797,31.031490325927734,24.286060333251953,61.653892517089844,55.55588150024414,93.9000015258789,19.0428524017334,18.405176162719727
2009-09-02,73.7457504272461,30.995243072509766,24.545469284057617,61.990440368652344,55.72099685668945,96.19000244140625,18.658615112304688,18.447446823120117
2009-09-03,74.35891723632812,31.23688507080078,25.03622817993164,61.76830291748047,55.81684875488281,97.45999908447266,19.032609939575195,18.354448318481445
2009-09-04,75.40064239501953,31.71410369873047,25.519987106323242,61.39806365966797,55.85417175292969,97.52999877929688,19.252904891967773,18.278362274169922
2009-09-08,76.05078887939453,32.34233856201172,26.045818328857422,61.25661849975586,55.71034240722656,97.43000030517578,19.924047470092773,18.616535186767578
2009-09-09,76.63440704345703,32.741031646728516,26.18603515625,61.3105354309082,55.69437026977539,97.08000183105469,20.313398361206055,18.692625045776367
2009-09-10,77.41752624511719,33.030982971191406,26.529577255249023,61.76830291748047,56.06186294555664,97.69999694824219,20.615676879882812,18.794076919555664
2009-09-11,77.4027328491211,32.988704681396484,26.543594360351562,61.9500732421875,56.56784439086914,98.77999877929688,20.579809188842773,18.54890251159668
2009-09-14,77.779541015625,33.05515670776367,26.445449829101562,61.58652114868164,56.28022003173828,97.95999908447266,21.18946647644043,18.447446823120117
2009-09-15,78.1045913696289,33.06119155883789,26.760927200317383,61.45861053466797,56.24827194213867,98.9000015258789,21.5275936126709,18.87862205505371
2009-09-16,79.28665161132812,33.71360397338867,27.43398666381836,61.411529541015625,56.424041748046875,99.91000366210938,22.40365219116211,19.12380027770996
2009-09-17,79.16845703125,33.496131896972656,27.286752700805664,61.714447021484375,56.70100021362305,99.33999633789062,22.30632209777832,19.132251739501953
2009-09-18,79.21891021728516,33.58673858642578,27.36387062072754,61.3845329284668,56.34414291381836,98.66999816894531,22.337053298950195,18.963167190551758
2009-09-21,79.01851654052734,33.23033905029297,27.12550163269043,61.344181060791016,56.47722625732422,98.36000061035156,21.98867416381836,18.54890251159668
2009-09-22,79.4787368774414,33.689430236816406,27.53915786743164,61.505699157714844,56.610416412353516,99.66999816894531,22.685434341430664,18.853256225585938
2009-09-23,78.81807708740234,33.399471282958984,27.12550163269043,61.64039611816406,56.63710403442383,98.83000183105469,21.865720748901367,18.430538177490234
2009-09-24,77.9495849609375,32.9101676940918,26.59267234802246,61.80869674682617,56.727596282958984,97.55000305175781,21.067428588867188,18.193817138671875
2009-09-25,77.53388214111328,32.771240234375,26.704851150512695,62.05774688720703,56.946014404296875,97.0,21.134689331054688,18.050090789794922
2009-09-28,78.92198181152344,33.21824264526367,27.04838752746582,62.16552734375,57.089778900146484,97.05000305175781,22.009031295776367,18.210725784301758
2009-09-29,78.68446350097656,33.01891326904297,27.111482620239258,62.138580322265625,56.86609649658203,97.43000030517578,21.652050018310547,18.143089294433594
2009-09-30,78.38011932373047,33.030982971191406,27.279747009277344,62.185707092285156,56.818172454833984,98.8499984741211,21.445093154907227,18.650354385375977
2009-10-01,76.4352798461914,32.16715621948242,26.53658676147461,62.65354919433594,56.23609924316406,97.88999938964844,20.4827880859375,18.531993865966797
2009-10-02,76.07897186279297,31.81075668334961,26.543594360351562,62.62649917602539,55.87230682373047,98.37000274658203,20.337919235229492,18.345996856689453
2009-10-05,77.2146987915039,32.26984405517578,27.160564422607422,62.6197624206543,56.171939849853516,99.81999969482422,20.896686553955078,18.937801361083984
2009-10-06,78.32074737548828,32.81351852416992,27.609268188476562,62.4172477722168,56.05423355102539,102.27999877929688,20.83977508544922,18.70953369140625
2009-10-07,78.53602600097656,32.9343376159668,27.581222534179688,62.81551742553711,56.41263961791992,102.36000061035156,20.82425880432129,18.743350982666016
2009-10-08,79.13726043701172,33.41155242919922,27.917747497558594,62.58599090576172,56.097023010253906,103.63999938964844,21.222631454467773,19.115346908569336
2009-10-09,79.61978149414062,33.326988220214844,27.938772201538086,61.985172271728516,55.6048469543457,102.83999633789062,21.403709411621094,19.19143295288086
2009-10-12,79.93156433105469,33.526329040527344,28.170137405395508,62.167457580566406,55.797428131103516,103.55999755859375,21.3726749420166,19.58033561706543
2009-10-13,79.76821899414062,33.453834533691406,28.219215393066406,62.309261322021484,55.9044189453125,104.26000213623047,21.072587966918945,19.80014991760254
2009-10-14,81.14152526855469,34.25727081298828,29.13064956665039,61.88393020629883,55.636898040771484,104.18000030517578,21.843475341796875,19.952327728271484
2009-10-15,81.43841552734375,34.41432571411133,28.969396591186523,61.6814079284668,55.62627029418945,102.86000061035156,21.657228469848633,20.155231475830078
2009-10-16,80.8297348022461,33.894813537597656,28.569759368896484,61.96493911743164,55.669010162353516,103.18000030517578,21.088109970092773,20.205955505371094
2009-10-19,81.49778747558594,34.4384880065918,29.11663246154785,62.05946731567383,55.95256042480469,104.2300033569336,21.54340362548828,20.493408203125
2009-10-20,81.06727600097656,34.25727081298828,28.73102569580078,62.20121383666992,56.31100845336914,103.41999816894531,21.14501953125,20.366592407226562
2009-10-21,80.33980560302734,34.142494201660156,28.576780319213867,62.05946731567383,56.07562255859375,103.75,20.8759822845459,20.797765731811523
2009-10-22,81.15637969970703,34.474735260009766,28.815153121948242,61.87723159790039,56.40727996826172,103.91999816894531,21.424406051635742,20.96685028076172
2009-10-23,80.22848510742188,33.93105697631836,28.576780319213867,61.57341384887695,56.097023010253906,103.48999786376953,21.17089080810547,20.89076042175293
2009-10-26,79.35997772216797,33.41759490966797,28.219215393066406,61.22236251831055,55.86164474487305,101.86000061035156,21.119155883789062,20.51031494140625
2009-10-27,78.99622344970703,33.151798248291016,27.728452682495117,61.748939514160156,56.343101501464844,101.8499984741211,20.813901901245117,20.366592407226562
2009-10-28,77.50418853759766,32.35441589355469,26.45946502685547,61.93795394897461,55.96327209472656,100.7300033569336,19.939546585083008,19.842418670654297
2009-10-29,79.1669692993164,33.308876037597656,27.630290985107422,61.640899658203125,56.03282165527344,102.69000244140625,20.85012435913086,20.459590911865234
2009-10-30,76.87322998046875,32.19736099243164,26.340272903442383,62.09995651245117,56.53569030761719,102.52999877929688,20.487957000732422,19.94387435913086
2009-11-02,77.43739318847656,32.51148986816406,26.732892990112305,61.93655776977539,56.45182800292969,103.94999694824219,20.4827880859375,20.290502548217773
2009-11-03,77.68235778808594,32.38461685180664,26.774953842163086,61.7935905456543,56.193870544433594,106.45999908447266,20.782869338989258,20.577953338623047
2009-11-04,77.8827896118164,32.7108268737793,27.272743225097656,61.6234016418457,56.41423797607422,107.0999984741211,20.337919235229492,20.5610408782959
2009-11-05,79.3154525756836,33.13368225097656,27.8336181640625,61.63706588745117,56.45182800292969,106.9800033569336,20.798389434814453,20.451135635375977
2009-11-06,79.52327728271484,33.23033905029297,27.798561096191406,61.82087326049805,56.60234451293945,107.43000030517578,20.45692253112793,20.087596893310547
2009-11-09,81.3344955444336,34.16061782836914,28.822166442871094,61.8480339050293,56.63456726074219,108.19000244140625,21.465795516967773,20.41731834411621
2009-11-10,81.3493423461914,33.979393005371094,28.68896484375,61.89576721191406,56.596954345703125,108.38999938964844,21.30540657043457,20.31586456298828
2009-11-11,81.7649917602539,34.08208084106445,28.934343338012695,62.07276916503906,56.806541442871094,109.5999984741211,21.70377540588379,20.451135635375977
2009-11-12,80.93363189697266,33.58673858642578,28.28932762145996,62.0931510925293,56.806541442871094,108.20999908447266,21.481313705444336,20.146780014038086
2009-11-13,81.37162780761719,34.057926177978516,28.773086547851562,62.14081573486328,56.97315216064453,109.73999786376953,21.771045684814453,20.12986946105957
2009-11-16,82.55191040039062,34.601585388183594,29.49522590637207,62.47434997558594,57.241859436035156,111.62999725341797,22.298763275146484,20.713220596313477
2009-11-17,82.64839935302734,34.37203598022461,29.390060424804688,62.61058044433594,57.32785415649414,111.97000122070312,21.91073226928711,20.81467628479004
2009-11-18,82.59638214111328,34.26331329345703,29.158695220947266,62.45397186279297,57.13975143432617,112.25,22.30911636352539,20.831581115722656
2009-11-19,81.52009582519531,33.616947174072266,28.618852615356445,62.52890396118164,57.2096061706543,112.30000305175781,21.796920776367188,20.535676956176758
2009-11-20,81.23058319091797,33.42967224121094,28.499652862548828,62.52201843261719,56.940895080566406,112.94000244140625,21.641708374023438,20.51031494140625
2009-11-23,82.26238250732422,34.027713775634766,29.095598220825195,62.433555603027344,56.940895080566406,114.29000091552734,21.91590690612793,20.603315353393555
2009-11-24,82.38858795166016,33.88877487182617,28.934343338012695,62.75343322753906,57.16127395629883,114.7300033569336,21.589963912963867,20.366592407226562
2009-11-25,82.6780776977539,34.34183883666992,29.270870208740234,62.964542388916016,57.37086486816406,116.62000274658203,21.677915573120117,20.856945037841797
2009-11-27,81.3344955444336,33.35114288330078,28.135087966918945,63.25049591064453,57.35470962524414,115.05999755859375,21.046716690063477,20.620222091674805
2009-11-30,81.60916900634766,33.45988082885742,28.40851402282715,63.35262680053711,57.63959503173828,115.63999938964844,21.833131790161133,20.848493576049805
2009-12-01,82.6186752319336,34.37807846069336,29.221784591674805,63.00325012207031,57.35133743286133,117.37999725341797,22.153905868530273,21.000669479370117
2009-12-02,82.58157348632812,34.43244552612305,29.34097671508789,62.87358856201172,57.36210250854492,119.18000030517578,22.516061782836914,20.856945037841797
2009-12-03,81.93575286865234,34.35392379760742,29.06755256652832,62.58022689819336,57.34597396850586,118.69999694824219,22.262542724609375,20.84003448486328
2009-12-04,82.4034194946289,34.233097076416016,29.333967208862305,62.11629867553711,57.10849380493164,113.75,22.919607162475586,20.670949935913086
2009-12-07,82.27726745605469,34.04584503173828,29.081575393676758,62.28681945800781,57.081520080566406,113.11000061035156,22.438459396362305,20.484952926635742
2009-12-08,81.36419677734375,33.453834533691406,28.541725158691406,62.505184173583984,57.324371337890625,110.94999694824219,22.30911636352539,20.282047271728516
2009-12-09,81.66856384277344,33.41155242919922,28.716995239257812,62.382320404052734,56.995147705078125,110.83999633789062,22.262542724609375,20.028417587280273
2009-12-10,82.12876892089844,33.51424789428711,28.88526725769043,62.17082595825195,57.04368591308594,110.81999969482422,22.17459487915039,19.918508529663086
2009-12-11,82.47764587402344,33.502174377441406,28.990434646606445,61.86382293701172,56.77389144897461,109.31999969482422,22.531578063964844,20.019962310791016
2009-12-14,83.04180908203125,33.828372955322266,29.186735153198242,61.86382293701172,57.08686828613281,110.23999786376953,22.9403076171875,20.12986946105957
2009-12-15,82.65579986572266,33.453834533691406,28.88526725769043,61.66596984863281,56.676727294921875,110.20999908447266,22.712665557861328,20.03687286376953
2009-12-16,82.78201293945312,33.84649658203125,29.05352783203125,61.66596984863281,56.89255905151367,111.58999633789062,22.878225326538086,20.383502960205078
2009-12-17,81.78729248046875,33.04910659790039,28.219215393066406,62.2118034362793,57.135475158691406,107.33999633789062,22.738540649414062,20.07068634033203
2009-12-18,82.2500228881836,33.12763977050781,28.296327590942383,61.90476989746094,57.04368591308594,108.94999694824219,22.888566970825195,20.155231475830078
2009-12-21,83.08588409423828,33.22429656982422,28.261301040649414,61.270198822021484,56.76847839355469,106.94999694824219,23.198989868164062,19.960783004760742
2009-12-22,83.38441467285156,33.43520736694336,28.546119689941406,60.99728775024414,56.530975341796875,106.16999816894531,23.44215965270996,20.104507446289062
2009-12-23,83.548583984375,33.7400016784668,28.82881736755371,60.97000503540039,56.70906448364258,106.55000305175781,23.721534729003906,20.459590911865234
2009-12-24,83.94412231445312,33.87409973144531,29.11859893798828,60.75166702270508,56.44462585449219,108.36000061035156,24.064268112182617,20.577953338623047
2009-12-28,84.12322235107422,34.02040481567383,29.217538833618164,60.58793640136719,56.293495178222656,108.55000305175781,24.1795597076416,20.941490173339844
2009-12-29,84.00381469726562,34.07525634765625,29.1129093170166,60.74787139892578,56.4642219543457,107.47000122070312,23.817968368530273,20.89921760559082
2009-12-30,83.97396087646484,33.935054779052734,29.240154266357422,60.857215881347656,56.529293060302734,106.93000030517578,23.854646682739258,20.873857498168945
2009-12-31,83.16797637939453,33.69731903076172,29.339136123657227,60.563289642333984,56.447959899902344,107.30999755859375,23.445890426635742,20.81467628479004
2010-01-04,84.5784912109375,34.581214904785156,30.19456672668457,60.71375274658203,56.74607467651367,109.80000305175781,23.346317291259766,21.33884620666504
2010-01-05,84.8023910522461,34.61168670654297,30.413719177246094,60.980289459228516,57.01704025268555,109.69999694824219,23.32012367248535,21.36421012878418
2010-01-06,84.86210632324219,34.75798797607422,30.477346420288086,60.7342414855957,56.84904098510742,111.51000213623047,23.2781925201416,21.744653701782227
2010-01-07,85.2203140258789,34.623878479003906,30.30061149597168,60.7342414855957,56.919464111328125,110.81999969482422,23.529739379882812,21.47411346435547
2010-01-08,85.5038833618164,34.89818572998047,30.540983200073242,60.80939865112305,57.04416275024414,111.37000274658203,23.356801986694336,21.45720672607422
2010-01-11,85.62329864501953,35.184696197509766,30.477346420288086,60.850433349609375,57.103755950927734,112.8499984741211,23.493051528930664,21.389572143554688
2010-01-12,84.82475280761719,34.77017593383789,29.989540100097656,61.287879943847656,57.212154388427734,110.48999786376953,23.100027084350586,20.933034896850586
2010-01-13,85.54119110107422,35.062774658203125,30.08145523071289,60.99394607543945,56.97369384765625,111.54000091552734,23.566415786743164,20.949941635131836
2010-01-14,85.77257537841797,35.33098602294922,30.003681182861328,61.281089782714844,57.179630279541016,112.02999877929688,23.54546356201172,20.84003448486328
2010-01-15,84.809814453125,34.77627182006836,29.65726089477539,61.554481506347656,57.1579704284668,110.86000061035156,23.367292404174805,20.603315353393555
2010-01-19,85.86958312988281,35.117637634277344,30.25818634033203,61.445072174072266,57.20673751831055,111.5199966430664,23.84418487548828,20.73858642578125
2010-01-20,84.99640655517578,34.2215690612793,29.53001594543457,61.657012939453125,57.16880416870117,108.94000244140625,23.576906204223633,20.349681854248047
2010-01-21,83.3620376586914,33.49007034301758,28.63923454284668,61.882568359375,57.320556640625,107.37000274658203,22.900876998901367,20.096050262451172
2010-01-22,81.50371551513672,32.83781814575195,28.002971649169922,61.937252044677734,57.23385238647461,107.16999816894531,22.324419021606445,19.884693145751953
2010-01-25,81.921630859375,33.24012756347656,28.207983016967773,61.80057144165039,57.22836685180664,107.4800033569336,22.481643676757812,19.97768783569336
2010-01-26,81.57836151123047,33.051170349121094,27.621204376220703,61.92361831665039,57.076637268066406,107.55999755859375,22.272029876708984,19.757877349853516
2010-01-27,81.96642303466797,33.014610290527344,27.550506591796875,61.78006362915039,56.8707275390625,106.52999877929688,22.471166610717773,19.470430374145508
2010-01-28,81.02610778808594,32.45988845825195,27.359628677368164,61.759525299072266,56.789432525634766,106.4800033569336,22.277259826660156,19.402793884277344
2010-01-29,80.14544677734375,31.99051284790039,27.06269645690918,61.99882125854492,57.15254592895508,105.95999908447266,22.151500701904297,19.1829776763916
2010-02-01,81.39176940917969,32.575706481933594,27.790874481201172,61.7861328125,56.89781188964844,108.3499984741211,22.555007934570312,19.647968292236328
2010-02-02,82.37688446044922,33.118228912353516,28.01710319519043,61.88908767700195,57.077430725097656,109.12999725341797,22.86419677734375,20.07068634033203
2010-02-03,81.96642303466797,32.77076721191406,27.85449981689453,61.59416580200195,57.017520904541016,108.69999694824219,22.492124557495117,19.82551383972168
2010-02-04,79.43643951416016,31.43580436706543,26.59609603881836,62.10163879394531,57.01215362548828,104.37000274658203,21.658885955810547,19.166072845458984
2010-02-05,79.60063934326172,31.38094139099121,26.29917335510254,62.300594329833984,56.837921142578125,104.68000030517578,22.057165145874023,18.92089080810547
2010-02-08,79.02600860595703,30.759170532226562,26.0376033782959,62.24568176269531,56.892391204833984,104.04000091552734,21.575037002563477,18.92934799194336
2010-02-09,80.0185775756836,31.728389739990234,26.885953903198242,61.909637451171875,56.7617073059082,105.41000366210938,21.50692367553711,19.26752281188965
2010-02-10,79.86184692382812,31.527240753173828,26.815261840820312,61.738162994384766,56.3208122253418,105.12000274658203,21.548837661743164,19.343610763549805
2010-02-11,80.6977310180664,31.819843292236328,27.522232055664062,61.662715911865234,56.451446533203125,107.12999725341797,21.75321388244629,19.57187843322754
2010-02-12,80.63053131103516,31.545530319213867,27.17580795288086,61.80674743652344,56.516807556152344,107.04000091552734,22.0100040435791,19.461971282958984
2010-02-16,81.89923858642578,32.24654006958008,27.87571144104004,61.943946838378906,56.73994445800781,109.62000274658203,22.63361167907715,20.053781509399414
2010-02-17,82.28732299804688,32.28919982910156,27.974695205688477,61.61472702026367,56.549468994140625,109.25,22.838003158569336,19.952327728271484
2010-02-18,82.77242279052734,32.47208023071289,28.080732345581055,61.395263671875,56.51133346557617,109.9800033569336,23.178630828857422,20.12986946105957
2010-02-19,82.94407653808594,32.27090835571289,27.840368270874023,61.429500579833984,56.71274185180664,109.47000122070312,23.194353103637695,20.24822998046875
2010-02-22,82.95902252197266,32.331871032714844,27.87571144104004,61.38154220581055,56.74538040161133,109.06999969482422,23.25198745727539,20.138322830200195
2010-02-23,81.95148468017578,31.874698638916016,27.23236656188965,61.847930908203125,56.88149642944336,107.88999938964844,23.07381820678711,19.80860137939453
2010-02-24,82.70527648925781,32.07585525512695,27.49394416809082,61.88218688964844,57.12643051147461,107.36000061035156,23.309629440307617,19.969236373901367
2010-02-25,82.5932846069336,31.880788803100586,27.267723083496094,62.10849380493164,57.066532135009766,108.30999755859375,23.398723602294922,19.631059646606445
2010-02-26,82.64554595947266,32.07585525512695,27.543437957763672,62.204566955566406,57.44215393066406,109.43000030517578,23.388242721557617,19.97768783569336
2010-03-01,83.5037841796875,32.32577896118164,28.010038375854492,62.26914978027344,57.515953063964844,109.43000030517578,23.587385177612305,19.7747859954834
2010-03-02,83.73514556884766,32.56961441040039,28.328168869018555,62.3035774230957,57.63618850708008,111.0199966430664,23.59786033630371,19.98614501953125
2010-03-03,83.80976867675781,32.95973587036133,28.363513946533203,62.24162673950195,57.75641632080078,111.62999725341797,23.53498077392578,20.18059539794922
2010-03-04,84.06350708007812,32.8744010925293,28.215059280395508,62.3516960144043,57.78375244140625,110.83000183105469,23.68170738220215,20.003053665161133
2010-03-05,85.26507568359375,33.51445007324219,28.95030403137207,62.05597686767578,57.71269607543945,110.80999755859375,24.3262882232666,20.239778518676758
2010-03-08,85.27999877929688,33.51445007324219,28.971511840820312,61.89096450805664,57.805606842041016,109.87999725341797,24.57259750366211,20.214412689208984
2010-03-09,85.42181396484375,33.43520736694336,29.134119033813477,62.04915237426758,57.750972747802734,109.72000122070312,24.63023567199707,19.994598388671875
2010-03-10,85.80242156982422,33.57541275024414,29.339136123657227,61.945945739746094,57.805606842041016,108.47000122070312,24.850337982177734,20.053781509399414
2010-03-11,86.1606674194336,33.70341491699219,29.3461971282959,61.89096450805664,57.78375244140625,108.5999984741211,24.997074127197266,20.003053665161133
2010-03-12,86.16810607910156,33.928958892822266,29.24724006652832,61.9871940612793,57.90399932861328,107.94999694824219,25.196212768554688,19.884693145751953
2010-03-15,86.19049835205078,33.69123077392578,29.035137176513672,61.9871940612793,57.89308547973633,108.36000061035156,25.13857650756836,19.647968292236328
2010-03-16,86.87706756591797,34.11792755126953,29.409826278686523,62.2279167175293,58.160953521728516,110.4000015258789,25.746461868286133,19.91005516052246
2010-03-17,87.39202117919922,34.3007926940918,29.727962493896484,62.3035774230957,58.37413024902344,109.58999633789062,26.129009246826172,20.087596893310547
2010-03-18,87.3472671508789,34.09964370727539,29.501737594604492,62.138545989990234,58.25931167602539,110.33999633789062,25.98752212524414,20.045324325561523
2010-03-19,86.90515899658203,33.7521858215332,29.119970321655273,62.05597686767578,58.2155876159668,108.27999877929688,25.704538345336914,19.80014991760254
2010-03-22,87.36973571777344,33.84971618652344,29.226024627685547,62.26228713989258,58.308528900146484,107.75,26.02944564819336,19.80014991760254
2010-03-23,87.9842529296875,34.08745193481445,29.431034088134766,62.13169479370117,58.27029800415039,108.31999969482422,25.95607566833496,19.715604782104492
2010-03-24,87.55709075927734,33.52664566040039,28.992727279663086,61.51274490356445,57.83842468261719,106.30000305175781,26.097570419311523,19.495792388916016
2010-03-25,87.41470336914062,33.50836181640625,28.91495704650879,61.285797119140625,57.63067626953125,106.77999877929688,26.161455154418945,19.38588523864746
2010-03-26,87.36225891113281,33.83753204345703,29.056346893310547,61.43022918701172,57.805606842041016,108.58999633789062,26.024185180664062,19.41970443725586
2010-03-29,87.91677856445312,34.12403106689453,29.579498291015625,61.34080123901367,57.75641632080078,108.75,26.10338020324707,19.859329223632812
2010-03-30,87.97673797607422,34.12403106689453,29.692630767822266,61.402740478515625,57.7891960144043,107.97000122070312,26.066417694091797,19.901599884033203
2010-03-31,87.6769790649414,34.12403106689453,29.777456283569336,61.5471076965332,57.816532135009766,108.94999694824219,25.77074432373047,19.884693145751953
2010-04-01,88.2764892578125,34.72750473022461,30.55511474609375,61.41950988769531,57.94227600097656,110.26000213623047,25.902751922607422,20.27359390258789
2010-04-05,88.9958724975586,34.76408767700195,30.830833435058594,60.8678092956543,57.40971755981445,110.88999938964844,26.47296142578125,20.594860076904297
2010-04-06,89.20571899414062,34.66654968261719,30.92273712158203,61.047119140625,57.54697036743164,111.02999877929688,27.080142974853516,20.577953338623047
2010-04-07,88.69612121582031,34.42272186279297,30.654094696044922,61.426414489746094,57.837955474853516,112.48999786376953,26.48354148864746,20.501861572265625
2010-04-08,89.00337982177734,34.38614273071289,30.760128021240234,61.35747528076172,57.72819900512695,112.6500015258789,26.51520538330078,20.46804428100586
2010-04-09,89.587890625,34.83723449707031,30.951011657714844,61.426414489746094,57.7666015625,113.63999938964844,26.890079498291016,20.51031494140625
2010-04-12,89.73027038574219,34.94695281982422,30.70358657836914,61.59193801879883,57.93134307861328,113.01000213623047,26.721113204956055,20.493408203125
2010-04-13,89.79773712158203,34.91646957397461,30.63994598388672,61.70919418334961,58.13993453979492,112.69000244140625,27.37581443786621,20.56949806213379
2010-04-14,90.8168716430664,35.3797492980957,31.092416763305664,61.54366683959961,58.09054946899414,113.02999877929688,27.41805648803711,20.80621910095215
2010-04-15,90.8918228149414,35.35536575317383,30.92273712158203,61.647098541259766,58.18935012817383,113.6500015258789,26.66832160949707,20.882308959960938
2010-04-16,89.44551086425781,34.57511901855469,30.017824172973633,62.019474029541016,58.326656341552734,111.23999786376953,26.055862426757812,20.501861572265625
2010-04-19,89.78271484375,34.48367691040039,29.89763641357422,61.867855072021484,58.178375244140625,111.1500015258789,26.172021865844727,20.239778518676758
2010-04-20,90.58454895019531,34.69702911376953,30.25111198425293,61.8953857421875,58.304664611816406,111.45999908447266,26.615514755249023,20.400407791137695
2010-04-21,90.4197006225586,34.47148895263672,30.15215492248535,62.09539794921875,58.50785446166992,112.30999755859375,27.080142974853516,20.501861572265625
2010-04-22,90.68946838378906,34.160606384277344,30.279399871826172,61.950523376464844,58.37603759765625,111.83999633789062,27.497264862060547,20.552587509155273
2010-04-23,91.28147888183594,34.4166145324707,30.442014694213867,61.778114318847656,58.36506271362305,113.19000244140625,27.861560821533203,20.68785858154297
2010-04-26,90.93677520751953,34.45319747924805,30.442014694213867,61.819515228271484,58.392513275146484,112.75,28.083303451538086,20.58640480041504
2010-04-27,88.78607940673828,33.06946563720703,29.3532772064209,62.39878845214844,58.43098831176758,114.62999725341797,27.185745239257812,20.27359390258789
2010-04-28,89.46050262451172,33.0755500793457,29.6007080078125,62.081565856933594,58.529815673828125,114.30999755859375,27.270217895507812,20.34122657775879
2010-04-29,90.56959533691406,33.587608337402344,30.08852195739746,62.18504333496094,58.67803955078125,114.27999877929688,28.500411987304688,20.501861572265625
2010-04-30,89.03335571289062,33.166996002197266,29.727962493896484,62.564334869384766,58.91959762573242,115.36000061035156,27.61339569091797,20.66249656677246
2010-05-03,90.18741607666016,33.40473175048828,29.890581130981445,62.400428771972656,58.93721008300781,115.7300033569336,28.532089233398438,20.76395034790039
2010-05-04,88.06666564941406,32.08195114135742,28.519058227539062,62.82233428955078,59.00893020629883,114.87000274658203,27.88267707824707,20.205955505371094
2010-05-05,87.54209899902344,31.466278076171875,28.002971649169922,63.06443786621094,58.755348205566406,115.08999633789062,27.507797241210938,19.74942398071289
2010-05-06,84.634521484375,30.064254760742188,26.85767936706543,63.75616455078125,57.784854888916016,118.48999786376953,26.377927780151367,19.36052131652832
2010-05-07,83.37556457519531,29.99720573425293,26.999074935913086,63.5832405090332,57.97234344482422,118.2699966430664,25.93442726135254,19.259071350097656
2010-05-10,87.04753875732422,31.941741943359375,28.943220138549805,63.09904098510742,58.336299896240234,117.56999969482422,27.645092010498047,19.631059646606445
2010-05-11,86.80021667480469,31.423612594604492,28.420066833496094,63.175106048583984,58.39689254760742,120.66000366210938,27.80877113342285,19.597244262695312
2010-05-12,88.01419830322266,31.77716827392578,28.773561477661133,63.01599884033203,58.37488555908203,121.4000015258789,28.257543563842773,19.757877349853516
2010-05-13,86.92011260986328,31.362651824951172,28.504913330078125,63.18892288208008,58.545745849609375,120.55999755859375,27.798208236694336,19.588788986206055
2010-05-14,85.34644317626953,30.47266960144043,27.918128967285156,63.597068786621094,58.52920150756836,120.37000274658203,26.916471481323242,19.089981079101562
2010-05-17,85.39138793945312,30.51534080505371,27.748458862304688,63.458744049072266,58.62847137451172,119.36000061035156,26.95342254638672,18.54890251159668
2010-05-18,84.22986602783203,29.85700798034668,27.168745040893555,63.92221450805664,58.815975189208984,119.48999786376953,26.272335052490234,18.523536682128906
2010-05-19,83.75025939941406,29.972824096679688,26.907161712646484,63.97754669189453,58.84905242919922,116.62999725341797,26.029462814331055,18.354448318481445
2010-05-20,80.5879135131836,28.930450439453125,25.57099723815918,64.60009002685547,58.71669006347656,115.83999633789062,24.69365882873535,17.974002838134766
2010-05-21,81.76441192626953,29.637550354003906,26.398151397705078,64.63465881347656,58.61747360229492,115.22000122070312,25.522602081298828,18.159997940063477
2010-05-24,80.71525573730469,28.954835891723633,26.122434616088867,64.63465881347656,58.771827697753906,116.83999633789062,24.952381134033203,18.143089294433594
2010-05-25,80.79773712158203,28.845102310180664,25.83964729309082,64.85606384277344,58.490657806396484,117.36000061035156,25.153013229370117,17.999366760253906
2010-05-26,80.31062316894531,28.418405532836914,25.82550811767578,64.72459411621094,58.52920150756836,118.47000122070312,25.1002140045166,18.193817138671875
2010-05-27,83.00090789794922,30.033775329589844,27.387907028198242,64.10894775390625,58.22600173950195,118.69000244140625,26.478240966796875,18.726444244384766
2010-05-28,81.95925903320312,29.454683303833008,26.93544578552246,64.3994369506836,58.14875793457031,118.87999725341797,26.14033317565918,18.565807342529297
2010-06-01,80.58037567138672,29.162092208862305,26.440567016601562,64.48272705078125,58.100589752197266,119.91000366210938,25.59652328491211,18.21917724609375
2010-06-02,82.67866516113281,29.942338943481445,27.36669921875,64.11508178710938,58.30549240112305,119.77999877929688,26.098108291625977,18.438995361328125
2010-06-03,82.96340942382812,29.850906372070312,27.267723083496094,64.02490997314453,58.117244720458984,117.95999908447266,26.024185180664062,18.540447235107422
2010-06-04,80.04832458496094,28.576879501342773,26.29917335510254,64.91279602050781,58.47161865234375,119.19000244140625,24.551116943359375,17.96554946899414
2010-06-07,79.05166625976562,28.217247009277344,25.889129638671875,65.1763916015625,58.715213775634766,121.48999786376953,24.41912078857422,17.999366760253906
2010-06-08,79.89851379394531,28.6683292388916,26.482975006103516,64.97520446777344,58.715213775634766,121.0,24.85735321044922,18.143089294433594
2010-06-09,79.47132873535156,28.5647029876709,26.341585159301758,64.98209381103516,58.73738479614258,120.55999755859375,25.00518226623535,18.227632522583008
2010-06-10,81.79439544677734,29.771663665771484,27.260652542114258,64.37865447998047,58.493743896484375,118.97000122070312,26.087543487548828,18.531993865966797
2010-06-11,82.19157409667969,29.814327239990234,27.40204620361328,64.78793334960938,58.709716796875,120.01000213623047,26.399051666259766,18.557357788085938
2010-06-14,82.06415557861328,30.003293991088867,27.40911865234375,64.73243713378906,58.59893035888672,119.5999984741211,26.726398468017578,18.608081817626953
2010-06-15,83.93010711669922,30.954240798950195,28.236265182495117,64.53131866455078,58.52692794799805,120.98999786376953,27.323015213012695,18.92089080810547
2010-06-16,83.90011596679688,30.80793571472168,28.236265182495117,64.71165466308594,58.58784484863281,120.33000183105469,27.074859619140625,18.963167190551758
2010-06-17,84.03499603271484,30.905473709106445,28.094871520996094,65.01686096191406,58.975467681884766,121.9000015258789,27.13294219970703,18.971616744995117
2010-06-18,84.1261215209961,30.85059928894043,28.222124099731445,64.88504791259766,58.96993637084961,122.83000183105469,27.048473358154297,18.937801361083984
2010-06-21,83.88518524169922,30.844505310058594,28.709941864013672,64.83647918701172,59.119415283203125,120.38999938964844,26.8372802734375,18.861709594726562
2010-06-22,82.49979400634766,30.454383850097656,28.15850067138672,65.2249526977539,59.4073371887207,121.44999694824219,26.04001235961914,18.819442749023438
2010-06-23,82.24378204345703,30.658435821533203,28.23108673095703,65.46768951416016,59.65653991699219,120.94999694824219,26.108652114868164,18.506629943847656
2010-06-24,80.8809814453125,30.12504005432129,27.732921600341797,65.41219329833984,59.41841506958008,121.30000305175781,25.555980682373047,18.54890251159668
2010-06-25,81.21977233886719,30.298696517944336,28.06029510498047,65.51631164550781,59.518089294433594,122.76000213623047,26.200855255126953,18.887075424194336
2010-06-28,80.9637451171875,30.075416564941406,27.86814308166504,65.98104858398438,59.84477615356445,121.08999633789062,25.891738891601562,18.68416976928711
2010-06-29,78.46401977539062,29.045822143554688,26.73662757873535,66.265380859375,59.81708908081055,121.2699966430664,25.0443058013916,18.168453216552734
2010-06-30,77.71859741210938,28.84734344482422,26.5587100982666,66.3625259399414,60.055240631103516,121.68000030517578,24.77783203125,18.2360897064209
2010-07-01,77.37226104736328,29.26910972595215,26.750864028930664,66.33332824707031,60.1219596862793,117.04000091552734,24.692554473876953,17.957094192504883
2010-07-02,76.95060729980469,29.20707893371582,26.864721298217773,66.21513366699219,59.949554443359375,118.48999786376953,24.21820068359375,17.923276901245117
2010-07-06,77.45510864257812,29.790103912353516,27.362869262695312,66.3750228881836,60.199710845947266,116.51000213623047,23.67991065979004,17.974002838134766
2010-07-07,79.89457702636719,30.72046661376953,27.967771530151367,66.16646575927734,60.23863983154297,117.7300033569336,24.83112335205078,18.37981414794922
2010-07-08,80.6851806640625,31.01817512512207,28.10297966003418,66.00645446777344,60.08856964111328,117.20999908447266,25.140247344970703,18.54890251159668
2010-07-09,81.28756713867188,31.049190521240234,28.44458770751953,65.83264923095703,60.01630783081055,118.36000061035156,25.460039138793945,18.582717895507812
2010-07-12,81.34024047851562,30.93134307861328,28.21685218811035,65.9438705444336,60.08856964111328,117.33999633789062,25.539981842041016,18.371362686157227
2010-07-13,82.56755065917969,31.50196647644043,28.544212341308594,65.61702728271484,60.1219596862793,118.36000061035156,26.168872833251953,18.667261123657227
2010-07-14,82.56000518798828,31.61360740661621,28.487268447875977,65.9438705444336,60.3888053894043,118.30000305175781,26.01431655883789,18.633445739746094
2010-07-15,82.58261108398438,31.7686767578125,28.352069854736328,66.28462219238281,60.494407653808594,118.2300033569336,25.929052352905273,18.81098747253418
2010-07-16,80.3087158203125,30.75147819519043,27.505210876464844,66.66719055175781,60.600059509277344,116.66999816894531,25.086959838867188,18.574262619018555
2010-07-19,80.78306579589844,30.949954986572266,27.86814308166504,66.4932632446289,60.58897399902344,115.7300033569336,25.39607810974121,18.557357788085938
2010-07-20,81.67908477783203,31.160837173461914,28.522863388061523,66.56278228759766,60.65565872192383,116.6500015258789,25.87041473388672,18.70953369140625
2010-07-21,80.61742401123047,30.596410751342773,28.23108673095703,66.98707580566406,60.95032501220703,115.8499984741211,25.33211898803711,18.6588077545166
2010-07-22,82.41694641113281,31.626014709472656,29.085067749023438,66.61849212646484,60.87245178222656,116.86000061035156,26.280811309814453,19.030799865722656
2010-07-23,83.13229370117188,31.99815559387207,29.284324645996094,66.40287780761719,60.95032501220703,116.08999633789062,26.616579055786133,18.971616744995117
2010-07-26,83.99813079833984,32.22145462036133,29.483598709106445,66.38200378417969,61.00587844848633,115.5199966430664,27.282794952392578,18.9547119140625
2010-07-27,83.99059295654297,32.314483642578125,29.43376350402832,66.15252685546875,60.80022430419922,113.51000213623047,27.277469635009766,18.75180435180664
2010-07-28,83.4484634399414,32.14700698852539,29.270090103149414,66.43763732910156,61.017032623291016,113.77999877929688,27.224164962768555,18.827896118164062
2010-07-29,83.04191589355469,32.29587173461914,29.319917678833008,66.57675170898438,61.03926086425781,114.29000091552734,26.9949893951416,19.098434448242188
2010-07-30,83.02681732177734,32.19663619995117,29.462244033813477,66.96617126464844,61.322837829589844,115.48999786376953,27.154888153076172,19.352066040039062
2010-08-02,84.90166473388672,33.28205871582031,30.223697662353516,66.75911712646484,61.19275665283203,115.54000091552734,28.066261291503906,19.724058151245117
2010-08-03,84.49507141113281,33.232444763183594,30.08137321472168,67.07286834716797,61.34344482421875,115.98999786376953,27.794437408447266,19.79169273376465
2010-08-04,85.05976104736328,33.263450622558594,30.124069213867188,66.79400634765625,61.15367889404297,116.72000122070312,27.99165153503418,19.960783004760742
2010-08-05,84.96940612792969,33.23863983154297,29.98885726928711,67.11470031738281,61.26530456542969,116.9800033569336,27.639892578125,19.86778450012207
2010-08-06,84.6230697631836,33.337886810302734,29.94615936279297,67.55400085449219,61.61695861816406,117.83999633789062,27.511974334716797,19.690244674682617
2010-08-09,85.07482147216797,33.37508773803711,30.102724075317383,67.5400619506836,61.81792068481445,117.4000015258789,27.826425552368164,19.757877349853516
2010-08-10,84.61550903320312,33.10838317871094,29.68996238708496,67.88175964355469,61.7397346496582,117.7300033569336,27.554607391357422,19.54651641845703
2010-08-11,82.29647827148438,31.601211547851562,28.743478775024414,68.26528930664062,61.73418426513672,117.33999633789062,26.8670711517334,19.106887817382812
2010-08-12,81.7920150756836,31.56398582458496,28.793283462524414,68.09098052978516,61.51645278930664,118.7699966430664,26.53131103515625,18.963167190551758
2010-08-13,81.55110168457031,31.45234489440918,28.949853897094727,68.38379669189453,61.75648498535156,118.73999786376953,26.53131103515625,18.946256637573242
2010-08-16,81.51344299316406,31.706649780273438,29.22027587890625,68.87892150878906,62.43745040893555,119.7300033569336,26.5100040435791,18.887075424194336
2010-08-17,82.51483917236328,32.06018829345703,29.52628517150879,68.53023529052734,62.337005615234375,119.75,27.117565155029297,19.15761375427246
2010-08-18,82.66543579101562,32.04777145385742,29.504941940307617,68.46049499511719,62.392845153808594,120.22000122070312,27.144229888916016,19.081525802612305
2010-08-19,81.22728729248047,31.532976150512695,29.27720832824707,68.76729583740234,62.45979690551758,120.38999938964844,26.451372146606445,18.887075424194336
2010-08-20,80.9637451171875,31.204254150390625,29.191816329956055,68.54422760009766,62.57142639160156,119.97000122070312,26.366086959838867,18.76871681213379
2010-08-23,80.65509033203125,31.14222526550293,28.928512573242188,68.63482666015625,62.70541000366211,119.77999877929688,26.227506637573242,18.641897201538086
2010-08-24,79.4579086303711,30.71427345275879,28.55846405029297,69.17872619628906,62.85051727294922,120.36000061035156,26.120914459228516,18.430538177490234
2010-08-25,79.76660919189453,30.745269775390625,28.373422622680664,68.86492919921875,62.96772766113281,121.36000061035156,26.53663444519043,18.523536682128906
2010-08-26,79.23198699951172,30.732873916625977,28.19550895690918,69.17872619628906,63.0235481262207,120.95999908447266,26.376750946044922,18.734895706176758
2010-08-27,80.45928955078125,31.33449935913086,28.81464195251465,68.38379669189453,62.4542350769043,121.01000213623047,26.81378936767578,19.05616569519043
2010-08-30,79.292236328125,30.881725311279297,28.337833404541016,68.90677642822266,62.8616828918457,120.91000366210938,26.605924606323242,19.02234649658203
2010-08-31,79.292236328125,30.974760055541992,28.508628845214844,69.21360778808594,63.07379150390625,122.08000183105469,26.808448791503906,18.76871681213379
2010-09-01,81.66401672363281,32.07879638671875,29.51205825805664,68.71514892578125,62.59981155395508,121.69000244140625,27.682527542114258,19.14070701599121
2010-09-02,82.42447662353516,32.25865936279297,29.56186866760254,68.42857360839844,62.52136993408203,122.29000091552734,28.034282684326172,19.275976181030273
2010-09-03,83.49364471435547,32.55637741088867,29.91057777404785,68.03710174560547,62.05073928833008,121.86000061035156,28.44466209411621,19.37742805480957
2010-09-07,82.5524673461914,32.103599548339844,29.476469039916992,68.57537841796875,62.51015853881836,122.69999694824219,28.007646560668945,19.4788818359375
2010-09-08,83.13229370117188,32.3516960144043,29.796714782714844,68.38665008544922,62.3868522644043,122.70999908447266,28.066261291503906,19.521154403686523
2010-09-09,83.51628112792969,32.65561294555664,29.967510223388672,67.84840393066406,62.06187438964844,121.55999755859375,27.74114418029785,19.411245346069336
2010-09-10,83.93785858154297,32.75484848022461,30.07425308227539,67.65266418457031,62.106727600097656,121.7300033569336,27.890377044677734,19.614152908325195
2010-09-13,84.87154388427734,33.350284576416016,30.79302215576172,67.97418975830078,62.190799713134766,121.62000274658203,28.348731994628906,19.757877349853516
2010-09-14,84.81884002685547,33.57356643676758,30.778789520263672,68.31671905517578,62.48211669921875,124.0199966430664,28.242137908935547,19.817058563232422
2010-09-15,85.1426010131836,33.58597946166992,30.82149314880371,68.07901763916016,62.381282806396484,123.94000244140625,28.487319946289062,19.783239364624023
2010-09-16,85.12001037597656,33.424705505371094,30.66492462158203,67.84133911132812,62.18520736694336,124.62999725341797,28.338083267211914,19.681787490844727
2010-09-17,85.15180206298828,33.263450622558594,30.615100860595703,67.99519348144531,62.3868522644043,124.54000091552734,28.423355102539062,19.74942398071289
2010-09-20,86.45379638671875,33.84027099609375,31.09902572631836,68.20487976074219,62.46532440185547,124.87000274658203,29.116220474243164,19.91005516052246
2010-09-21,86.27967834472656,33.83407974243164,31.006519317626953,68.84100341796875,62.94155502319336,126.01000213623047,28.689834594726562,19.69869613647461
2010-09-22,85.85578155517578,33.78445053100586,31.027864456176758,68.94586181640625,62.90238571166992,126.19999694824219,28.300769805908203,19.817058563232422
2010-09-23,85.15938568115234,33.41849899291992,30.828601837158203,69.04373931884766,62.9471435546875,126.30000305175781,27.602581024169922,19.833965301513672
2010-09-24,86.9155502319336,34.3488655090332,31.397918701171875,68.70118713378906,62.807090759277344,126.69000244140625,28.38340950012207,20.138322830200195
2010-09-27,86.49919128417969,34.17520523071289,31.34099578857422,69.23242950439453,63.13210678100586,126.72000122070312,28.033864974975586,20.003053665161133
2010-09-28,86.80201721191406,34.3736686706543,31.5687198638916,69.46319580078125,63.24413299560547,127.8499984741211,28.14680290222168,20.003053665161133
2010-09-29,86.65060424804688,34.31786346435547,31.675458908081055,69.29537200927734,63.18254470825195,127.94999694824219,27.926315307617188,20.265138626098633
2010-09-30,86.39324188232422,34.063560485839844,31.86049461364746,69.21146392822266,63.36175537109375,127.91000366210938,28.006996154785156,20.383502960205078
2010-10-01,86.75658416748047,34.40468978881836,32.33018112182617,69.2486343383789,63.05473709106445,128.91000366210938,28.14680290222168,20.425769805908203
2010-10-04,86.10557556152344,33.90850067138672,32.23054885864258,69.49384307861328,63.15591812133789,128.4600067138672,28.404918670654297,20.358139038085938
2010-10-05,87.83907318115234,34.86986541748047,32.81410217285156,69.50791931152344,63.28525924682617,130.99000549316406,28.85665512084961,20.772397994995117
2010-10-06,87.83149719238281,35.161376953125,32.79987716674805,69.9563217163086,63.69583511352539,131.80999755859375,28.700693130493164,20.780855178833008
2010-10-07,87.72550964355469,35.04353332519531,32.508079528808594,70.02635192871094,63.67900085449219,130.3699951171875,28.781368255615234,20.56949806213379
2010-10-08,88.21755981445312,35.27302169799805,32.899505615234375,70.0544204711914,63.617130279541016,131.66000366210938,28.86202621459961,21.254302978515625
2010-10-11,88.30079650878906,35.22959899902344,32.878150939941406,70.12449645996094,63.673370361328125,132.2899932861328,28.85665512084961,21.152849197387695
2010-10-12,88.57333374023438,35.155181884765625,32.74293899536133,69.92130279541016,63.577762603759766,131.9600067138672,29.061002731323242,21.254302978515625
2010-10-13,89.26214599609375,35.55213165283203,33.34783935546875,69.92130279541016,63.54401779174805,134.07000732421875,29.36215591430664,21.35575294494629
2010-10-14,88.91393280029297,35.80022430419922,33.2909049987793,69.52188110351562,63.03215789794922,134.75,29.286867141723633,21.321935653686523
2010-10-15,89.09561157226562,35.682373046875,33.248199462890625,69.22057342529297,62.63290023803711,133.67999267578125,29.24921989440918,21.085214614868164
2010-10-18,89.53466033935547,35.76301574707031,33.262451171875,69.54995727539062,63.065914154052734,134.27999877929688,29.62566375732422,21.296573638916016
2010-10-19,88.36136627197266,34.975311279296875,32.20919418334961,69.78820037841797,63.07160568237305,130.11000061035156,29.25997543334961,20.670949935913086
2010-10-20,89.22432708740234,35.63275146484375,32.72159194946289,69.74610900878906,63.18404006958008,131.32000732421875,29.899921417236328,21.161304473876953
2010-10-21,89.4211196899414,35.440486907958984,32.72159194946289,69.36074829101562,63.01533126831055,129.47000122070312,29.867660522460938,20.89921760559082
2010-10-22,89.58763885498047,35.53352355957031,32.757171630859375,69.38172149658203,63.094093322753906,129.72999572753906,29.8837890625,21.076757431030273
2010-10-25,89.85261535644531,35.66997146606445,33.11298370361328,69.36074829101562,63.31901931762695,130.85000610351562,29.93756866455078,21.186664581298828
2010-10-26,89.86773681640625,35.440486907958984,33.08452224731445,68.89830017089844,62.98160934448242,130.8800048828125,29.722457885742188,21.296573638916016
2010-10-27,89.61036682128906,35.099369049072266,32.52231979370117,68.49888610839844,62.81846237182617,129.52000427246094,29.512737274169922,21.228940963745117
2010-10-28,89.62551879882812,35.37226104736328,32.728702545166016,68.89830017089844,63.07160568237305,131.24000549316406,29.329904556274414,21.33884620666504
2010-10-29,89.69363403320312,35.35984802246094,32.82121658325195,69.20660400390625,63.1953010559082,132.6199951171875,29.335264205932617,21.288118362426758
2010-11-01,89.7238998413086,35.22959899902344,33.18416213989258,69.09071350097656,63.173851013183594,131.9199981689453,29.588014602661133,21.42338752746582
2010-11-02,90.43547821044922,35.8126335144043,33.59690856933594,69.32246398925781,63.46743392944336,132.49000549316406,29.79238510131836,21.617839813232422
2010-11-03,90.7988052368164,36.06071853637695,33.80329895019531,69.54718017578125,63.25852584838867,131.57000732421875,29.79238510131836,21.71929168701172
2010-11-04,92.54740905761719,36.87944793701172,34.571868896484375,70.109130859375,63.85702896118164,136.02999877929688,30.480716705322266,22.235008239746094
2010-11-05,92.8956069946289,36.71818161010742,34.5078239440918,69.81411743164062,63.65376281738281,136.3800048828125,30.808753967285156,22.3280086517334
2010-11-08,92.72152709960938,36.49490737915039,34.36549758911133,69.835205078125,63.68766784667969,137.77999877929688,30.642045974731445,22.387187957763672
2010-11-09,92.05540466308594,36.12895584106445,33.931392669677734,69.2452163696289,63.21334457397461,135.58999633789062,29.399789810180664,22.235008239746094
2010-11-10,92.42631530761719,36.23439025878906,34.18047332763672,69.50508117675781,63.07786178588867,137.24000549316406,29.765491485595703,22.471731185913086
2010-11-11,92.07811737060547,35.92427444458008,33.84599304199219,69.4278564453125,62.80116653442383,137.66000366210938,29.52887725830078,22.285734176635742
2010-11-12,90.98805236816406,35.62656021118164,33.02760314941406,68.85189056396484,62.36080551147461,133.69000244140625,29.25459861755371,21.35575294494629
2010-11-15,90.85935974121094,35.60175704956055,33.013370513916016,67.96690368652344,61.67767333984375,132.4199981689453,28.974971771240234,21.389572143554688
2010-11-16,89.44384765625,34.76443099975586,32.14515686035156,68.47258758544922,62.005104064941406,130.97000122070312,27.980091094970703,20.7554931640625
2010-11-17,89.48924255371094,34.95669937133789,32.3088264465332,68.27593994140625,62.005104064941406,130.3800048828125,28.1951961517334,20.594860076904297
2010-11-18,90.8063735961914,35.831241607666016,33.0774040222168,68.11441802978516,62.050270080566406,132.08999633789062,28.447952270507812,21.152849197387695
2010-11-19,91.05619812011719,35.831241607666016,33.0987548828125,68.2549057006836,62.26483917236328,132.1999969482422,28.59851837158203,20.848493576049805
2010-11-22,90.98046875,35.446685791015625,32.999141693115234,68.62007904052734,62.6092529296875,133.47999572753906,28.673816680908203,20.916126251220703
2010-11-23,89.66334533691406,34.379878997802734,31.953012466430664,68.76058197021484,62.64310836791992,134.41000366210938,28.447952270507812,20.865398406982422
2010-11-24,90.98805236816406,34.925689697265625,32.69312286376953,68.02308654785156,62.12934875488281,134.17999267578125,28.996482849121094,21.254302978515625
2010-11-26,89.92831420898438,34.34265899658203,31.881839752197266,68.31812286376953,62.20835876464844,133.11000061035156,28.937320709228516,21.35575294494629
2010-11-29,90.20081329345703,34.038753509521484,32.130924224853516,68.46562194824219,62.27048873901367,133.50999450683594,28.921186447143555,21.398025512695312
2010-11-30,89.69363403320312,33.654197692871094,31.867612838745117,68.58504486083984,62.17449188232422,135.4199981689453,28.792123794555664,21.195119857788086
2010-12-01,91.6011962890625,34.609371185302734,32.77851867675781,67.68306732177734,62.03617858886719,135.3800048828125,28.958831787109375,21.820743560791016
2010-12-02,92.77450561523438,35.26682662963867,33.4261360168457,67.51410675048828,61.90018081665039,135.1999969482422,29.40519142150879,22.00674057006836
2010-12-03,93.02433013916016,35.60796356201172,33.54710006713867,67.52117156982422,61.72447204589844,138.07000732421875,29.399789810180664,22.285734176635742
2010-12-06,92.92593383789062,35.446685791015625,33.49017333984375,67.94357299804688,62.155208587646484,139.11000061035156,29.458953857421875,22.260372161865234
2010-12-07,92.97891235351562,35.46529769897461,33.3336067199707,66.81703186035156,61.57707595825195,136.5,29.523483276367188,22.108192443847656
2010-12-08,93.31951904296875,35.57073974609375,33.120113372802734,66.24681091308594,61.180335998535156,134.7899932861328,29.087888717651367,22.277280807495117
2010-12-09,93.68285369873047,35.66377639770508,33.00624465942383,66.38752746582031,61.32775115966797,135.3699951171875,28.829771041870117,22.218101501464844
2010-12-10,94.22791290283203,35.74440383911133,33.15568542480469,65.82428741455078,61.04426574707031,135.41000366210938,29.017976760864258,22.184280395507812
2010-12-13,94.28846740722656,36.12895584106445,33.369197845458984,66.03555297851562,61.271034240722656,136.0500030517578,29.066370010375977,22.404094696044922
2010-12-14,94.37168884277344,36.184783935546875,33.41900634765625,65.3384780883789,60.89692687988281,136.17999267578125,28.781368255615234,22.34491729736328
2010-12-15,93.94024658203125,35.70719528198242,32.878150939941406,65.07095336914062,60.5172004699707,134.6999969482422,28.50710678100586,22.285734176635742
2010-12-16,94.48528289794922,35.90565872192383,32.97066879272461,65.45816040039062,60.81190872192383,133.80999755859375,28.55550193786621,22.209646224975586
2010-12-17,94.58648681640625,35.70719528198242,33.02047348022461,66.02143096923828,61.367374420166016,134.1999969482422,28.792123794555664,22.378732681274414
2010-12-20,94.81476593017578,35.78782653808594,32.87104034423828,66.014404296875,61.32775115966797,135.11000061035156,29.136289596557617,22.581636428833008
2010-12-21,95.4159164428711,36.08708572387695,33.350860595703125,66.15524291992188,61.45805740356445,135.32000732421875,29.442829132080078,22.72536277770996
2010-12-22,95.71268463134766,36.15596008300781,33.46560287475586,65.97216033935547,61.407081604003906,135.0500030517578,29.66868019104004,22.843725204467773
2010-12-23,95.5757064819336,36.137176513671875,33.429752349853516,65.7398452758789,61.435359954833984,134.66000366210938,29.53424644470215,22.928264617919922
2010-12-27,95.61378479003906,36.062042236328125,33.322174072265625,65.9932632446289,61.55441665649414,135.02000427246094,29.901214599609375,22.885995864868164
2010-12-28,95.75074005126953,36.09334945678711,33.350860595703125,65.30006408691406,61.06391906738281,137.22000122070312,30.020814895629883,23.131174087524414
2010-12-29,95.81922912597656,36.40639114379883,33.777835845947266,66.03424835205078,61.52484130859375,137.7100067138672,30.080623626708984,23.139629364013672
2010-12-30,95.66703033447266,36.231082916259766,33.95006561279297,65.9001235961914,61.55325698852539,137.02999877929688,30.16216468811035,22.860633850097656
2010-12-31,95.68987274169922,36.45021438598633,34.18686294555664,66.23189544677734,61.70696258544922,138.72000122070312,30.102365493774414,23.291805267333984
2011-01-03,96.67910766601562,36.750732421875,34.5169677734375,66.02716064453125,61.94594955444336,138.0,30.66233253479004,23.39325714111328
2011-01-04,96.62582397460938,36.638038635253906,34.67483901977539,66.18247985839844,62.02556610107422,134.75,30.075180053710938,23.080446243286133
2011-01-05,97.12804412841797,36.48152542114258,34.58872985839844,65.469482421875,61.57035827636719,134.3699951171875,30.183908462524414,23.32562255859375
2011-01-06,96.93781280517578,36.062042236328125,34.22273254394531,65.80835723876953,61.6613883972168,133.8300018310547,29.901214599609375,23.0128116607666
2011-01-07,96.74756622314453,35.91804885864258,33.90700912475586,66.24603271484375,61.97439193725586,133.5800018310547,29.91208839416504,22.928264617919922
2011-01-10,96.62582397460938,35.85544204711914,33.55537033081055,66.47198486328125,62.08245849609375,134.1199951171875,29.906644821166992,23.198806762695312
2011-01-11,96.96825408935547,36.09960174560547,33.9141845703125,66.21073150634766,62.05403137207031,134.91000366210938,29.841421127319336,23.460893630981445
2011-01-12,97.84335327148438,36.89472198486328,34.59590530395508,66.02010345458984,62.01424026489258,135.4600067138672,29.96645736694336,23.61307144165039
2011-01-13,97.68351745605469,36.994903564453125,34.29450988769531,66.46492004394531,62.281673431396484,134.0500030517578,30.064313888549805,23.579254150390625
2011-01-14,98.3912353515625,37.22028732299805,34.394981384277344,66.28135681152344,61.98574447631836,132.69000244140625,30.26546287536621,23.689159393310547
2011-01-18,98.55866241455078,37.46446228027344,34.344749450683594,66.1189956665039,61.95161437988281,133.42999267578125,30.52641487121582,23.663799285888672
2011-01-19,97.59223937988281,37.20775604248047,34.07923126220703,66.28839111328125,61.906063079833984,133.72000122070312,30.124114990234375,23.6384334564209
2011-01-20,97.462890625,36.88846969604492,33.706085205078125,65.77305603027344,61.638641357421875,131.1999969482422,30.129545211791992,23.401714324951172
2011-01-21,97.68351745605469,37.08881378173828,33.35443878173828,65.99188232421875,61.729679107666016,131.02999877929688,30.15129280090332,23.6384334564209
2011-01-24,98.23902893066406,37.48324203491211,33.6127815246582,65.99893188476562,61.75813293457031,130.36000061035156,30.303524017333984,23.435529708862305
2011-01-25,98.29230499267578,37.408103942871094,33.4118537902832,66.33070373535156,62.0654411315918,130.10000610351562,30.656885147094727,23.139629364013672
2011-01-26,98.67280578613281,37.646018981933594,33.706085205078125,65.92841339111328,61.71833038330078,131.16000366210938,30.70581817626953,23.655344009399414
2011-01-27,98.91632080078125,37.73367691040039,33.59125518798828,66.17536926269531,61.82065963745117,127.93000030517578,31.1896915435791,23.452438354492188
2011-01-28,97.18892669677734,36.89472198486328,32.5291862487793,66.4790267944336,61.900421142578125,130.27999877929688,30.67321014404297,23.748340606689453
2011-01-31,97.91941833496094,37.214027404785156,32.8736457824707,66.21775817871094,61.729679107666016,129.8699951171875,31.08095359802246,24.12033462524414
2011-02-01,99.48705291748047,38.0967903137207,33.670196533203125,65.9099349975586,61.64799880981445,130.8000030517578,31.157066345214844,24.297876358032227
2011-02-02,99.29678344726562,38.06549072265625,33.419036865234375,65.7542724609375,61.528011322021484,130.4499969482422,31.157066345214844,24.53460121154785
2011-02-03,99.5174789428711,38.07176208496094,33.37595748901367,65.37915802001953,61.37949752807617,132.1999969482422,31.244041442871094,24.373966217041016
2011-02-04,99.79898071289062,38.059226989746094,33.368797302246094,64.97574615478516,61.19092559814453,131.66000366210938,31.01571273803711,24.23869514465332
2011-02-07,100.42300415039062,38.17818832397461,33.4118537902832,64.94739532470703,61.2595100402832,131.67999267578125,31.32016372680664,24.171062469482422
2011-02-08,100.87958526611328,38.42861557006836,33.426204681396484,64.50154113769531,61.036712646484375,133.13999938964844,31.456066131591797,24.331693649291992
2011-02-09,100.65125274658203,38.31592559814453,32.65836715698242,64.86956787109375,61.430912017822266,133.07000732421875,31.47783088684082,24.450056076049805
2011-02-10,100.68933868408203,38.06549072265625,32.34979248046875,64.65727233886719,61.128089904785156,132.85000610351562,31.608301162719727,24.30632972717285
2011-02-11,101.29048156738281,38.08427429199219,32.74448013305664,64.9544906616211,61.46515655517578,132.32000732421875,31.814882278442383,24.22178840637207
2011-02-14,101.53398895263672,38.15941619873047,32.57942199707031,64.97574615478516,61.50518798828125,132.9499969482422,31.820322036743164,24.340150833129883
2011-02-15,101.21440124511719,38.04671096801758,32.64401626586914,65.12434387207031,61.64226531982422,133.97000122070312,31.700727462768555,24.02733612060547
2011-02-16,101.85354614257812,38.50373840332031,32.91670227050781,65.03236389160156,61.567989349365234,134.10000610351562,31.771400451660156,24.204877853393555
2011-02-17,102.15800476074219,38.63521957397461,33.03152084350586,65.27295684814453,61.6822624206543,135.0399932861328,31.804014205932617,24.280967712402344
2011-02-18,102.37102508544922,38.76668930053711,33.232460021972656,65.25880432128906,61.77363967895508,135.41000366210938,31.929061889648438,24.255603790283203
2011-02-22,100.31646728515625,37.658538818359375,32.17039489746094,65.88867950439453,61.945064544677734,136.2899932861328,31.651782989501953,24.22178840637207
2011-02-23,99.7000732421875,37.7086296081543,32.19908905029297,65.72589874267578,61.87075424194336,137.50999450683594,31.385395050048828,24.762866973876953
2011-02-24,99.63159942626953,37.739925384521484,32.27803039550781,65.89580535888672,61.939308166503906,136.47999572753906,31.146196365356445,24.543052673339844
2011-02-25,100.69694519042969,38.190704345703125,32.66554641723633,66.10803985595703,62.23069763183594,137.3800048828125,31.75509262084961,25.084135055541992
2011-02-28,101.3209228515625,38.535037994384766,32.85929870605469,66.07975006103516,62.39639663696289,137.66000366210938,32.54338455200195,25.12640380859375
2011-03-01,99.63159942626953,37.996620178222656,32.522010803222656,66.15496826171875,62.39750671386719,140.02999877929688,31.57568359375,25.506853103637695
2011-03-02,99.84467315673828,38.196964263916016,32.966922760009766,65.80738830566406,62.06486511230469,139.9199981689453,31.287532806396484,25.608306884765625
2011-03-03,101.56441497802734,38.685306549072266,33.61995315551758,65.3604736328125,61.80103302001953,138.08999633789062,31.73879051208496,25.599851608276367
2011-03-04,100.80345916748047,38.3347053527832,33.65583801269531,65.8286361694336,62.03620147705078,139.35000610351562,31.434326171875,25.726665496826172
2011-03-07,100.0120620727539,37.9653205871582,33.18221664428711,65.66548156738281,61.88128662109375,139.72000122070312,31.20598793029785,25.608306884765625
2011-03-08,100.8871841430664,38.08427429199219,33.62713623046875,65.50944519042969,61.80103302001953,139.36000061035156,31.6463680267334,25.388492584228516
2011-03-09,100.7425537109375,38.0967903137207,33.69171905517578,65.89250183105469,62.122188568115234,139.41000366210938,31.61373519897461,25.48994255065918
2011-03-10,98.87824249267578,37.15141677856445,32.694236755371094,66.45291137695312,62.37456512451172,137.77000427246094,31.129863739013672,25.075679779052734
2011-03-11,99.56310272216797,37.15141677856445,33.03152084350586,66.2968521118164,62.317222595214844,138.22000122070312,31.4451961517334,24.93195343017578
2011-03-14,98.96194458007812,36.48778533935547,33.225276947021484,66.4458236694336,62.385986328125,138.86000061035156,31.129863739013672,24.999591827392578
2011-03-15,97.8281478881836,35.72396469116211,32.67271041870117,66.68699645996094,62.38033676147461,136.27000427246094,30.966773986816406,24.086519241333008
2011-03-16,96.01705169677734,34.61580276489258,32.00533676147461,67.25446319580078,62.75312423706055,136.24000549316406,30.510120391845703,24.230241775512695
2011-03-17,97.28784942626953,35.767784118652344,32.400028228759766,67.04875946044922,62.7130126953125,136.97000122070312,30.7438907623291,24.98267936706543
2011-03-18,97.6417236328125,36.26239776611328,32.45743179321289,67.00617980957031,62.75312423706055,138.3699951171875,31.053768157958984,25.12640380859375
2011-03-21,99.15494537353516,37.15767288208008,33.081756591796875,66.6585693359375,62.552425384521484,139.13999938964844,31.39084815979004,25.244768142700195
2011-03-22,98.81103515625,37.051246643066406,33.18221664428711,66.69413757324219,62.667076110839844,139.0500030517578,31.1896915435791,25.430763244628906
2011-03-23,99.09379577636719,37.095069885253906,33.61995315551758,66.60899353027344,62.626983642578125,140.33999633789062,30.847177505493164,25.481489181518555
2011-03-24,100.04149627685547,37.58967208862305,34.00746536254883,66.26847839355469,62.42047882080078,139.22000122070312,30.977659225463867,25.56603240966797
2011-03-25,100.34719848632812,37.17646408081055,33.97159194946289,66.09113311767578,62.32868957519531,139.25999450683594,31.219701766967773,25.6336669921875
2011-03-28,100.1026382446289,37.15767288208008,33.79935836791992,66.11241149902344,62.35163879394531,138.5399932861328,31.181364059448242,25.287036895751953
2011-03-29,100.77513122558594,37.35176467895508,34.18686294555664,65.92085266113281,62.04768753051758,138.2100067138672,31.307327270507812,25.430763244628906
2011-03-30,101.47066497802734,37.79627227783203,34.62461853027344,66.14786529541016,62.25986099243164,138.6699981689453,31.761837005615234,25.39694595336914
2011-03-31,101.33311462402344,37.614715576171875,34.92599868774414,65.97763061523438,62.05912780761719,139.86000061035156,32.01921463012695,25.794301986694336
2011-04-01,101.76110076904297,37.971580505371094,35.485748291015625,66.11842346191406,62.35218811035156,139.1999969482422,32.06850051879883,25.971843719482422
2011-04-04,101.84513854980469,38.021663665771484,35.787132263183594,66.267822265625,62.49619674682617,139.83999633789062,32.046600341796875,26.208568572998047
2011-04-05,101.82987213134766,37.9277458190918,35.71538162231445,65.93350982666016,62.530731201171875,142.0500030517578,32.0794563293457,26.233930587768555
2011-04-06,102.15081787109375,38.24079132080078,35.90913391113281,65.64901733398438,62.32917022705078,142.3800048828125,32.09591293334961,26.310020446777344
2011-04-07,101.89102935791016,38.0529670715332,35.87324905395508,65.65616607666016,62.237030029296875,142.50999450683594,31.739938735961914,26.360742568969727
2011-04-08,101.53945922851562,38.366004943847656,35.90913391113281,65.46415710449219,62.20254135131836,143.66000366210938,31.50994873046875,26.98636817932129
2011-04-11,101.23377990722656,38.29086685180664,35.485748291015625,65.5494155883789,62.20830535888672,142.63999938964844,31.531843185424805,26.487558364868164
2011-04-12,100.47713470458984,37.93402099609375,34.818355560302734,65.9192886352539,62.42711639404297,141.61000061035156,31.47708511352539,25.94647979736328
2011-04-13,100.46945190429688,38.04671096801758,35.10540008544922,66.17529296875,62.5364990234375,141.89999389648438,31.42778968811035,26.149385452270508
2011-04-14,100.54589080810547,38.21574401855469,35.213050842285156,65.954833984375,62.38102340698242,143.80999755859375,31.882307052612305,26.21702003479004
2011-04-15,100.9127197265625,38.15941619873047,35.25612258911133,66.4384994506836,62.70927429199219,145.0500030517578,32.29302215576172,26.3522891998291
2011-04-18,99.7816390991211,37.376808166503906,34.37345886230469,66.60208129882812,62.79560852050781,145.92999267578125,32.00279998779297,26.1916561126709
2011-04-19,100.35485076904297,37.65228271484375,34.86859893798828,66.68746185302734,62.92802810668945,145.92999267578125,32.254703521728516,26.200111389160156
2011-04-20,101.72286987304688,38.61017608642578,35.69385528564453,66.42434692382812,62.956871032714844,146.5,32.63254928588867,26.614376068115234
2011-04-21,102.2425537109375,38.86061477661133,36.00960159301758,66.47408294677734,63.014495849609375,146.74000549316406,32.851600646972656,26.808826446533203
2011-04-25,102.13555908203125,38.86061477661133,35.71538162231445,66.70880126953125,63.0777473449707,146.8699951171875,33.070655822753906,26.732738494873047
2011-04-26,103.01445770263672,39.16112518310547,36.0239372253418,66.9932861328125,63.371498107910156,146.3800048828125,33.36088943481445,26.724285125732422
2011-04-27,103.6869888305664,39.64946365356445,35.959373474121094,66.80125427246094,63.29087448120117,149.1999969482422,33.60732650756836,26.88491439819336
2011-04-28,104.02326202392578,39.918678283691406,35.6651496887207,67.05734252929688,63.492408752441406,149.82000732421875,34.05636215209961,26.69046401977539
2011-04-29,104.26786804199219,39.73085021972656,35.88042068481445,67.19247436523438,63.61330795288086,152.3699951171875,33.859214782714844,26.96946144104004
2011-05-02,104.10734558105469,39.98754119873047,35.887603759765625,67.17180633544922,63.76190185546875,150.41000366210938,33.90850067138672,26.69891929626465
2011-05-03,103.73286437988281,39.6619873046875,35.091060638427734,67.35002136230469,63.73298263549805,149.8800048828125,33.61826705932617,26.419925689697266
2011-05-04,103.04500579833984,39.323909759521484,34.509796142578125,67.52116394042969,63.825469970703125,147.72999572753906,33.426612854003906,25.99720573425293
2011-05-05,102.11259460449219,38.54756164550781,34.1796989440918,67.85637664794922,64.04512023925781,143.47000122070312,33.40469741821289,24.255603790283203
2011-05-06,102.56356048583984,38.56635284423828,34.62461853027344,67.89200592041016,64.04512023925781,145.3000030517578,33.10899353027344,24.179515838623047
2011-05-09,102.9609603881836,38.841827392578125,34.6891975402832,67.99179077148438,64.10871887207031,147.3800048828125,33.27874755859375,25.067222595214844
2011-05-10,103.83985900878906,39.21121597290039,35.098236083984375,67.66378021240234,63.848609924316406,147.89999389648438,33.804447174072266,25.295495986938477
2011-05-11,102.74698638916016,38.4223518371582,34.323219299316406,67.90623474121094,63.952659606933594,146.5399932861328,33.44851303100586,24.48387336730957
2011-05-12,103.236083984375,38.54756164550781,34.423683166503906,67.75645446777344,63.80231857299805,146.58999633789062,33.503273010253906,24.509235382080078
2011-05-13,102.4412612915039,37.94654083251953,33.670196533203125,68.02037811279297,63.99310302734375,145.6300048828125,33.14731979370117,24.551509857177734
2011-05-16,101.79164123535156,37.87767028808594,33.61995315551758,68.18434143066406,64.17810821533203,145.3699951171875,33.19659423828125,24.230241775512695
2011-05-17,101.77633666992188,37.95905685424805,33.727603912353516,68.38402557373047,64.2647933959961,144.74000549316406,33.18564224243164,24.2894229888916
2011-05-18,102.68586730957031,38.190704345703125,34.27298355102539,67.99179077148438,64.10293579101562,145.60000610351562,33.50874710083008,24.779775619506836
2011-05-19,102.9303970336914,38.40982437133789,34.05051803588867,68.06311798095703,64.21282958984375,145.64999389648438,33.65113067626953,24.585325241088867
2011-05-20,102.11259460449219,37.86514663696289,33.777835845947266,68.22711181640625,64.16651916503906,147.49000549316406,33.24040985107422,24.813594818115234
2011-05-23,100.92803192138672,36.9886474609375,33.074581146240234,68.31981658935547,64.12609100341797,147.8300018310547,32.90090560913086,24.416236877441406
2011-05-24,100.8439712524414,37.20150375366211,33.40468215942383,68.39115142822266,64.20699310302734,148.58999633789062,32.99945068359375,24.74595832824707
2011-05-25,101.18018341064453,37.43941116333008,33.47643280029297,68.39826202392578,64.07981872558594,148.5800018310547,33.15279006958008,25.19403839111328
2011-05-26,101.64643096923828,37.79001998901367,33.90700912475586,68.77625274658203,64.35733032226562,148.22000122070312,33.596370697021484,25.287036895751953
2011-05-27,102.03621673583984,38.06549072265625,34.26581573486328,68.76905059814453,64.42667388916016,149.6999969482422,33.78804397583008,25.430763244628906
2011-05-31,103.0985107421875,38.85435104370117,34.82554244995117,68.87603759765625,64.4209213256836,149.63999938964844,34.324703216552734,25.574487686157227
2011-06-01,100.78279876708984,37.93402099609375,34.20122528076172,69.4435806274414,64.74297332763672,149.91000366210938,33.338993072509766,25.25322151184082
2011-06-02,100.67577362060547,38.12810516357422,34.524139404296875,69.02898406982422,64.15682983398438,149.5,33.09804153442383,25.473031997680664
2011-06-03,99.67465209960938,38.146888732910156,34.35192108154297,69.3006591796875,64.29615783691406,150.22000122070312,33.22945022583008,25.574487686157227
2011-06-06,98.61996459960938,37.65228271484375,33.79935836791992,69.2577896118164,64.18590545654297,150.47999572753906,32.74208450317383,25.278583526611328
2011-06-07,98.5588607788086,37.996620178222656,34.06486892700195,69.38644409179688,64.40635681152344,150.4199981689453,33.087074279785156,25.515310287475586
2011-06-08,98.14611053466797,37.50828552246094,33.82089614868164,69.53656768798828,64.4469985961914,149.80999755859375,32.993980407714844,25.726665496826172
2011-06-09,98.89511108398438,37.896446228027344,34.08641052246094,69.2577896118164,64.27288055419922,150.55999755859375,32.63802719116211,25.870391845703125
2011-06-10,97.5194320678711,37.01994705200195,33.347267150878906,69.47943878173828,64.19747924804688,149.24000549316406,31.816614151000977,25.599851608276367
2011-06-13,97.5958480834961,37.07628631591797,33.28986358642578,69.32921600341797,64.26712799072266,147.77000427246094,31.948034286499023,25.430763244628906
2011-06-14,98.83394622802734,37.73367691040039,33.792179107666016,68.77882385253906,64.07559967041016,148.6699981689453,32.42446517944336,25.608306884765625
2011-06-15,97.076171875,36.49403381347656,33.06740188598633,69.52228546142578,64.42958068847656,149.1199951171875,31.904216766357422,24.923498153686523
2011-06-16,97.2901611328125,36.36882781982422,32.81623840332031,69.71531677246094,64.3077163696289,148.97000122070312,32.15612030029297,24.82204818725586
2011-06-17,97.58050537109375,36.72569274902344,32.85929870605469,69.66526794433594,64.33099365234375,149.94000244140625,32.462799072265625,24.712141036987305
2011-06-20,98.07971954345703,36.68185806274414,32.8090705871582,69.55802917480469,64.3425521850586,150.02999877929688,32.857078552246094,24.57686996459961
2011-06-21,99.42378997802734,37.47697067260742,33.4118537902832,69.46507263183594,64.32511901855469,150.75999450683594,33.11444854736328,24.593782424926758
2011-06-22,98.82472229003906,37.11381912231445,33.07918167114258,69.43649291992188,64.41217803955078,150.99000549316406,33.01590347290039,24.70368766784668
2011-06-23,98.54054260253906,36.79469299316406,33.03569412231445,69.80108642578125,64.58048248291016,148.33999633789062,32.34779357910156,24.179515838623047
2011-06-24,97.3961410522461,36.44366455078125,32.97770309448242,70.09423828125,64.61526489257812,146.25999450683594,32.35276794433594,23.89206886291504
2011-06-27,98.26404571533203,36.7436408996582,33.36185073852539,69.82258605957031,64.40635681152344,145.72999572753906,32.49083709716797,23.88361167907715
2011-06-28,99.54667663574219,37.184017181396484,33.81845474243164,69.17916870117188,63.95953369140625,146.24000549316406,32.761451721191406,24.30632972717285
2011-06-29,100.39920806884766,37.83502960205078,34.1301155090332,68.7645034790039,63.81450653076172,147.17999267578125,33.1038703918457,24.74595832824707
2011-06-30,101.35926818847656,38.3839225769043,34.499755859375,68.52861022949219,63.907344818115234,146.0,33.19223403930664,24.48387336730957
2011-07-01,102.85697174072266,38.80516052246094,34.90563201904297,68.35733795166016,63.91086959838867,144.92999267578125,33.761085510253906,24.517690658569336
2011-07-05,102.77247619628906,38.57539367675781,34.89113235473633,68.78727722167969,64.1380386352539,147.6300048828125,34.02066421508789,24.847408294677734
2011-07-06,102.8953857421875,38.33285903930664,34.659210205078125,68.90914916992188,64.27202606201172,148.91000366210938,34.27471923828125,24.83895492553711
2011-07-07,103.96295166015625,38.66474914550781,35.13756561279297,68.64399719238281,64.28951263427734,149.14999389648438,34.70549392700195,25.363126754760742
2011-07-08,103.22563934326172,38.186065673828125,34.73893356323242,69.37482452392578,64.70310974121094,150.25,34.661312103271484,25.337764739990234
2011-07-11,101.35926818847656,37.03084945678711,33.76771926879883,69.90522003173828,64.91864776611328,151.58999633789062,34.059322357177734,25.143312454223633
2011-07-12,100.92145538330078,36.78193283081055,33.42707824707031,70.00554656982422,64.9710464477539,152.77000427246094,34.17529296875,25.363126754760742
2011-07-13,101.25943756103516,37.3308219909668,33.97066116333008,70.12018585205078,65.13414001464844,154.13999938964844,33.83840560913086,25.709754943847656
2011-07-14,100.56048583984375,37.00531768798828,33.60826873779297,69.71888732910156,64.73217010498047,154.5399932861328,33.52360534667969,25.56603240966797
2011-07-15,101.14421081542969,37.132965087890625,33.81845474243164,70.00554656982422,64.87786865234375,155.1999969482422,33.89363479614258,25.794301986694336
2011-07-18,100.31473541259766,36.584075927734375,33.42707824707031,69.9625473022461,64.62737274169922,156.57000732421875,33.656150817871094,25.650577545166016
2011-07-19,101.9429702758789,37.132965087890625,33.912681579589844,70.2276611328125,64.94193267822266,154.66000366210938,34.1973991394043,25.82811737060547
2011-07-20,101.88154602050781,37.5733528137207,34.01415252685547,69.88369750976562,64.79045867919922,156.02000427246094,34.4459228515625,25.912662506103516
2011-07-21,103.2947769165039,38.371158599853516,34.55774688720703,69.49667358398438,64.69148254394531,154.8300018310547,34.722068786621094,25.785846710205078
2011-07-22,103.36386108398438,38.409454345703125,34.53600311279297,69.76190948486328,64.95358276367188,156.1199951171875,34.893272399902344,25.99720573425293
2011-07-25,102.787841796875,38.16691589355469,34.46351623535156,69.53971099853516,64.64484405517578,157.33999633789062,34.56742858886719,25.870391845703125
2011-07-26,102.40380859375,38.39668273925781,34.57948303222656,69.83360290527344,64.93031311035156,157.77000427246094,34.644744873046875,26.07329559326172
2011-07-27,100.30706787109375,37.4648551940918,33.97066116333008,69.71888732910156,64.73804473876953,157.19000244140625,33.6727180480957,25.895751953125
2011-07-28,100.01519775390625,37.37549591064453,33.999656677246094,69.85506439208984,64.87786865234375,157.32000732421875,33.705867767333984,25.81121063232422
2011-07-29,99.33161926269531,37.47123718261719,34.144615173339844,70.7006607055664,65.46039581298828,158.2899932861328,33.71137619018555,25.599851608276367
2011-08-01,98.9092025756836,36.99894332885742,34.11561965942383,70.95782470703125,65.65394592285156,157.72000122070312,33.203277587890625,25.599851608276367
2011-08-02,96.38233947753906,36.022422790527344,33.06468200683594,71.61156463623047,66.20359802246094,161.52000427246094,32.14290237426758,25.599851608276367
2011-08-03,96.90458679199219,36.233055114746094,32.9487190246582,71.66893768310547,66.18023681640625,161.49000549316406,31.877798080444336,25.219404220581055
2011-08-04,92.36542510986328,33.70560836791992,31.064279556274414,72.61721801757812,66.65966033935547,160.63999938964844,30.32036781311035,24.26405906677246
2011-08-05,92.22718811035156,34.29916763305664,30.861330032348633,71.77671813964844,65.83521270751953,161.75,29.56374168395996,24.36551284790039
2011-08-08,86.22103881835938,31.739818572998047,28.288349151611328,72.91886138916016,65.20955657958984,167.1199951171875,26.995616912841797,23.460893630981445
2011-08-09,90.23026275634766,33.8779296875,29.948108673095703,73.34265899658203,65.79426574707031,168.61000061035156,29.45328140258789,23.689159393310547
2011-08-10,86.24408721923828,31.854707717895508,28.36083221435547,74.3124771118164,66.38483428955078,174.5800018310547,28.773969650268555,23.790613174438477
2011-08-11,90.11508178710938,33.38009262084961,29.926359176635742,73.22058868408203,65.02240753173828,170.75,30.26513671875,24.30632972717285
2011-08-12,90.72179412841797,33.76304626464844,29.911867141723633,73.73062133789062,65.76509857177734,169.97000122070312,30.259601593017578,24.272512435913086
2011-08-15,92.64193725585938,34.5480842590332,30.607654571533203,73.45763397216797,65.88783264160156,171.8000030517578,31.364179611206055,24.568416595458984
2011-08-16,91.85086059570312,34.04386901855469,30.346725463867188,73.79525756835938,66.1275863647461,173.9199981689453,31.270296096801758,24.568416595458984
2011-08-17,91.91228485107422,34.241722106933594,30.56416893005371,74.3124771118164,66.3088150024414,174.4199981689453,31.358646392822266,24.779775619506836
2011-08-18,87.94915008544922,32.575904846191406,29.121849060058594,74.70030975341797,66.39657592773438,177.72000122070312,29.961366653442383,24.171062469482422
2011-08-19,86.51290130615234,32.020633697509766,28.759456634521484,74.77938842773438,66.31470489501953,179.9499969482422,29.38700294494629,24.602231979370117
2011-08-22,86.58203125,32.22488021850586,28.730472564697266,74.64290618896484,66.06912994384766,184.58999633789062,29.420146942138672,24.644508361816406
2011-08-23,89.4315185546875,33.2716064453125,29.7379207611084,74.34117126464844,65.31476593017578,177.6699981689453,30.14362907409668,24.89813804626465
2011-08-24,90.69107055664062,33.28437042236328,29.448015213012695,73.5438232421875,64.54295349121094,171.64999389648438,30.541271209716797,24.644508361816406
2011-08-25,89.30860137939453,32.480167388916016,28.875431060791016,73.9963607788086,64.89960479736328,172.36000061035156,29.9724178314209,24.754413604736328
2011-08-26,90.60661315917969,32.99077224731445,29.3682918548584,74.23344421386719,64.92886352539062,177.47000122070312,30.33692741394043,25.033405303955078
2011-08-29,93.21029663085938,33.775814056396484,30.3177490234375,73.74497985839844,65.1393814086914,173.88999938964844,31.37522315979004,25.117950439453125
2011-08-30,93.4560546875,33.57795715332031,30.361228942871094,74.25494384765625,65.48435974121094,179.10000610351562,31.463603973388672,25.456125259399414
2011-08-31,93.87079620361328,34.19065856933594,30.984554290771484,73.98914337158203,65.68317413330078,177.72000122070312,31.817049026489258,25.498397827148438
2011-09-01,92.88771057128906,33.76942443847656,30.817848205566406,74.57882690429688,65.73192596435547,177.8699951171875,31.358646392822266,25.320859909057617
2011-09-02,90.51441955566406,33.01630783081055,30.122060775756836,75.26278686523438,66.13688659667969,183.24000549316406,30.61859703063965,25.18558692932129
2011-09-06,89.85391998291016,31.931278228759766,29.810396194458008,75.36360168457031,66.52423095703125,182.89999389648438,30.486045837402344,25.101043701171875
2011-09-07,92.38847351074219,32.882266998291016,30.694650650024414,74.96038055419922,66.65332794189453,177.0800018310547,31.634788513183594,25.329309463500977
2011-09-08,91.42843627929688,32.23126220703125,30.013336181640625,75.32758331298828,66.59461975097656,181.80999755859375,31.391799926757812,25.16022491455078
2011-09-09,89.03211212158203,31.114336013793945,28.998632431030273,75.69476318359375,66.66504669189453,180.6999969482422,30.408714294433594,24.762866973876953
2011-09-12,89.60816955566406,30.98031234741211,28.940654754638672,75.46440124511719,66.26009368896484,176.6699981689453,30.508140563964844,24.70368766784668
2011-09-13,90.42993927001953,31.31219482421875,28.984140396118164,75.2412109375,66.24834442138672,178.5399932861328,30.57993507385254,24.627595901489258
2011-09-14,91.68187713623047,31.784494400024414,28.904420852661133,75.28437042236328,66.21894836425781,177.2100067138672,30.778764724731445,24.509235382080078
2011-09-15,93.26405334472656,32.473785400390625,29.32478904724121,74.72277069091797,65.9901123046875,174.39999389648438,31.2868595123291,24.610689163208008
2011-09-16,93.8160400390625,32.4865608215332,29.37552261352539,74.86676788330078,65.9901123046875,176.02999877929688,31.59061050415039,24.500782012939453
2011-09-19,92.88191986083984,31.593019485473633,28.505788803100586,75.47874450683594,66.35403442382812,173.30999755859375,30.900253295898438,24.086519241333008
2011-09-20,92.7737808227539,31.72067642211914,28.29560089111328,75.57957458496094,66.3833236694336,175.77999877929688,30.883682250976562,24.04424476623535
2011-09-21,90.04087829589844,30.77606773376465,27.244657516479492,75.90351867675781,66.5359115600586,173.58999633789062,29.25445556640625,23.689159393310547
2011-09-22,87.13034057617188,29.780406951904297,25.33122444152832,76.60907745361328,66.66504669189453,169.0500030517578,28.542003631591797,22.85218048095703
2011-09-23,87.65534210205078,30.118680953979492,26.005285263061523,75.97550964355469,66.25423431396484,159.8000030517578,28.752243041992188,22.446367263793945
2011-09-26,89.73974609375,30.737770080566406,26.39665985107422,75.65878295898438,66.13096618652344,157.5800018310547,29.153751373291016,22.522459030151367
2011-09-27,90.74337005615234,31.497276306152344,27.237407684326172,75.1548080444336,65.91972351074219,160.6300048828125,29.4437198638916,22.902904510498047
2011-09-28,88.89054107666016,30.961158752441406,26.418411254882812,75.1692123413086,65.65559387207031,156.22000122070312,28.696474075317383,22.285734176635742
2011-09-29,89.59307098388672,31.567495346069336,26.780803680419922,75.1692123413086,65.58513641357422,157.6999969482422,29.142593383789062,22.547821044921875
2011-09-30,87.3542251586914,30.495241165161133,25.439943313598633,75.64437103271484,65.91382598876953,158.05999755859375,28.367469787597656,21.770015716552734
2011-10-03,84.86833190917969,29.69105339050293,24.90360450744629,76.34483337402344,66.03636932373047,160.9600067138672,27.029115676879883,21.660110473632812
2011-10-04,86.72887420654297,30.18888282775879,25.28773307800293,75.95530700683594,65.45905303955078,157.63999938964844,28.094209671020508,21.617839813232422
2011-10-05,88.33468627929688,30.654796600341797,25.874818801879883,75.63787078857422,65.73003387451172,159.4600067138672,27.854429244995117,21.922197341918945
2011-10-06,89.9327621459961,31.478132247924805,26.730066299438477,75.11124420166016,65.46492767333984,160.49000549316406,28.618406295776367,22.378732681274414
2011-10-07,89.33059692382812,31.26114273071289,26.41115951538086,74.72171783447266,65.40601348876953,159.17999267578125,27.820968627929688,22.277280807495117
2011-10-10,92.31831359863281,32.454647064208984,27.592557907104492,73.93537902832031,65.52976989746094,163.27000427246094,29.20950698852539,22.776090621948242
2011-10-11,92.41095733642578,32.39720916748047,27.6070556640625,74.18064880371094,65.70645141601562,162.10000610351562,28.62955665588379,22.945175170898438
2011-10-12,93.2215576171875,32.8695068359375,28.382570266723633,73.9281234741211,65.80662536621094,163.25999450683594,29.097976684570312,22.98744773864746
2011-10-13,93.03628540039062,32.882266998291016,28.1289005279541,74.22393035888672,65.86550903320312,162.3000030517578,28.90838050842285,23.038171768188477
2011-10-14,94.62667083740234,33.26520919799805,28.694236755371094,73.85604858398438,65.82427215576172,163.39999389648438,29.577566146850586,23.562347412109375
2011-10-17,92.82015228271484,32.49932098388672,27.723024368286133,74.33935546875,65.77718353271484,162.6199951171875,28.93626594543457,23.224170684814453
2011-10-18,94.6343994140625,32.96524429321289,28.462297439575195,74.2600326538086,66.00686645507812,161.83999633789062,29.956754684448242,23.35098648071289
2011-10-19,93.51495361328125,32.371673583984375,27.918712615966797,74.3754653930664,66.17776489257812,159.8699951171875,29.61101531982422,22.89444923400879
2011-10-20,93.92411804199219,32.454647064208984,27.382368087768555,74.22393035888672,66.32504272460938,157.77000427246094,29.7783203125,22.860633850097656
2011-10-21,95.70750427246094,33.23968505859375,28.165132522583008,74.0868911743164,66.54293823242188,159.52000427246094,30.759769439697266,22.978994369506836
2011-10-24,96.88095092773438,33.73750686645508,29.266809463500977,74.05078125,66.88470458984375,161.02000427246094,31.523752212524414,23.342533111572266
2011-10-25,94.99723815917969,33.15671920776367,28.68697738647461,74.6855697631836,67.21456146240234,165.58999633789062,31.01070785522461,23.41861915588379
2011-10-26,95.96229553222656,33.609867095947266,29.2160701751709,74.13736724853516,67.16740417480469,167.39999389648438,31.239343643188477,23.28335189819336
2011-10-27,99.30511474609375,35.4671516418457,30.99179458618164,73.2427749633789,67.15563201904297,169.5500030517578,32.722679138183594,23.900522232055664
2011-10-28,99.2819595336914,35.26291275024414,30.730876922607422,73.6828842163086,67.414794921875,169.6199951171875,32.78959655761719,23.7990665435791
2011-10-31,96.8886947631836,33.431156158447266,29.578468322753906,74.67117309570312,67.56795501708984,167.33999633789062,32.421546936035156,23.435529708862305
2011-11-01,94.18657684326172,32.38444519042969,28.86092758178711,75.56682586669922,67.9061279296875,167.3800048828125,31.37875747680664,23.15653419494629
2011-11-02,95.72294616699219,32.65888977050781,29.74517059326172,75.38610076904297,68.15440368652344,169.05999755859375,31.981021881103516,23.300260543823242
2011-11-03,97.46772003173828,33.482215881347656,30.04958152770996,75.03185272216797,68.18987274169922,171.72000122070312,32.421546936035156,23.587709426879883
2011-11-04,96.873291015625,33.060977935791016,29.853891372680664,75.25593566894531,68.32585906982422,170.85000610351562,32.159461975097656,23.663799285888672
2011-11-07,97.47543334960938,33.20139694213867,30.107553482055664,75.34268951416016,68.05394744873047,174.97999572753906,32.165035247802734,24.01042938232422
2011-11-08,98.72610473632812,33.60348129272461,30.462705612182617,75.00301361083984,67.63414764404297,173.52999877929688,32.583274841308594,24.1287899017334
2011-11-09,95.0821533203125,31.880229949951172,28.67973518371582,75.66801452636719,67.45684051513672,172.07000732421875,31.0943603515625,23.59616470336914
2011-11-10,95.97770690917969,32.256797790527344,28.868179321289062,75.29940032958984,67.11985778808594,171.13999938964844,31.088788986206055,23.57080078125
2011-11-11,97.78424072265625,33.060977935791016,29.56397247314453,74.95234680175781,67.00164031982422,173.9600067138672,31.925264358520508,23.7990665435791
2011-11-14,96.85780334472656,32.473785400390625,29.158100128173828,75.42224884033203,66.99574279785156,173.1999969482422,31.33413314819336,23.545438766479492
2011-11-15,97.33647155761719,32.38444519042969,29.339282989501953,75.3210678100586,66.93069458007812,173.36000061035156,31.568359375,23.714523315429688
2011-11-16,95.79241943359375,31.76534080505371,28.549264907836914,75.5957260131836,66.7179183959961,171.50999450683594,31.267229080200195,23.655344009399414
2011-11-17,94.27151489257812,31.420700073242188,27.824485778808594,75.74755096435547,66.19175720214844,167.10000610351562,30.69285011291504,23.105810165405273
2011-11-18,94.17115783691406,31.52919578552246,27.933208465576172,75.46559143066406,66.29817199707031,167.6199951171875,30.888029098510742,23.071992874145508
2011-11-21,92.38008880615234,30.731395721435547,27.034467697143555,75.67522430419922,66.02628326416016,163.5,30.107324600219727,22.902904510498047
2011-11-22,92.0172348022461,30.642045974731445,27.128690719604492,75.90652465820312,65.85480499267578,165.30999755859375,29.967905044555664,23.055084228515625
2011-11-23,89.98683166503906,29.7995548248291,26.2517032623291,76.16675567626953,65.51786041259766,164.8300018310547,29.064523696899414,22.708454132080078
2011-11-25,89.81697845458984,29.646373748779297,26.16473388671875,75.68243408203125,65.25770568847656,163.39999389648438,29.19278335571289,22.522459030151367
2011-11-28,92.41871643066406,30.91010093688965,27.41861343383789,75.6896743774414,65.28731536865234,166.6300048828125,29.845224380493164,22.801448822021484
2011-11-29,92.68118286132812,31.114336013793945,27.295392990112305,75.54515075683594,65.13949584960938,166.8800048828125,29.800615310668945,23.097354888916016
2011-11-30,96.49495697021484,32.70355987548828,28.998632431030273,75.10415649414062,65.43509674072266,170.1300048828125,31.18916130065918,23.36789321899414
2011-12-01,96.47950744628906,32.422733306884766,28.911666870117188,75.08245086669922,65.5869140625,169.6300048828125,30.932641983032227,23.28335189819336
2011-12-02,96.39459991455078,32.416351318359375,28.824687957763672,75.41564178466797,66.14458465576172,169.82000732421875,30.90475082397461,23.48625946044922
2011-12-05,97.44454193115234,32.786529541015625,29.295801162719727,75.37217712402344,66.63700103759766,167.32000732421875,31.166845321655273,23.35944175720215
2011-12-06,97.47543334960938,32.63335037231445,28.89717674255371,75.17662048339844,66.28102111816406,168.17999267578125,31.116662979125977,23.48625946044922
2011-12-07,97.83828735351562,32.86311340332031,29.01313018798828,75.51699829101562,66.69628143310547,169.39999389648438,31.456830978393555,23.28335189819336
2011-12-08,95.69207763671875,31.784494400024414,27.969451904296875,75.90083312988281,66.47085571289062,165.97999572753906,30.74303436279297,22.98744773864746
2011-12-09,97.31329345703125,32.575904846191406,28.534780502319336,75.3794174194336,66.21577453613281,166.39999389648438,31.417783737182617,23.071992874145508
2011-12-12,95.89279174804688,31.62493133544922,27.462095260620117,75.64012908935547,66.2217025756836,161.99000549316406,30.860145568847656,22.776090621948242
2011-12-13,94.99723815917969,31.19730567932129,27.208415985107422,75.9877700805664,66.44712829589844,158.4499969482422,30.497671127319336,22.86908721923828
2011-12-14,93.98588562011719,30.827125549316406,26.817035675048828,76.3064193725586,66.55985260009766,152.88999938964844,30.676137924194336,22.057466506958008
2011-12-15,94.32557678222656,30.98031234741211,26.990989685058594,76.24124908447266,66.66664123535156,152.3300018310547,31.18916130065918,21.947559356689453
2011-12-16,94.4654312133789,30.8526611328125,27.19392967224121,76.610595703125,67.04035949707031,155.22999572753906,31.534887313842773,22.12510108947754
2011-12-19,93.4554443359375,30.565452575683594,26.490880966186523,76.87134552001953,67.2776107788086,154.8699951171875,31.26165771484375,22.023649215698242
2011-12-20,96.28340148925781,31.643484115600586,27.60093116760254,76.17606353759766,67.23020935058594,156.97999572753906,32.20964050292969,22.53091049194336
2011-12-21,96.46988677978516,31.475540161132812,27.688724517822266,75.92977142333984,66.94547271728516,157.16000366210938,32.19850158691406,22.691543579101562
2011-12-22,97.32450103759766,31.759750366210938,28.054594039916992,76.02397918701172,67.29546356201172,156.0399932861328,32.66135025024414,22.716907501220703
2011-12-23,98.19464111328125,31.979366302490234,28.164356231689453,75.71256256103516,67.08779907226562,156.30999755859375,32.80343246459961,22.826814651489258
2011-12-27,98.2723388671875,31.837257385253906,27.893619537353516,75.75534057617188,67.34261322021484,154.91000366210938,32.95001983642578,22.928264617919922
2011-12-28,96.98262786865234,31.262392044067383,27.425312042236328,76.23421478271484,67.46758270263672,151.02999877929688,32.55534362792969,22.65772819519043
2011-12-29,97.98490905761719,31.837257385253906,27.739946365356445,76.32855224609375,67.43183898925781,150.33999633789062,32.8428955078125,22.72536277770996
2011-12-30,97.50318908691406,31.992277145385742,27.76189422607422,76.59700775146484,67.71760559082031,151.99000549316406,32.70195007324219,22.691543579101562
2012-01-03,99.0570068359375,32.8642578125,28.610719680786133,76.11088562011719,67.6640396118164,155.9199981689453,32.97822189331055,23.36789321899414
2012-01-04,99.21239471435547,32.670494079589844,28.44972801208496,75.8714370727539,67.71760559082031,156.7100067138672,32.41438293457031,23.545438766479492
2012-01-05,99.4765396118164,32.18606185913086,28.32533073425293,75.88592529296875,67.42593383789062,157.77999877929688,32.718849182128906,23.224170684814453
2012-01-06,99.22016906738281,31.74683380126953,27.966785430908203,76.18342590332031,67.68781280517578,157.1999969482422,32.61172103881836,23.32562255859375
2012-01-09,99.46099853515625,31.869550704956055,28.25947380065918,76.19794464111328,67.586669921875,156.5,32.498966217041016,23.35098648071289
2012-01-10,100.32339477539062,32.3539924621582,28.874134063720703,76.04557800292969,67.77716064453125,158.63999938964844,32.85980224609375,23.52007484436035
2012-01-11,100.37776947021484,32.250640869140625,28.896087646484375,76.48816680908203,67.7652359008789,159.6699981689453,33.09098434448242,23.452438354492188
2012-01-12,100.61861419677734,32.386287689208984,29.013164520263672,76.32855224609375,67.91998291015625,160.3800048828125,32.84852600097656,23.12272071838379
2012-01-13,100.09810638427734,32.03749465942383,28.74973487854004,76.66952514648438,68.16410827636719,159.25999450683594,32.92182922363281,23.071992874145508
2012-01-17,100.48651885986328,32.4185905456543,29.29853630065918,76.74214172363281,68.3724136352539,160.5,33.19247817993164,23.23262596130371
2012-01-18,101.5975341796875,32.96115493774414,30.0375919342041,76.50263214111328,68.23552703857422,161.60000610351562,33.42363739013672,23.241079330444336
2012-01-19,102.13359832763672,33.36808395385742,30.301002502441406,76.04557800292969,68.2176513671875,161.22000122070312,33.553306579589844,23.342533111572266
2012-01-20,102.51427459716797,33.54248046875,30.279064178466797,75.78433990478516,68.04502868652344,162.07000732421875,33.76192855834961,23.173442840576172
2012-01-23,102.25015258789062,33.671669006347656,30.571752548217773,75.61752319335938,67.94379425048828,163.16000366210938,33.92544937133789,23.44398307800293
2012-01-24,102.13359832763672,33.48434829711914,30.61565589904785,75.70452880859375,68.18785858154297,162.00999450683594,34.18479537963867,23.48625946044922
2012-01-25,102.98821258544922,33.83314895629883,30.959571838378906,76.06736755371094,68.4200439453125,166.4199981689453,34.62458419799805,23.680707931518555
2012-01-26,102.45991516113281,33.846065521240234,30.835172653198242,76.4736557006836,68.95576477050781,167.27000427246094,34.867042541503906,23.748340606689453
2012-01-27,102.413330078125,33.90420150756836,30.996156692504883,76.70587158203125,69.05696105957031,168.97000122070312,34.87830352783203,23.832887649536133
2012-01-30,102.06365203857422,33.503726959228516,30.549800872802734,76.96703338623047,68.9676742553711,168.02999877929688,34.61894989013672,23.587709426879883
2012-01-31,102.02481079101562,33.67811584472656,30.813228607177734,77.25727081298828,69.17002868652344,169.30999755859375,34.78809356689453,23.528526306152344
2012-02-01,102.91831970214844,34.20777893066406,31.493741989135742,76.98907470703125,69.44541931152344,169.55999755859375,35.13202667236328,23.604616165161133
2012-02-02,103.08142852783203,34.27882385253906,31.5815372467041,77.09803771972656,69.58877563476562,171.0500030517578,35.21096420288086,23.663799285888672
2012-02-03,104.52650451660156,34.814937591552734,32.10839080810547,76.48753356933594,69.48722839355469,167.63999938964844,35.70149612426758,23.942792892456055
2012-02-06,104.45657348632812,34.647003173828125,31.83765411376953,76.69831085205078,69.66639709472656,167.17999267578125,35.5887336730957,24.061153411865234
2012-02-07,104.7207260131836,34.86015319824219,31.903499603271484,76.20407104492188,69.53495788574219,169.6999969482422,35.49850845336914,24.04424476623535
2012-02-08,105.03152465820312,34.98286819458008,32.130348205566406,76.24038696289062,69.6066665649414,168.5,35.56053924560547,24.154151916503906
2012-02-09,105.1635513305664,35.07330322265625,32.11570358276367,76.06591033935547,69.3856430053711,168.02000427246094,35.30117416381836,24.280967712402344
2012-02-10,104.38668060302734,34.40800476074219,31.40593719482422,76.49481201171875,69.32000732421875,167.13999938964844,34.974151611328125,24.052698135375977
2012-02-13,105.1635513305664,34.80201721191406,31.918134689331055,76.44395446777344,69.55889129638672,167.50999450683594,35.32936096191406,24.11188316345215
2012-02-14,105.03152465820312,34.54364776611328,31.654714584350586,76.60382843017578,69.6126708984375,167.1199951171875,34.9685173034668,24.10342788696289
2012-02-15,104.54202270507812,34.582401275634766,31.742517471313477,76.66199493408203,69.51703643798828,168.11000061035156,34.75990295410156,24.187971115112305
2012-02-16,105.69965362548828,35.06037521362305,32.086429595947266,76.31304168701172,69.39765930175781,168.0,35.12639617919922,24.297876358032227
2012-02-17,105.97932434082031,35.21541213989258,32.14496994018555,76.23316192626953,69.29014587402344,167.35000610351562,35.154579162597656,24.255603790283203
2012-02-21,106.02595520019531,35.22185516357422,32.013267517089844,75.95694732666016,69.17662048339844,171.02000427246094,34.60765838623047,24.636051177978516
2012-02-22,105.68414306640625,35.118526458740234,32.07181167602539,76.25495910644531,69.6066665649414,172.94000244140625,34.314476013183594,24.864320755004883
2012-02-23,106.15025329589844,35.4091796875,32.013267517089844,76.36394500732422,69.70218658447266,173.02000427246094,34.74299240112305,24.94040870666504
2012-02-24,106.38336944580078,35.62234115600586,32.33522415161133,76.42205047607422,69.7559814453125,172.22999572753906,34.78809356689453,25.092586517333984
2012-02-27,106.56206512451172,35.44147872924805,32.013267517089844,76.67650604248047,70.01282501220703,171.6999969482422,34.731719970703125,24.88968276977539
2012-02-28,106.87278747558594,35.770904541015625,32.459625244140625,76.712890625,70.23380279541016,173.49000549316406,34.52873229980469,24.8812313079834
2012-02-29,106.45326232910156,35.30582809448242,32.43767166137695,76.40756225585938,70.29949951171875,164.2899932861328,34.38778305053711,24.78822898864746
2012-03-01,107.00484466552734,35.7063102722168,32.744991302490234,76.16006469726562,70.13349151611328,166.61000061035156,34.59640884399414,25.17713165283203
2012-03-02,106.67857360839844,35.37688446044922,32.66449737548828,76.46578216552734,70.1574478149414,166.33999633789062,34.54563903808594,24.923498153686523
2012-03-05,106.24349975585938,35.18955993652344,32.10106658935547,76.31294250488281,70.03162384033203,165.64999389648438,34.89521408081055,24.80514144897461
2012-03-06,104.689697265625,34.065670013427734,31.025421142578125,76.63327026367188,69.92371368408203,162.6999969482422,34.43288803100586,24.399328231811523
2012-03-07,105.4199447631836,34.48552322387695,31.398609161376953,76.4876480102539,69.89375305175781,163.6300048828125,34.61894989013672,24.509235382080078
2012-03-08,106.46879577636719,35.22832107543945,32.05716323852539,76.26197052001953,69.90574645996094,165.27999877929688,34.43852996826172,24.712141036987305
2012-03-09,106.88059997558594,35.112060546875,32.042537689208984,76.2037124633789,69.86978149414062,166.3800048828125,34.60765838623047,24.779775619506836
2012-03-12,106.8883285522461,35.02163314819336,31.69130516052246,76.1819076538086,69.7319564819336,165.07000732421875,34.861385345458984,24.74595832824707
2012-03-13,108.81509399414062,35.59003829956055,32.55474853515625,75.63580322265625,69.54016876220703,162.3000030517578,35.56617736816406,24.855865478515625
2012-03-14,108.69857025146484,35.273536682128906,32.042537689208984,74.76947784423828,68.71309661865234,159.57000732421875,35.470306396484375,24.686777114868164
2012-03-15,109.32787322998047,35.60941696166992,32.298641204833984,74.74763488769531,68.56324768066406,161.0800018310547,35.41958236694336,24.70368766784668
2012-03-16,109.47923278808594,35.85486602783203,32.262054443359375,74.72579193115234,68.66515350341797,161.3000030517578,35.6225700378418,25.008041381835938
2012-03-19,109.90843200683594,36.042171478271484,32.13766860961914,74.2670669555664,68.56922912597656,161.58999633789062,35.870628356933594,24.96577262878418
2012-03-20,109.58850860595703,35.615875244140625,31.5815372467041,74.30352783203125,68.52731323242188,160.1300048828125,35.81989669799805,24.661413192749023
2012-03-21,109.40901947021484,35.38335037231445,31.640085220336914,74.68209075927734,68.83895111083984,160.2100067138672,35.7691535949707,24.602231979370117
2012-03-22,108.62086486816406,35.137901306152344,31.15713119506836,74.77677154541016,68.72506713867188,159.57000732421875,35.278621673583984,24.407785415649414
2012-03-23,108.97205352783203,35.38335037231445,31.391300201416016,75.0534439086914,68.77899169921875,161.52999877929688,35.49850845336914,24.644508361816406
2012-03-26,110.50150299072266,35.83548355102539,31.940095901489258,74.96601867675781,68.92888641357422,164.39999389648438,35.9145393371582,24.754413604736328
2012-03-27,110.15814208984375,35.60941696166992,31.77179527282715,75.38099670410156,69.46226501464844,163.24000549316406,35.92023468017578,24.6529598236084
2012-03-28,109.6119384765625,35.36396408081055,31.237625122070312,75.25000762939453,69.33041381835938,161.50999450683594,35.863407135009766,24.416236877441406
2012-03-29,109.42460632324219,35.137901306152344,31.20104217529297,75.56306457519531,69.46820831298828,161.27999877929688,35.88045883178711,24.078062057495117
2012-03-30,109.87721252441406,35.45438766479492,31.427879333496094,75.1917724609375,69.30039978027344,162.1199951171875,36.17600631713867,24.348602294921875
2012-04-02,110.68091583251953,35.86778259277344,31.859600067138672,75.37183380126953,69.47904968261719,162.94000244140625,36.4317512512207,24.661413192749023
2012-04-03,110.22833251953125,35.24124526977539,31.676666259765625,74.81761932373047,68.81751251220703,159.88999938964844,36.2896728515625,24.551509857177734
2012-04-04,109.13592529296875,34.453224182128906,31.10591697692871,75.19681549072266,68.9498062133789,157.2100067138672,35.89182662963867,24.171062469482422
2012-04-05,109.08131408691406,34.24653625488281,31.274213790893555,75.5323257446289,69.06407165527344,158.30999755859375,35.75539779663086,24.26405906677246
2012-04-09,107.85618591308594,34.09797668457031,30.813228607177734,76.30534362792969,69.5151596069336,159.3699951171875,35.3746223449707,24.154151916503906
2012-04-10,106.04581451416016,33.36808395385742,30.21320343017578,76.66268920898438,69.4730224609375,161.10000610351562,34.613014221191406,23.832887649536133
2012-04-11,106.90416717529297,33.83314895629883,30.5424861907959,76.36372375488281,69.40082550048828,161.07000732421875,35.056331634521484,23.89206886291504
2012-04-12,108.30093383789062,34.453224182128906,31.325439453125,76.2105484008789,69.43090057373047,162.6999969482422,35.539432525634766,24.204877853393555
2012-04-13,107.01342010498047,33.79439163208008,30.849811553955078,76.67001342773438,69.76166534423828,160.85000610351562,35.39167785644531,23.959701538085938
2012-04-16,106.94320678710938,34.03984069824219,30.696142196655273,76.64812469482422,69.76166534423828,160.4600067138672,35.87477111816406,23.722978591918945
2012-04-17,108.52727508544922,34.582401275634766,31.04737091064453,76.56790924072266,69.85188293457031,160.25,36.18168640136719,23.832887649536133
2012-04-18,108.16053009033203,34.401546478271484,30.90102767944336,76.72106170654297,69.83985900878906,159.30999755859375,35.93729019165039,23.604616165161133
2012-04-19,107.46599578857422,34.194847106933594,30.761995315551758,76.80858612060547,69.88798522949219,159.42999267578125,35.93729019165039,23.61307144165039
2012-04-20,107.6455078125,34.52427673339844,30.97420883178711,76.81585693359375,69.86994171142578,159.5399932861328,36.37493133544922,23.706073760986328
2012-04-23,106.74029541015625,33.83314895629883,30.38150405883789,76.96904754638672,69.88198852539062,159.07000732421875,35.999813079833984,23.663799285888672
2012-04-24,107.14608764648438,34.10443115234375,30.44734764099121,76.7720947265625,69.75569915771484,159.3000030517578,36.53976058959961,23.663799285888672
2012-04-25,108.6130599975586,34.56948471069336,30.72542381286621,76.67725372314453,69.8759765625,159.6199951171875,36.96033477783203,23.7990665435791
2012-04-26,109.36998748779297,34.77618408203125,30.915664672851562,76.93257904052734,69.990234375,161.02999877929688,37.05126953125,23.849794387817383
2012-04-27,109.54945373535156,34.91828918457031,30.959571838378906,77.01276397705078,70.09249877929688,161.3800048828125,37.307044982910156,23.92588233947754
2012-04-30,109.14372253417969,34.718048095703125,30.893714904785156,77.07839965820312,70.05035400390625,161.8800048828125,37.21040725708008,24.018882751464844
2012-05-01,109.82257080078125,34.86015319824219,31.098590850830078,76.93817901611328,69.91703033447266,161.32000732421875,37.61393356323242,24.018882751464844
2012-05-02,109.49484252929688,34.58885955810547,31.04005241394043,77.0842514038086,70.14630889892578,160.58999633789062,37.557106018066406,23.706073760986328
2012-05-03,108.65989685058594,34.285282135009766,30.805908203125,77.07691955566406,70.1885757446289,158.97000122070312,37.4263801574707,23.44398307800293
2012-05-04,106.90416717529297,33.76209259033203,30.26441192626953,77.38368225097656,70.26699829101562,159.47000122070312,37.09673309326172,23.029722213745117
2012-05-07,106.98223876953125,34.0075569152832,30.37418556213379,77.36183166503906,70.38764190673828,159.0800018310547,37.35818099975586,22.978994369506836
2012-05-08,106.55305480957031,33.48434829711914,29.8912410736084,77.53712463378906,70.56266021728516,156.0,37.289981842041016,22.89444923400879
2012-05-09,105.92098999023438,33.096797943115234,29.503427505493164,77.60284423828125,70.44197082519531,154.47000122070312,37.17062759399414,22.716907501220703
2012-05-10,106.13949584960938,33.2518196105957,29.627826690673828,77.49327087402344,70.297119140625,154.77000427246094,37.19904327392578,22.72536277770996
2012-05-11,105.81952667236328,33.04511642456055,29.247318267822266,77.74897003173828,70.50840759277344,153.55999755859375,37.278621673583984,22.556276321411133
2012-05-14,104.64906311035156,32.41212844848633,28.581443786621094,78.09228515625,70.52644348144531,151.3300018310547,36.806880950927734,22.260372161865234
2012-05-15,104.04821014404297,32.00520324707031,28.332656860351562,78.11420440673828,70.4359130859375,149.74000549316406,36.61363983154297,22.302644729614258
2012-05-16,103.65019989013672,31.688703536987305,27.93020248413086,78.17261505126953,70.47212219238281,149.4600067138672,36.21010208129883,22.277280807495117
2012-05-17,102.11300659179688,31.30115509033203,27.549694061279297,78.46483612060547,69.94720458984375,152.8000030517578,35.152957916259766,22.22655487060547
2012-05-18,101.23902130126953,31.07508087158203,27.286279678344727,78.41368103027344,69.67565155029297,154.5500030517578,34.726688385009766,22.209646224975586
2012-05-21,102.9791488647461,31.759750366210938,27.937517166137695,78.20915222167969,69.75406646728516,154.64999389648438,35.48259735107422,22.505550384521484
2012-05-22,103.15862274169922,31.643484115600586,27.64482307434082,78.04113006591797,69.56707000732422,152.0800018310547,35.55081558227539,22.184280395507812
2012-05-23,103.21322631835938,31.385120391845703,27.454578399658203,78.24565124511719,69.73600006103516,151.6199951171875,35.60195541381836,21.939104080200195
2012-05-24,103.41615295410156,31.178434371948242,27.315547943115234,78.07765197753906,69.74808502197266,151.41000366210938,35.761104583740234,21.947559356689453
2012-05-25,103.08061218261719,31.068614959716797,27.183835983276367,78.30406951904297,69.92304992675781,152.67999267578125,35.619014739990234,22.023649215698242
2012-05-29,104.32909393310547,31.46263313293457,27.952152252197266,78.23832702636719,70.02567291259766,151.02000427246094,36.124855041503906,21.93065071105957
2012-05-30,102.8153076171875,30.719823837280273,27.469209671020508,78.9833984375,70.08595275878906,151.91000366210938,35.26662826538086,21.52484130859375
2012-05-31,102.58898162841797,30.848997116088867,27.586286544799805,79.29020690917969,70.58075714111328,151.6199951171875,35.53373718261719,21.33884620666504
2012-06-01,100.0061264038086,30.067453384399414,26.847238540649414,79.97132110595703,71.01427459716797,157.5,34.66416931152344,20.89921760559082
2012-06-04,99.95933532714844,30.319353103637695,26.964309692382812,79.51045989990234,70.47542572021484,157.32000732421875,34.42546081542969,21.017580032348633
2012-06-05,100.71623229980469,30.538965225219727,27.037498474121094,79.24700164794922,70.32405853271484,157.13999938964844,35.13591003417969,20.941490173339844
2012-06-06,102.9791488647461,31.391572952270508,27.8277587890625,78.72760009765625,70.11819458007812,157.2100067138672,35.9145393371582,21.33038902282715
2012-06-07,103.04158782958984,31.436784744262695,27.996051788330078,78.9178237915039,70.26349639892578,154.5,35.65877914428711,21.186664581298828
2012-06-08,103.86094665527344,31.33344268798828,27.754589080810547,78.97636413574219,70.52381134033203,154.72999572753906,36.16463851928711,21.254302978515625
2012-06-11,102.54216766357422,31.029861450195312,27.352130889892578,79.18853759765625,70.51171875,155.36000061035156,35.35187911987305,20.865398406982422
2012-06-12,103.72044372558594,31.546586990356445,27.922883987426758,78.76419830322266,70.30584716796875,156.4600067138672,35.68721008300781,20.96685028076172
2012-06-13,103.05721282958984,31.29469108581543,27.82044792175293,79.1811752319336,70.56017303466797,157.1199951171875,35.50533676147461,20.80621910095215
2012-06-14,104.14962768554688,31.527223587036133,28.01800537109375,78.96905517578125,70.47542572021484,157.75,36.02254104614258,21.051395416259766
2012-06-15,105.21477508544922,31.9729061126709,28.530214309692383,79.33485412597656,70.76604461669922,157.83999633789062,36.24420928955078,21.017580032348633
2012-06-18,105.41873168945312,31.88248062133789,28.588762283325195,79.31285095214844,70.73576354980469,157.92999267578125,36.54543685913086,21.034488677978516
2012-06-19,106.43843841552734,32.41212844848633,29.049753189086914,79.04219818115234,70.66915893554688,157.16000366210938,36.69321823120117,21.21202850341797
2012-06-20,106.26589965820312,32.59943389892578,28.95462989807129,78.88129425048828,70.69941711425781,155.97000122070312,36.6761589050293,20.865398406982422
2012-06-21,103.88138580322266,31.746131896972656,27.894241333007812,79.04951477050781,70.80841827392578,152.02000427246094,36.079383850097656,20.41731834411621
2012-06-22,104.68147277832031,32.017127990722656,27.983104705810547,78.70568084716797,70.75396728515625,152.63999938964844,36.08506774902344,20.620222091674805
2012-06-25,103.00288391113281,31.303287506103516,27.464754104614258,79.13732147216797,70.93555450439453,153.75999450683594,35.901126861572266,20.831581115722656
2012-06-26,103.52057647705078,31.5081787109375,27.701709747314453,78.96172332763672,71.00820922851562,152.6199951171875,36.02145004272461,20.975305557250977
2012-06-27,104.45397186279297,31.805625915527344,27.879438400268555,79.07146453857422,71.10509490966797,152.8300018310547,36.16471481323242,21.093669891357422
2012-06-28,104.1559066772461,31.871723175048828,27.746150970458984,79.3275375366211,71.21404266357422,151.0500030517578,36.56011199951172,20.865398406982422
2012-06-29,106.75220489501953,33.02179718017578,28.97536277770996,78.96172332763672,71.19590759277344,155.19000244140625,37.49417495727539,21.770015716552734
2012-07-02,107.07378387451172,33.23991394042969,28.97536277770996,79.32804107666016,71.57372283935547,155.08999633789062,37.906768798828125,21.72774887084961
2012-07-03,107.77969360351562,33.5439567565918,29.552934646606445,79.13024139404297,71.63452911376953,157.4600067138672,38.13025665283203,22.33646011352539
2012-07-05,107.29336547851562,32.98874282836914,29.2419376373291,79.34271240234375,71.81674194335938,155.67999267578125,37.89531707763672,22.421005249023438
2012-07-06,106.27373504638672,32.6780891418457,28.708782196044922,79.62113952636719,71.99900817871094,153.7100067138672,37.98699188232422,21.905288696289062
2012-07-09,106.1403579711914,32.605384826660156,28.6051082611084,79.8409194946289,72.0475845336914,154.0399932861328,38.027099609375,22.294187545776367
2012-07-10,105.21477508544922,32.38726806640625,28.286699295043945,79.8775863647461,72.02935791015625,152.14999389648438,37.6202392578125,22.00674057006836
2012-07-11,105.23051452636719,32.486412048339844,28.434814453125,79.80426025390625,72.1508560180664,152.99000549316406,37.660362243652344,22.25191879272461
2012-07-12,104.72064971923828,32.16254425048828,27.96088409423828,79.98745727539062,72.515380859375,152.58999633789062,37.77497100830078,22.302644729614258
2012-07-13,106.4776382446289,32.61860656738281,28.501449584960938,79.92153930664062,72.53962707519531,154.13999938964844,38.239131927490234,22.573184967041016
2012-07-16,106.22665405273438,32.61200714111328,28.434814453125,80.09736633300781,72.74012756347656,154.2100067138672,38.31361770629883,22.85218048095703
2012-07-17,106.95611572265625,32.70453643798828,28.81245231628418,79.8922348022461,72.74012756347656,153.47000122070312,38.68037796020508,22.877540588378906
2012-07-18,107.74832153320312,32.96230697631836,28.738401412963867,79.97274017333984,73.14106750488281,153.0500030517578,38.45115280151367,23.080446243286133
2012-07-19,108.03065490722656,33.266357421875,29.004980087280273,79.85560607910156,73.2686538696289,153.3800048828125,38.050025939941406,23.35944175720215
2012-07-20,107.04238891601562,32.486412048339844,28.575496673583984,80.1706314086914,73.32328796386719,153.6699981689453,37.849464416503906,23.35944175720215
2012-07-23,105.95995330810547,31.818845748901367,27.82759666442871,80.30253601074219,73.08644104003906,153.02999877929688,37.574405670166016,22.86908721923828
2012-07-24,105.05008697509766,31.475135803222656,27.70911979675293,80.45636749267578,73.20184326171875,153.52000427246094,37.44833755493164,22.733816146850586
2012-07-25,105.07366180419922,31.6403865814209,27.8424072265625,80.50032806396484,73.34152221679688,155.6699981689453,37.43114471435547,22.902904510498047
2012-07-26,106.80706787109375,32.605384826660156,28.47182273864746,80.25125122070312,73.45697784423828,156.77000427246094,37.76350021362305,22.945175170898438
2012-07-27,108.77582550048828,33.292789459228516,29.27155303955078,79.67242431640625,73.11068725585938,157.5399932861328,38.124515533447266,23.18189811706543
2012-07-30,108.77582550048828,33.253135681152344,29.101247787475586,79.92888641357422,73.29902648925781,157.42999267578125,38.302154541015625,23.317171096801758
2012-07-31,108.0149917602539,33.04823303222656,28.96795082092285,80.06804656982422,73.67568969726562,156.49000549316406,38.24485397338867,23.038171768188477
2012-08-01,107.92086029052734,33.054840087890625,29.01978874206543,79.77601623535156,73.59336853027344,155.13999938964844,38.061492919921875,23.071992874145508
2012-08-02,107.17572784423828,32.592166900634766,28.679161071777344,79.96678161621094,73.64212036132812,154.1300048828125,38.17036056518555,22.877540588378906
2012-08-03,109.30137634277344,33.702598571777344,29.5677490234375,79.54857635498047,73.4654541015625,155.5500030517578,38.468345642089844,23.266443252563477
2012-08-06,109.5131607055664,33.940547943115234,29.75286865234375,79.59991455078125,73.56295776367188,156.3000030517578,38.42823791503906,23.401714324951172
2012-08-07,110.06219482421875,34.224754333496094,29.834331512451172,79.1816635131836,73.17893981933594,156.27999877929688,37.97553634643555,23.579254150390625
2012-08-08,110.19554901123047,34.204925537109375,29.893558502197266,79.07158660888672,72.97173309326172,156.47999572753906,37.7176628112793,23.64689064025879
2012-08-09,110.2896499633789,34.224754333496094,30.019454956054688,79.0129165649414,72.92304229736328,156.99000549316406,37.59732437133789,23.84134292602539
2012-08-10,110.47008514404297,34.284236907958984,30.16014289855957,79.24036407470703,73.13023376464844,157.17999267578125,37.64889907836914,23.714523315429688
2012-08-13,110.41515350341797,34.11899948120117,29.893558502197266,79.18907165527344,72.9779052734375,155.99000549316406,37.6202392578125,23.528526306152344
2012-08-14,110.43084716796875,34.19831466674805,29.886173248291016,78.80012512207031,72.64876556396484,155.1300048828125,37.540016174316406,23.553892135620117
2012-08-15,110.55633544921875,34.09916687011719,29.841733932495117,78.40385437011719,72.30755615234375,155.6300048828125,37.7119255065918,23.756799697875977
2012-08-16,111.3720932006836,34.522186279296875,30.115711212158203,78.21309661865234,72.09424591064453,156.55999755859375,37.998451232910156,23.849794387817383
2012-08-17,111.52111053466797,34.56845474243164,29.967618942260742,78.30842590332031,72.19173431396484,156.72000122070312,38.00991439819336,23.88361167907715
2012-08-20,111.5289535522461,34.52880096435547,29.95280647277832,78.35248565673828,72.3927993774414,157.25999450683594,37.90102767944336,23.993518829345703
2012-08-21,111.19165802001953,34.72709274291992,29.90837860107422,78.41856384277344,72.51470184326172,158.8300018310547,37.98125457763672,24.21333122253418
2012-08-22,111.23873901367188,34.68743133544922,29.923185348510742,79.027587890625,72.92913818359375,160.5399932861328,37.95832824707031,24.340150833129883
2012-08-23,110.32887268066406,34.48914337158203,29.649206161499023,79.1670150756836,72.98396301269531,161.88999938964844,37.8437385559082,24.22178840637207
2012-08-24,110.9955825805664,34.43626403808594,29.656612396240234,79.13031768798828,73.06317138671875,161.97000122070312,37.96980285644531,24.11188316345215
2012-08-27,111.0190658569336,34.45610046386719,29.353010177612305,79.33576965332031,73.15460968017578,161.36000061035156,38.08441162109375,24.00197410583496
2012-08-28,110.90933990478516,34.42304992675781,29.293773651123047,79.36512756347656,73.2582015991211,161.63999938964844,38.21622848510742,24.018882751464844
2012-08-29,110.9955825805664,34.31728744506836,29.153079986572266,79.3137435913086,73.1058349609375,160.58999633789062,38.20475387573242,24.061153411865234
2012-08-30,110.19554901123047,33.808345794677734,28.81245231628418,79.46051025390625,73.13023376464844,160.52000427246094,38.11878967285156,24.086519241333008
2012-08-31,110.72106170654297,34.10578155517578,29.08643341064453,79.97413635253906,73.63606262207031,164.22000122070312,38.239131927490234,24.340150833129883
2012-09-04,110.61913299560547,33.933929443359375,28.92353057861328,79.79119873046875,73.4617919921875,164.47999572753906,38.508453369140625,24.348602294921875
2012-09-05,110.52497100830078,33.841392517089844,28.775428771972656,79.76179504394531,73.49237823486328,164.30999755859375,38.439701080322266,24.230241775512695
2012-09-06,112.76825714111328,34.68082046508789,29.412246704101562,79.21808624267578,73.16839599609375,164.88999938964844,38.78351974487305,24.22178840637207
2012-09-07,113.20750427246094,35.202972412109375,30.093494415283203,79.32093048095703,73.32118225097656,168.44000244140625,38.81791305541992,24.49232292175293
2012-09-10,112.56430053710938,34.92538070678711,29.70844268798828,79.35765838623047,73.31502532958984,167.2899932861328,38.51420211791992,24.526145935058594
2012-09-11,112.87806701660156,35.321956634521484,30.063873291015625,79.2106704711914,73.376220703125,167.89999389648438,38.6287956237793,24.57686996459961
2012-09-12,113.25456237792969,35.55329895019531,30.19716453552246,78.82123565673828,73.2294921875,167.9199981689453,38.70903778076172,24.70368766784668
2012-09-13,114.98016357421875,36.09528350830078,31.01170539855957,79.04903411865234,73.62079620361328,171.30999755859375,39.18465042114258,24.872774124145508
2012-09-14,115.48999786376953,36.45221710205078,31.37453842163086,78.30693054199219,73.18058013916016,171.8000030517578,39.40241622924805,25.13486099243164
2012-09-17,115.09782409667969,36.260520935058594,31.03391456604004,78.46858215332031,73.43121337890625,170.39999389648438,39.287811279296875,24.441600799560547
2012-09-18,115.00372314453125,36.10849380493164,31.04872703552246,78.66697692871094,73.65747833251953,171.72000122070312,38.915321350097656,24.26405906677246
2012-09-19,115.06646728515625,36.260520935058594,31.04872703552246,78.85065460205078,73.77970123291016,171.74000549316406,38.69755935668945,23.908973693847656
2012-09-20,115.07431030273438,36.02918243408203,30.863603591918945,78.89471435546875,73.71857452392578,171.47000122070312,38.124515533447266,24.04424476623535
2012-09-21,115.02626037597656,36.04901885986328,30.937652587890625,79.06371307373047,73.85311126708984,171.9600067138672,38.13025665283203,24.204877853393555
2012-09-24,114.85272216796875,35.923439025878906,30.908044815063477,79.2400894165039,73.963134765625,171.0500030517578,37.988731384277344,23.951248168945312
2012-09-25,113.63043975830078,35.67226791381836,30.448930740356445,79.53398132324219,74.10987091064453,170.77000427246094,37.428462982177734,23.976612091064453
2012-09-26,112.99170684814453,35.315345764160156,30.3082332611084,79.8646240234375,74.3177261352539,169.80999755859375,37.422691345214844,23.80752182006836
2012-09-27,114.05630493164062,35.73836898803711,30.789566040039062,79.69568634033203,74.28101348876953,172.33999633789062,37.58442306518555,24.10342788696289
2012-09-28,113.52796936035156,35.031124114990234,30.60443687438965,79.69568634033203,74.44610595703125,171.88999938964844,37.52665710449219,24.24715232849121
2012-10-01,113.82756805419922,35.315345764160156,30.908044815063477,79.84353637695312,74.64482879638672,172.2899932861328,37.249412536621094,24.280967712402344
2012-10-02,113.94588470458984,35.45414733886719,30.952470779418945,79.7920150756836,74.66932678222656,172.10000610351562,37.53242874145508,24.154151916503906
2012-10-03,114.41108703613281,35.30873489379883,30.745121002197266,79.87297058105469,74.71839904785156,172.41000366210938,37.6075325012207,23.739887237548828
2012-10-04,115.23123931884766,35.73836898803711,31.06354522705078,79.5566177368164,74.65709686279297,173.61000061035156,37.59597396850586,24.255603790283203
2012-10-05,115.23912811279297,35.784629821777344,31.06354522705078,79.19607543945312,74.5405502319336,172.6199951171875,37.64216995239258,24.1287899017334
2012-10-08,114.84481811523438,35.57312774658203,30.789566040039062,79.45357513427734,74.7368392944336,172.0500030517578,37.56131362915039,24.061153411865234
2012-10-09,113.70930480957031,35.05756759643555,30.560009002685547,79.2917709350586,74.81649017333984,170.99000549316406,37.422691345214844,24.23869514465332
2012-10-10,112.9838638305664,34.95842361450195,30.374887466430664,79.48301696777344,74.95148468017578,170.83999633789062,37.57286834716797,24.19642448425293
2012-10-11,113.04692840576172,35.18314743041992,30.656274795532227,79.5566177368164,75.19677734375,171.32000732421875,37.54399490356445,24.475419998168945
2012-10-12,112.67632293701172,35.14349365234375,30.560009002685547,79.5639419555664,75.28263854980469,170.05999755859375,37.41114044189453,24.13724136352539
2012-10-15,113.61466217041016,35.48719787597656,30.73772621154785,79.58607482910156,75.51571655273438,168.35000610351562,37.65950393676758,24.018882751464844
2012-10-16,114.76593780517578,36.07544708251953,31.056135177612305,79.2108154296875,75.46665954589844,169.4199981689453,37.89054870605469,24.035789489746094
2012-10-17,115.28640747070312,36.41254425048828,31.30049705505371,78.71050262451172,75.3194351196289,169.5399932861328,37.786582946777344,24.04424476623535
2012-10-18,114.98675537109375,36.273746490478516,31.211633682250977,78.57072448730469,75.17843627929688,168.7899932861328,38.1735725402832,24.035789489746094
2012-10-19,113.0705795288086,35.784629821777344,30.730316162109375,78.90180969238281,75.31332397460938,166.97000122070312,37.855899810791016,23.672252655029297
2012-10-22,113.08636474609375,36.03580093383789,31.026512145996094,78.63691711425781,75.1354751586914,167.5800018310547,37.665283203125,23.562347412109375
2012-10-23,111.51713562011719,35.26246643066406,30.38969612121582,79.01212310791016,75.2642593383789,165.42999267578125,37.28407287597656,23.2748966217041
2012-10-24,111.20172882080078,35.28230667114258,30.419315338134766,78.84292602539062,75.0618896484375,164.86000061035156,37.25518035888672,23.20726203918457
2012-10-25,111.5250015258789,35.493804931640625,30.75253677368164,78.55598449707031,74.84722900390625,166.02000427246094,37.151214599609375,23.266443252563477
2012-10-26,111.46192169189453,35.440921783447266,30.515579223632812,79.05628967285156,75.2152099609375,165.92999267578125,36.82776641845703,23.317171096801758
2012-10-31,111.46192169189453,35.41448974609375,30.47115135192871,79.38002014160156,75.4482421875,166.8300018310547,37.18585968017578,23.300260543823242
2012-11-01,112.62897491455078,35.83088302612305,30.967275619506836,79.22158813476562,75.11705780029297,166.07000732421875,37.364925384521484,23.342533111572266
2012-11-02,111.62755584716797,35.48719787597656,30.804367065429688,79.28794860839844,74.9698486328125,162.60000610351562,37.6132926940918,22.945175170898438
2012-11-05,111.856201171875,35.401275634765625,30.952470779418945,79.4794921875,75.0066909790039,163.22999572753906,37.364925384521484,23.139629364013672
2012-11-06,112.7315444946289,35.73836898803711,31.196823120117188,79.11847686767578,74.64482879638672,166.3000030517578,37.52665710449219,23.553892135620117
2012-11-07,110.17658996582031,35.202972412109375,30.685895919799805,79.78154754638672,74.79818725585938,166.49000549316406,37.359161376953125,23.1142635345459
2012-11-08,108.851806640625,34.88572311401367,30.300840377807617,80.13519287109375,74.72450256347656,167.99000549316406,36.914405822753906,23.148080825805664
2012-11-09,108.94647216796875,34.89894104003906,30.360065460205078,80.14253234863281,74.5405502319336,167.82000732421875,36.81622314453125,23.334075927734375
2012-11-12,109.03318786621094,34.872501373291016,30.47115135192871,80.19416809082031,74.55281829833984,167.4499969482422,36.729576110839844,23.224170684814453
2012-11-13,108.65467834472656,34.700645446777344,30.19716453552246,80.2898941040039,74.5834732055664,167.10000610351562,36.70070266723633,23.18189811706543
2012-11-14,107.1879653930664,34.33711624145508,29.73065948486328,80.3119888305664,74.7368392944336,167.13999938964844,36.013336181640625,23.249534606933594
2012-11-15,107.00662994384766,34.449485778808594,29.834331512451172,80.275146484375,74.58963012695312,166.08999633789062,35.845848083496094,23.15653419494629
2012-11-16,107.5349349975586,34.42965316772461,29.923185348510742,80.32665252685547,74.61414337158203,165.8800048828125,36.06531524658203,23.25798797607422
2012-11-19,109.71135711669922,35.176544189453125,30.448930740356445,80.16461944580078,74.84722900390625,167.8699951171875,36.510074615478516,23.697614669799805
2012-11-20,109.75862121582031,35.22941970825195,30.38969612121582,79.83308410644531,74.61414337158203,167.38999938964844,36.78154754638672,23.536983489990234
2012-11-21,109.96368408203125,35.288909912109375,30.330455780029297,79.71526336669922,74.66932678222656,167.55999755859375,36.718017578125,23.6384334564209
2012-11-23,111.46192169189453,36.04901885986328,30.826589584350586,79.6710205078125,74.70003509521484,169.61000061035156,36.98949432373047,23.722978591918945
2012-11-26,111.22534942626953,35.96309280395508,30.826589584350586,79.80366516113281,74.82266998291016,169.42999267578125,37.06458282470703,23.689159393310547
2012-11-27,110.65763854980469,35.784629821777344,30.567411422729492,79.98779296875,74.86556243896484,168.7100067138672,36.85664367675781,23.655344009399414
2012-11-28,111.54869079589844,36.042396545410156,30.73772621154785,80.0909652709961,74.85335540771484,166.5500030517578,36.810447692871094,23.579254150390625
2012-11-29,112.06912231445312,36.353057861328125,30.95987319946289,80.17201232910156,74.90853118896484,167.17999267578125,37.01259994506836,23.739887237548828
2012-11-30,112.09278869628906,36.399330139160156,30.94505500793457,80.1573257446289,74.90242004394531,166.0500030517578,37.087677001953125,23.756799697875977
2012-12-03,111.54076385498047,36.44559860229492,30.930252075195312,80.1255874633789,74.98542785644531,166.1300048828125,37.23785400390625,23.815977096557617
2012-12-04,111.38307189941406,36.53813171386719,31.01910972595215,80.26566314697266,75.05310821533203,164.4199981689453,37.29561996459961,23.604616165161133
2012-12-05,111.58023834228516,36.591007232666016,31.352325439453125,80.33214569091797,75.20695495605469,164.1199951171875,37.180091857910156,23.579254150390625
2012-12-06,111.9587631225586,36.66371536254883,31.58928108215332,80.37635803222656,75.19461059570312,164.5,37.52665710449219,23.36789321899414
2012-12-07,112.29779815673828,36.67692947387695,31.685548782348633,80.1476821899414,75.01622772216797,165.16000366210938,37.665283203125,23.342533111572266
2012-12-10,112.34514617919922,36.716590881347656,31.863265991210938,80.22148895263672,75.08389282226562,165.8000030517578,37.647953033447266,23.291805267333984
2012-12-11,113.11003875732422,36.9281005859375,32.02617263793945,80.06655883789062,74.80707550048828,165.64999389648438,37.7403678894043,23.249534606933594
2012-12-12,113.1651840209961,37.04707336425781,32.12244415283203,79.72721099853516,74.5794448852539,165.77000427246094,37.63640213012695,23.35944175720215
2012-12-13,112.47129821777344,36.9347038269043,31.98175048828125,79.5722885131836,74.4625473022461,164.3699951171875,37.347599029541016,23.148080825805664
2012-12-14,112.05335235595703,37.06690216064453,32.12244415283203,79.7493896484375,74.51791381835938,164.1300048828125,37.341835021972656,23.291805267333984
2012-12-17,113.37023162841797,37.218929290771484,32.203887939453125,79.32888793945312,74.27800750732422,164.44000244140625,37.5382080078125,23.2748966217041
2012-12-18,114.63189697265625,37.606475830078125,32.428871154785156,79.01903533935547,74.09347534179688,162.0800018310547,37.92521286010742,23.334075927734375
2012-12-19,113.78026580810547,37.7401123046875,32.41398239135742,79.12971496582031,74.38257598876953,161.69000244140625,37.87322235107422,23.41861915588379
2012-12-20,114.4347915649414,37.99404525756836,32.60768127441406,79.18135833740234,74.4563980102539,159.72999572753906,38.36994934082031,23.308713912963867
2012-12-21,113.39598083496094,37.76016616821289,32.23518753051758,79.3952407836914,74.58558654785156,160.3300018310547,38.30642318725586,23.266443252563477
2012-12-24,113.04664611816406,37.65993118286133,32.16814041137695,79.31415557861328,74.53639221191406,160.6199951171875,38.357276916503906,23.19035530090332
2012-12-26,112.57013702392578,37.65325927734375,32.264976501464844,79.47736358642578,74.64249420166016,160.77999877929688,38.176055908203125,23.42707633972168
2012-12-27,112.4192886352539,37.827003479003906,32.44682312011719,79.6398696899414,74.8831787109375,161.16000366210938,38.31635665893555,23.42707633972168
2012-12-28,111.20416259765625,37.426055908203125,32.56604766845703,79.82459259033203,75.04972076416016,160.5399932861328,38.06497573852539,23.35944175720215
2012-12-31,113.0942611694336,37.99404525756836,33.050445556640625,79.40350341796875,74.65480041503906,162.02000427246094,38.46835708618164,23.48625946044922
2013-01-02,115.99288940429688,38.58205795288086,33.69878005981445,79.04155731201172,74.82763671875,163.1699981689453,38.94775390625,23.57080078125
2013-01-03,115.7308349609375,38.20785903930664,33.46031188964844,78.63522338867188,74.42035675048828,161.1999969482422,38.94190216064453,23.376352310180664
2013-01-04,116.23904418945312,38.401641845703125,33.52738571166992,78.67219543457031,74.38330841064453,160.44000244140625,39.12312698364258,23.2748966217041
2013-01-07,115.9214096069336,38.23460006713867,33.27399826049805,78.71654510498047,74.50678253173828,159.42999267578125,39.21083450317383,23.317171096801758
2013-01-08,115.58790588378906,38.020774841308594,32.975921630859375,78.9085464477539,74.57463073730469,160.55999755859375,39.134830474853516,23.376352310180664
2013-01-09,115.8816909790039,38.21455383300781,33.11750411987305,78.95293426513672,74.5499267578125,160.49000549316406,39.245906829833984,23.342533111572266
2013-01-10,116.80291748046875,38.70233154296875,33.40814971923828,78.72390747070312,74.58699798583984,161.97999572753906,39.28683853149414,23.42707633972168
2013-01-11,116.7950210571289,38.782527923583984,33.139869689941406,78.9750747680664,74.7226791381836,161.05999755859375,39.263458251953125,23.32562255859375
2013-01-14,116.71553039550781,38.82929229736328,33.28145980834961,78.94552612304688,74.57463073730469,161.5399932861328,39.37452697753906,23.477802276611328
2013-01-15,116.7950210571289,38.7691535949707,33.139869689941406,79.13756561279297,74.51294708251953,162.55999755859375,39.56160354614258,23.376352310180664
2013-01-16,116.77909851074219,38.58205795288086,33.11006164550781,79.24105072021484,74.51294708251953,162.64999389648438,39.51483154296875,23.401714324951172
2013-01-17,117.53352355957031,38.896114349365234,33.29636001586914,78.8790283203125,74.38330841064453,163.35000610351562,39.63760757446289,23.503164291381836
2013-01-18,117.79563903808594,38.85602951049805,33.370887756347656,79.10066223144531,74.4573745727539,163.08999633789062,39.80715560913086,23.655344009399414
2013-01-22,118.43092346191406,38.87606430053711,33.31871795654297,79.1670913696289,74.4573745727539,163.6699981689453,40.01176834106445,23.722978591918945
2013-01-23,118.62149047851562,38.83597946166992,33.139869689941406,79.20410919189453,74.5499267578125,163.2100067138672,40.00007247924805,23.748340606689453
2013-01-24,118.65325164794922,39.023075103759766,33.02064514160156,79.07109832763672,74.445068359375,161.4199981689453,40.081932067871094,23.731433868408203
2013-01-25,119.32035827636719,39.44404220581055,32.908843994140625,78.54659271240234,74.10568237304688,160.64999389648438,40.309932708740234,23.680707931518555
2013-01-28,119.17741394042969,39.25026321411133,32.67782211303711,78.38416290283203,74.04397583007812,160.2899932861328,40.415157318115234,23.672252655029297
2013-01-29,119.64598083496094,39.517547607421875,33.042999267578125,78.26589965820312,73.87740325927734,160.99000549316406,40.532081604003906,23.80752182006836
2013-01-30,119.17741394042969,39.557640075683594,32.88648986816406,78.31024169921875,73.63056182861328,162.19000244140625,40.146236419677734,24.078062057495117
2013-01-31,118.88361358642578,39.41062927246094,32.95356750488281,78.37669372558594,73.68609619140625,161.1999969482422,39.90653610229492,24.06960678100586
2013-02-01,120.10655975341797,39.72468948364258,33.169673919677734,78.11042785644531,73.49488830566406,161.4499969482422,40.140384674072266,24.16260528564453
2013-02-04,118.75651550292969,39.00970458984375,32.72999572753906,78.56166076660156,73.742431640625,162.0,40.046844482421875,24.078062057495117
2013-02-05,119.95567321777344,39.190120697021484,32.767250061035156,78.28054809570312,73.5938720703125,161.9600067138672,39.95331573486328,24.171062469482422
2013-02-06,120.04296875,39.183441162109375,32.72999572753906,78.51725006103516,73.78573608398438,162.38999938964844,40.09360885620117,24.13724136352539
2013-02-07,119.88423919677734,38.86270523071289,32.439353942871094,78.5542221069336,73.81051635742188,161.83999633789062,39.92407989501953,24.04424476623535
2013-02-08,120.55127716064453,39.109928131103516,32.67782211303711,78.61341094970703,73.97142028808594,161.57000732421875,40.29239273071289,24.13724136352539
2013-02-11,120.52745819091797,39.069847106933594,32.662933349609375,78.53205108642578,73.9343032836914,159.6999969482422,40.35084915161133,24.052698135375977
2013-02-12,120.72601318359375,39.26362991333008,32.75235366821289,78.45069885253906,73.86002349853516,159.88999938964844,40.65485763549805,24.094970703125
2013-02-13,120.82925415039062,39.357173919677734,32.91630172729492,78.17697143554688,73.68673706054688,159.0500030517578,40.631473541259766,24.10342788696289
2013-02-14,120.94043731689453,39.14335250854492,32.901405334472656,78.50984191894531,73.89099884033203,158.35000610351562,40.46192932128906,24.06960678100586
2013-02-15,120.7974853515625,39.04311752319336,32.78216552734375,78.43592071533203,73.86002349853516,155.75999450683594,40.479469299316406,23.968154907226562
2013-02-19,121.70280456542969,39.504180908203125,32.8492431640625,78.3101806640625,73.8414535522461,155.3300018310547,40.80101776123047,23.87515640258789
2013-02-20,120.18595886230469,39.11662292480469,32.55860137939453,78.48027801513672,73.96526336669922,151.44000244140625,40.53793716430664,23.604616165161133
2013-02-21,119.45533752441406,38.52860641479492,32.1114616394043,78.63555908203125,74.08284759521484,152.6199951171875,40.23393630981445,23.334075927734375
2013-02-22,120.62277221679688,39.08320236206055,32.2530517578125,78.73174285888672,74.13236236572266,152.97000122070312,40.6373291015625,23.334075927734375
2013-02-25,118.32767486572266,38.14773178100586,31.820825576782227,79.33831024169922,74.57184600830078,154.33999633789062,39.865604400634766,23.224170684814453
2013-02-26,119.13772583007812,38.455101013183594,31.999685287475586,79.19035339355469,74.47897338867188,156.22000122070312,40.140384674072266,23.18189811706543
2013-02-27,120.6386947631836,38.94289016723633,32.34994125366211,79.15338134765625,74.45423126220703,154.57000732421875,40.43270492553711,23.038171768188477
2013-02-28,120.400390625,38.90279769897461,32.20089340209961,79.26434326171875,74.47897338867188,153.0,40.391788482666016,22.936721801757812
2013-03-01,120.7974853515625,38.82261657714844,32.27540588378906,79.4620590209961,74.64906311035156,152.44000244140625,40.526248931884766,22.776090621948242
2013-03-04,121.44071960449219,38.989662170410156,31.969871520996094,79.27693176269531,74.59322357177734,152.3000030517578,40.830230712890625,22.691543579101562
2013-03-05,122.52873229980469,39.377220153808594,32.35739517211914,79.19544219970703,74.46904754638672,152.3800048828125,41.151790618896484,22.902904510498047
2013-03-06,122.69544219970703,39.47745132446289,32.513885498046875,78.94365692138672,74.25176239013672,153.22999572753906,41.029014587402344,22.776090621948242
2013-03-07,122.91788482666016,39.59104537963867,32.60331726074219,78.6400146484375,74.00959777832031,152.69000244140625,40.83608627319336,22.928264617919922
2013-03-08,123.44197845458984,39.67790985107422,32.88648986816406,78.24014282226562,73.7488021850586,152.7100067138672,40.90625762939453,22.99590301513672
2013-03-11,123.91051483154297,39.798194885253906,32.70763397216797,78.27715301513672,73.79850769042969,152.99000549316406,40.941322326660156,23.0128116607666
2013-03-12,123.63249969482422,39.59773254394531,32.33503341674805,78.4919204711914,73.9474868774414,154.19000244140625,40.78932571411133,23.063535690307617
2013-03-13,123.80730438232422,39.5375862121582,32.02948760986328,78.4252700805664,73.8791732788086,153.66000366210938,40.830230712890625,22.945175170898438
2013-03-14,124.46638488769531,39.925148010253906,32.16364288330078,78.44746398925781,73.91027069091797,153.67999267578125,41.087486267089844,23.1142635345459
2013-03-15,124.30208587646484,40.005332946777344,31.87299156188965,78.7215347290039,74.00959777832031,154.0,41.18102264404297,23.164989471435547
2013-03-18,123.6161117553711,39.56431579589844,31.515289306640625,78.98070526123047,74.18965148925781,155.3800048828125,40.95302200317383,23.029722213745117
2013-03-19,123.32894134521484,39.44404220581055,31.291732788085938,79.22514343261719,74.31381225585938,156.0800018310547,40.75424575805664,22.860633850097656
2013-03-20,124.19038391113281,39.684600830078125,31.470577239990234,78.92144012451172,74.09649658203125,155.3699951171875,40.88287353515625,23.021265029907227
2013-03-21,123.12950134277344,39.32375717163086,31.150136947631836,79.12881469726562,74.17100524902344,156.25,40.76008987426758,22.91981315612793
2013-03-22,124.1186752319336,39.664546966552734,31.269372940063477,79.15836334228516,74.17718505859375,155.5500030517578,40.97453689575195,22.962087631225586
2013-03-25,123.60012817382812,39.170066833496094,31.239559173583984,79.21768188476562,74.17718505859375,155.24000549316406,40.98043441772461,22.978994369506836
2013-03-26,124.58924102783203,39.41730880737305,31.68669319152832,79.29916381835938,74.22692108154297,154.72000122070312,41.333927154541016,23.19035530090332
2013-03-27,124.58924102783203,39.223533630371094,31.805927276611328,79.63977813720703,74.48770141601562,155.36000061035156,41.410499572753906,23.308713912963867
2013-03-28,124.9721450805664,39.41062927246094,31.87299156188965,79.49166107177734,74.44420623779297,154.4499969482422,41.55188751220703,23.08890151977539
2013-04-01,124.47758483886719,38.882747650146484,31.53019142150879,79.70303344726562,74.33706665039062,154.6699981689453,41.67560577392578,23.08890151977539
2013-04-02,125.09181213378906,39.297035217285156,31.545106887817383,79.54727172851562,74.33090209960938,152.42999267578125,41.80522155761719,22.978994369506836
2013-04-03,123.82347869873047,39.1032600402832,31.172494888305664,79.8810043334961,74.62983703613281,150.72999572753906,41.65793228149414,22.590091705322266
2013-04-04,124.32600402832031,39.45072937011719,31.083070755004883,80.1998291015625,75.02838134765625,150.2899932861328,42.33545684814453,22.564729690551758
2013-04-05,123.76763916015625,39.27030563354492,31.008543014526367,80.45198822021484,75.25880432128906,152.80999755859375,42.565216064453125,22.547821044921875
2013-04-08,124.6052017211914,39.42399215698242,31.060701370239258,80.19241333007812,75.32735443115234,152.16000366210938,42.90691375732422,22.61545753479004
2013-04-09,125.0359878540039,39.56431579589844,31.366241455078125,80.22213745117188,75.40203857421875,153.33999633789062,42.912818908691406,22.759180068969727
2013-04-10,126.5675277709961,40.15234375,31.664337158203125,79.88844299316406,75.20277404785156,150.75,43.17790985107422,22.708454132080078
2013-04-11,126.98231506347656,40.466392517089844,31.69415283203125,79.97735595703125,75.25257873535156,151.0500030517578,43.431243896484375,22.61545753479004
2013-04-12,126.67118072509766,40.36616897583008,31.20975685119629,80.42232513427734,75.62628936767578,143.9499969482422,43.53729248046875,22.33646011352539
2013-04-15,123.73575592041016,39.57099533081055,30.449634552001953,80.60030364990234,75.65118408203125,131.30999755859375,42.63590621948242,21.66856575012207
2013-04-16,125.56250762939453,40.132286071777344,31.075611114501953,80.37040710449219,75.51412200927734,132.8000030517578,43.342857360839844,21.896833419799805
2013-04-17,123.72775268554688,39.297035217285156,30.583772659301758,80.51878356933594,75.6200180053711,132.8699951171875,42.88334655761719,21.57556915283203
2013-04-18,122.95401000976562,39.1767578125,30.583772659301758,80.563232421875,75.68852996826172,134.3000030517578,42.81855392456055,21.803836822509766
2013-04-19,124.02288818359375,39.490814208984375,31.030899047851562,80.51878356933594,75.80069732666016,135.47000122070312,43.47837829589844,21.753108978271484
2013-04-22,124.57328033447266,39.657867431640625,31.1799373626709,80.563232421875,75.82556915283203,137.89999389648438,43.419471740722656,21.820743560791016
2013-04-23,125.85758209228516,40.21915054321289,31.32898712158203,80.51129913330078,75.9251937866211,136.8800048828125,43.661006927490234,21.685474395751953
2013-04-24,125.93730926513672,40.566612243652344,31.515289306640625,80.54840087890625,75.9563217163086,138.3699951171875,43.755279541015625,21.922197341918945
2013-04-25,126.44780731201172,40.78044509887695,31.798465728759766,80.45942687988281,75.91272735595703,141.6300048828125,43.607994079589844,22.209646224975586
2013-04-26,126.22449493408203,40.81386184692383,31.478038787841797,80.74858856201172,76.18681335449219,140.91000366210938,43.46659469604492,22.08283233642578
2013-04-29,127.0700454711914,41.33506393432617,31.805927276611328,80.71898651123047,76.19300842285156,142.3000030517578,43.83773422241211,22.378732681274414
2013-04-30,127.37317657470703,41.38850402832031,32.26051330566406,80.70413970947266,76.0622329711914,142.77000427246094,44.35028839111328,22.209646224975586
2013-05-01,126.25641632080078,41.14126968383789,31.91025733947754,80.96768188476562,76.40081024169922,141.11000061035156,43.99681854248047,21.81229019165039
2013-05-02,127.42900085449219,41.26823806762695,32.16364288330078,80.96768188476562,76.40081024169922,141.9199981689453,44.28548049926758,22.09128761291504
2013-05-03,128.72122192382812,41.79611587524414,32.43191146850586,80.27720642089844,75.6824722290039,142.08999633789062,44.46224594116211,22.33646011352539
2013-05-06,129.04827880859375,41.74265670776367,32.476619720458984,80.17326354980469,75.66999053955078,142.14999389648438,44.69200897216797,22.36182403564453
2013-05-07,129.7023468017578,41.80948257446289,32.70763397216797,80.0618896484375,75.61373901367188,140.3800048828125,44.939422607421875,22.285734176635742
2013-05-08,130.29266357421875,42.25049591064453,32.96100997924805,80.15838623046875,75.6824722290039,142.4600067138672,44.96299743652344,22.387187957763672
2013-05-09,129.9257049560547,41.842899322509766,32.72254180908203,80.1435775756836,75.5200424194336,140.80999755859375,44.66844177246094,22.378732681274414
2013-05-10,130.34844970703125,41.88965606689453,32.469173431396484,79.69062042236328,75.12651824951172,139.60000610351562,44.83339309692383,22.277280807495117
2013-05-13,130.45216369628906,41.8696174621582,32.171077728271484,79.54960632324219,74.93283081054688,138.42999267578125,45.04548263549805,22.175827026367188
2013-05-14,131.80027770996094,41.94979476928711,32.32011795043945,79.23029327392578,74.73299407958984,137.80999755859375,45.21042251586914,22.0997371673584
2013-05-15,132.5102081298828,42.130218505859375,32.327579498291016,79.43821716308594,74.99527740478516,134.6300048828125,45.65818405151367,22.04901123046875
2013-05-16,131.8880615234375,41.842899322509766,32.21580123901367,79.81684875488281,75.3388671875,134.08999633789062,45.42252731323242,22.023649215698242
2013-05-17,133.164306640625,42.130218505859375,32.35739517211914,79.38623046875,75.01407623291016,131.07000732421875,45.67586135864258,22.133556365966797
2013-05-20,133.15634155273438,42.36408996582031,32.439353942871094,79.32682037353516,74.92664337158203,135.1199951171875,45.78190231323242,22.277280807495117
2013-05-21,133.3477783203125,42.45095443725586,32.37229919433594,79.5347671508789,75.20772552490234,132.8800048828125,46.041114807128906,22.15046501159668
2013-05-22,132.35862731933594,42.0233039855957,32.01457977294922,78.9036636352539,74.61430358886719,131.94000244140625,44.92177200317383,22.04901123046875
2013-05-23,131.9757537841797,41.421932220458984,31.776111602783203,78.9853286743164,74.68927001953125,134.61000061035156,44.07929229736328,22.15046501159668
2013-05-24,131.86407470703125,41.061100006103516,31.500391006469727,79.01496124267578,74.63929748535156,133.75999450683594,43.96734619140625,22.065921783447266
2013-05-28,132.65377807617188,41.16800308227539,31.671794891357422,78.08688354492188,73.92091369628906,133.49000549316406,43.59029769897461,22.26882553100586
2013-05-29,131.79226684570312,40.77377700805664,31.269372940063477,78.40616607666016,73.88972473144531,134.8300018310547,42.66537094116211,22.12510108947754
2013-05-30,132.27883911132812,40.93413543701172,31.269372940063477,78.41358184814453,73.98340606689453,136.6999969482422,42.26475143432617,22.12510108947754
2013-05-31,130.38040161132812,40.13896942138672,30.703001022338867,78.1982421875,73.61487579345703,133.9199981689453,41.699180603027344,21.863018035888672
2013-06-03,131.0983428955078,40.292659759521484,31.157583236694336,78.31126403808594,73.42120361328125,136.50999450683594,41.93482208251953,22.133556365966797
2013-06-04,130.46812438964844,40.43966293334961,30.77753257751465,78.11052703857422,73.13301849365234,135.22999572753906,41.35157775878906,22.218101501464844
2013-06-05,128.64149475097656,39.5375862121582,30.226057052612305,78.48969268798828,73.02651977539062,135.52000427246094,41.009891510009766,22.116647720336914
2013-06-06,129.80612182617188,39.75809860229492,30.479442596435547,78.58634948730469,73.33976745605469,136.52999877929688,41.66972351074219,22.201189041137695
2013-06-07,131.45724487304688,40.292659759521484,30.322938919067383,77.97669982910156,73.05162048339844,133.27999877929688,41.67560577392578,22.25191879272461
2013-06-10,131.45724487304688,40.3327522277832,29.913076400756836,77.78337860107422,72.82600402832031,133.94000244140625,41.31623458862305,22.167373657226562
2013-06-11,130.10125732421875,39.83828353881836,29.346710205078125,77.97669982910156,72.68818664550781,133.25,40.70354080200195,21.972925186157227
2013-06-12,129.02439880371094,39.791507720947266,29.145492553710938,77.62725067138672,72.43757629394531,134.25,40.14974594116211,21.998289108276367
2013-06-13,130.98663330078125,40.39957046508789,29.76403045654297,78.21459197998047,73.21446990966797,133.74000549316406,41.1925048828125,22.142013549804688
2013-06-14,130.1649932861328,39.95855712890625,29.2945499420166,78.31871032714844,73.16433715820312,134.42999267578125,41.3456916809082,22.235008239746094
2013-06-17,131.1700897216797,40.53321838378906,29.562816619873047,78.13282012939453,73.0578842163086,133.77000427246094,41.46352005004883,22.285734176635742
2013-06-18,132.20713806152344,40.82054138183594,29.689510345458984,78.0882339477539,72.9137191772461,132.1300048828125,41.67560577392578,22.3280086517334
2013-06-19,130.38040161132812,40.05878448486328,28.772886276245117,77.01762390136719,71.87991333007812,130.58999633789062,40.39718246459961,22.36182403564453
2013-06-20,127.14982604980469,38.588748931884766,27.48365592956543,76.66810607910156,70.88988494873047,123.5999984741211,38.7181396484375,21.634748458862305
2013-06-21,127.55795288085938,38.7156867980957,27.878620147705078,75.85772705078125,70.30723571777344,125.05000305175781,39.242469787597656,21.49947738647461
2013-06-24,125.94622039794922,38.107627868652344,27.312257766723633,75.671875,69.84980773925781,123.93000030517578,39.064640045166016,21.406476974487305
2013-06-25,127.15702056884766,38.59540939331055,27.89352798461914,75.58265686035156,70.08162689208984,123.47000122070312,39.71888732910156,21.42338752746582
2013-06-26,128.41600036621094,38.749107360839844,28.333206176757812,75.88751983642578,70.61421966552734,118.27999877929688,40.31960678100586,21.36421012878418
2013-06-27,129.16981506347656,39.139068603515625,28.90172576904297,76.29641723632812,71.2533187866211,115.94000244140625,41.12849044799805,21.35575294494629
2013-06-28,128.64051818847656,39.06406784057617,29.067827224731445,76.20719146728516,71.20943450927734,119.11000061035156,40.872737884521484,21.245845794677734
2013-07-01,129.39431762695312,39.43221664428711,29.158432006835938,76.23625183105469,71.39364624023438,121.12999725341797,40.78352737426758,21.381118774414062
2013-07-02,129.27401733398438,39.23451614379883,28.637475967407227,76.26600646972656,71.61992645263672,120.05000305175781,41.408042907714844,21.465660095214844
2013-07-03,129.33016967773438,39.24814987182617,28.373218536376953,76.11712646484375,71.41250610351562,120.73999786376953,41.13444519042969,21.660110473632812
2013-07-05,130.7255096435547,39.43221664428711,28.192018508911133,74.83659362792969,70.50735473632812,118.08999633789062,40.93816375732422,21.60938262939453
2013-07-08,131.47120666503906,39.677650451660156,28.22977066040039,75.27586364746094,71.08566284179688,119.51000213623047,40.97981262207031,21.71929168701172
2013-07-09,132.41746520996094,39.895809173583984,28.599733352661133,75.40247344970703,71.14849853515625,120.62000274658203,41.56266784667969,21.854562759399414
2013-07-10,132.4656219482422,40.01171112060547,28.327932357788086,75.13439178466797,70.94105529785156,120.94999694824219,41.580528259277344,21.922197341918945
2013-07-11,134.2698516845703,41.04795837402344,29.717134475708008,75.88632202148438,71.77706909179688,124.23999786376953,42.58567810058594,22.0321044921875
2013-07-12,134.3259735107422,40.77526092529297,29.40004539489746,75.82677459716797,71.57591247558594,124.12999725341797,42.32398223876953,22.116647720336914
2013-07-15,134.83921813964844,41.02750015258789,29.702043533325195,76.06501770019531,72.03477478027344,124.18000030517578,42.50241470336914,22.057466506958008
2013-07-16,134.33399963378906,41.0002326965332,29.822839736938477,76.10224914550781,71.92791748046875,124.88999938964844,42.532161712646484,22.08283233642578
2013-07-17,134.67881774902344,41.12294387817383,30.094650268554688,76.43729400634766,72.19823455810547,123.31999969482422,42.68678665161133,22.065921783447266
2013-07-18,135.4165802001953,41.395652770996094,29.739788055419922,76.07987976074219,72.0096664428711,124.01000213623047,43.04960632324219,22.158920288085938
2013-07-19,135.65719604492188,41.3615608215332,29.65673828125,76.49679565429688,72.40569305419922,125.11000061035156,43.01987075805664,22.175827026367188
2013-07-22,135.92181396484375,41.593353271484375,29.951189041137695,76.48934936523438,72.5690689086914,128.83999633789062,43.150726318359375,22.158920288085938
2013-07-23,135.6331024169922,41.681983947753906,30.27584457397461,76.40000915527344,72.4559326171875,129.7100067138672,43.10313415527344,22.192737579345703
2013-07-24,135.1359100341797,41.62744140625,29.966291427612305,75.88632202148438,72.10391235351562,127.4800033569336,42.2645149230957,22.015193939208984
2013-07-25,135.46469116210938,41.70925521850586,30.13994598388672,75.9979476928711,72.01589965820312,128.6699981689453,42.32992172241211,21.989830017089844
2013-07-26,135.60906982421875,41.4501838684082,30.07199478149414,76.06501770019531,72.09135437011719,128.77999877929688,42.365631103515625,21.854562759399414
2013-07-29,135.19203186035156,41.05477523803711,29.694488525390625,75.90863037109375,71.9719467163086,128.47000122070312,42.050376892089844,21.846107482910156
2013-07-30,135.19203186035156,41.04795837402344,29.626541137695312,75.88632202148438,71.99085235595703,128.1199951171875,41.92548370361328,21.770015716552734
2013-07-31,135.28826904296875,41.14340591430664,29.452882766723633,75.93840789794922,71.9970703125,127.95999908447266,41.24149703979492,21.922197341918945
2013-08-01,136.8520050048828,41.70243835449219,29.988941192626953,75.26817321777344,71.4233169555664,126.61000061035156,41.08091354370117,21.972925186157227
2013-08-02,137.0845184326172,42.043312072753906,29.98139190673828,75.90940856933594,71.77640533447266,126.36000061035156,40.87868118286133,21.88838005065918
2013-08-05,136.88401794433594,41.954689025878906,29.792640686035156,75.6707763671875,71.50527954101562,125.69999694824219,40.848941802978516,21.778472900390625
2013-08-06,136.10623168945312,41.89332962036133,29.415142059326172,75.69316101074219,71.54943084716797,123.97000122070312,40.70621109008789,21.60093116760254
2013-08-07,135.66510009765625,41.70925521850586,29.098031997680664,75.96902465820312,71.70706939697266,124.1500015258789,40.5991325378418,21.45720672607422
2013-08-08,136.1622772216797,42.08421325683594,29.65673828125,76.08080291748047,71.85836029052734,126.86000061035156,40.61698532104492,21.56711196899414
2013-08-09,135.76937866210938,42.15920639038086,29.717134475708008,76.13304138183594,71.85836029052734,126.86000061035156,40.97385025024414,21.71929168701172
2013-08-12,135.60906982421875,42.043312072753906,29.996498107910156,75.98394775390625,71.82052612304688,129.1300048828125,40.68242645263672,21.981380462646484
2013-08-13,136.00994873046875,42.316001892089844,30.177696228027344,75.2979965209961,71.30982208251953,127.73999786376953,40.12333679199219,21.972925186157227
2013-08-14,135.31234741210938,42.33646011352539,30.27584457397461,75.36515045166016,71.19009399414062,129.0,39.96868896484375,22.15046501159668
2013-08-15,133.41981506347656,41.981964111328125,29.928543090820312,74.9476547241211,70.6856460571289,131.69000244140625,39.237125396728516,22.36182403564453
2013-08-16,132.97882080078125,42.056949615478516,29.671838760375977,74.65691375732422,70.33255767822266,132.5800018310547,38.27359390258789,22.370277404785156
2013-08-19,132.12879943847656,41.75697708129883,29.113134384155273,74.3362808227539,69.94792175292969,132.00999450683594,37.76803207397461,22.34491729736328
2013-08-20,132.7782745361328,41.70243835449219,29.060283660888672,74.73885345458984,70.3766860961914,132.4499969482422,38.6245002746582,22.302644729614258
2013-08-21,131.96035766601562,41.21158218383789,28.38077735900879,74.26924896240234,69.95423126220703,132.07000732421875,38.535282135009766,22.277280807495117
2013-08-22,133.16317749023438,41.613807678222656,28.841333389282227,74.23942565917969,70.27579498291016,132.80999755859375,38.76725769042969,22.285734176635742
2013-08-23,133.61233520507812,41.97512435913086,29.181087493896484,74.65691375732422,70.74868774414062,134.89999389648438,39.171695709228516,22.46327781677246
2013-08-26,133.1151580810547,41.6683349609375,28.863981246948242,74.80601501464844,70.8936538696289,135.4499969482422,39.058692932128906,22.590091705322266
2013-08-27,130.9740753173828,40.95933532714844,28.19957160949707,75.23092651367188,71.19635009765625,136.75,38.86835861206055,22.809904098510742
2013-08-28,131.43914794921875,40.91160583496094,28.259973526000977,74.9252700805664,71.20889282226562,136.7100067138672,38.63045120239258,22.843725204467773
2013-08-29,131.64767456054688,40.84343338012695,28.486474990844727,74.99983215332031,71.2782974243164,135.8699951171875,38.6899299621582,22.60700225830078
2013-08-30,131.2306365966797,40.33893585205078,28.705429077148438,74.85819244384766,71.2782974243164,134.6199951171875,38.36278533935547,22.539365768432617
2013-09-03,131.82398986816406,41.11613845825195,28.88663101196289,74.43334197998047,70.99744415283203,136.4199981689453,38.02973175048828,22.65772819519043
2013-09-04,132.91461181640625,41.48427200317383,29.40004539489746,74.18692016601562,70.73811340332031,134.66000366210938,38.356849670410156,22.46327781677246
2013-09-05,133.08306884765625,41.4501838684082,29.747339248657227,73.61946868896484,70.15616607666016,132.1999969482422,37.95240783691406,22.412551879882812
2013-09-06,133.14723205566406,41.6751708984375,30.185243606567383,74.06746673583984,70.25737762451172,134.14999389648438,38.541236877441406,22.539365768432617
2013-09-09,134.4222412109375,42.24782943725586,30.978004455566406,74.21678924560547,70.44080352783203,133.91000366210938,39.34418487548828,22.395641326904297
2013-09-10,135.4165802001953,42.72506332397461,31.21204948425293,73.87332153320312,70.13084411621094,131.74000549316406,39.31443405151367,22.192737579345703
2013-09-11,135.84156799316406,42.875038146972656,31.234704971313477,74.24664306640625,70.4598159790039,131.6999969482422,39.629669189453125,22.22655487060547
2013-09-12,135.48069763183594,42.629608154296875,30.872299194335938,74.2541275024414,70.40916442871094,127.66999816894531,39.3739128112793,22.33646011352539
2013-09-13,135.7854766845703,42.834129333496094,31.076156616210938,74.35124206542969,70.45347595214844,127.81999969482422,39.48692321777344,22.26882553100586
2013-09-16,136.5713348388672,43.16819381713867,31.423458099365234,74.51541900634766,70.53567504882812,126.44999694824219,39.879486083984375,21.989830017089844
2013-09-17,137.18072509765625,43.195465087890625,31.355510711669922,74.66481018066406,70.72542572021484,126.5,39.85568618774414,21.761564254760742
2013-09-18,138.76856994628906,44.34761428833008,32.669219970703125,75.59062194824219,71.76285552978516,132.00999450683594,41.205810546875,22.235008239746094
2013-09-19,138.5360107421875,44.136268615722656,32.495574951171875,75.32933807373047,71.3073959350586,131.75,41.17013168334961,22.15046501159668
2013-09-20,137.56736755371094,43.81585693359375,31.770769119262695,75.40398406982422,71.37067413330078,127.95999908447266,40.498046875,21.947559356689453
2013-09-23,136.9307861328125,43.80220413208008,31.88401222229004,75.68768310546875,71.79447174072266,127.55000305175781,40.220741271972656,21.786928176879883
2013-09-24,136.6085205078125,43.734039306640625,31.61220359802246,75.96398162841797,71.97784423828125,127.66000366210938,39.91462326049805,21.778472900390625
2013-09-25,136.21363830566406,43.78177261352539,31.370603561401367,76.17302703857422,72.19927978515625,128.7899932861328,40.04667663574219,21.81229019165039
2013-09-26,136.7373809814453,43.965843200683594,31.498966217041016,76.00874328613281,72.02216339111328,127.79000091552734,40.29275894165039,21.981380462646484
2013-09-27,136.10882568359375,43.809043884277344,31.12900733947754,76.1133041381836,71.96524047851562,128.97000122070312,40.124691009521484,21.871471405029297
2013-09-30,135.3836212158203,43.49543380737305,30.774152755737305,76.2402114868164,71.80713653564453,128.17999267578125,39.698551177978516,21.778472900390625
2013-10-01,136.45533752441406,43.72721481323242,31.385711669921875,76.07051086425781,71.7347640991211,124.58999633789062,40.274742126464844,21.634748458862305
2013-10-02,136.32640075683594,43.713584899902344,31.506511688232422,76.19764709472656,71.95052337646484,127.05999755859375,40.33478546142578,21.846107482910156
2013-10-03,135.0694122314453,43.4272575378418,31.385711669921875,76.30229949951172,71.98858642578125,127.18000030517578,39.63251876831055,21.81229019165039
2013-10-04,136.09278869628906,43.52951431274414,31.793413162231445,76.09290313720703,71.91879272460938,126.52999877929688,39.55448532104492,21.87992286682129
2013-10-07,134.91627502441406,43.07955551147461,31.521615982055664,76.16021728515625,72.04572296142578,127.63999938964844,39.734561920166016,22.0321044921875
2013-10-08,133.3448944091797,42.745513916015625,31.219608306884766,76.12278747558594,72.03302001953125,127.4000015258789,39.30238723754883,22.108192443847656
2013-10-09,133.4416046142578,42.9295768737793,31.453655242919922,75.98820495605469,71.88070678710938,126.11000061035156,39.30840301513672,21.947559356689453
2013-10-10,136.31842041015625,43.69994354248047,32.19355773925781,75.8237075805664,71.9822998046875,124.2699966430664,40.310760498046875,22.22655487060547
2013-10-11,137.1967010498047,43.93174362182617,32.33702087402344,75.93588256835938,72.07746887207031,122.5999984741211,40.71293258666992,22.108192443847656
2013-10-14,137.74464416503906,44.08172607421875,32.52577209472656,75.6816635131836,71.8553695678711,122.83000183105469,40.73692321777344,22.0997371673584
2013-10-15,136.7454833984375,43.87038803100586,32.20866775512695,75.69656372070312,71.8680419921875,123.7300033569336,40.58686447143555,22.023649215698242
2013-10-16,138.6552734375,44.197628021240234,32.46537399291992,76.06300354003906,72.40113067626953,123.54000091552734,41.3491325378418,22.192737579345703
2013-10-17,139.58189392089844,44.783935546875,32.669219970703125,76.4967269897461,72.93414306640625,127.41999816894531,41.97337341308594,22.07437515258789
2013-10-18,140.5247344970703,45.04981231689453,32.69941329956055,76.50423431396484,73.02935791015625,126.8499984741211,41.931358337402344,22.201189041137695
2013-10-21,140.53277587890625,45.11799621582031,32.64657211303711,76.45182037353516,72.83894348144531,126.9800033569336,41.67926788330078,22.15046501159668
2013-10-22,141.34661865234375,45.567935943603516,32.96368408203125,76.98278045654297,73.28321075439453,129.33999633789062,42.063419342041016,22.12510108947754
2013-10-23,140.66976928710938,45.12480926513672,32.19355773925781,77.11734771728516,73.26416015625,128.69000244140625,42.14143371582031,21.786928176879883
2013-10-24,141.1371307373047,45.43839645385742,32.1256103515625,76.96031951904297,73.18798065185547,129.89999389648438,42.12942886352539,21.79538345336914
2013-10-25,141.78172302246094,45.308876037597656,32.27661895751953,77.09488677978516,73.18163299560547,130.4600067138672,42.64562225341797,21.863018035888672
2013-10-28,142.00732421875,45.23388671875,32.46537399291992,77.02017211914062,73.25140380859375,130.55999755859375,42.339508056640625,21.947559356689453
2013-10-29,142.76486206054688,45.329322814941406,32.571075439453125,77.12477111816406,73.35298156738281,129.77000427246094,42.09341812133789,21.88838005065918
2013-10-30,142.05575561523438,45.16570281982422,32.38987350463867,76.92293548583984,73.20701599121094,129.60000610351562,41.73928451538086,21.95601463317871
2013-10-31,141.65286254882812,44.91345977783203,32.05767059326172,76.83317565917969,73.10552215576172,127.73999786376953,41.493202209472656,21.770015716552734
2013-11-01,141.9912567138672,44.695308685302734,32.07276916503906,76.40705871582031,72.90811157226562,126.94999694824219,41.70928192138672,21.49947738647461
2013-11-04,142.49093627929688,44.91345977783203,32.269065856933594,76.556884765625,72.92721557617188,126.80999755859375,41.78730392456055,21.406476974487305
2013-11-05,142.0396270751953,44.52486801147461,31.619766235351562,76.21232604980469,72.61521911621094,126.55999755859375,41.103065490722656,21.347299575805664
2013-11-06,142.76486206054688,44.91345977783203,31.717910766601562,76.44448852539062,72.69802856445312,127.19999694824219,41.043025970458984,21.36421012878418
2013-11-07,140.95980834960938,44.20444107055664,31.144100189208984,76.6467514038086,72.84444427490234,126.16000366210938,40.53284454345703,21.21202850341797
2013-11-08,142.86151123046875,44.4635124206543,31.076156616210938,75.78543090820312,72.1313705444336,124.27999877929688,39.98664855957031,21.33038902282715
2013-11-11,142.8857421875,44.5589599609375,30.91761016845703,75.74803161621094,72.0103759765625,123.87000274658203,40.028656005859375,21.42338752746582
2013-11-12,142.59561157226562,44.40896987915039,30.751489639282227,75.68058013916016,72.06134033203125,122.44999694824219,39.84859848022461,21.279664993286133
2013-11-13,143.73989868164062,44.552120208740234,30.804346084594727,75.9951171875,72.22685241699219,122.8499984741211,40.10669708251953,21.372663497924805
2013-11-14,144.4570770263672,44.756656646728516,31.302663803100586,76.36211395263672,72.62162780761719,124.2699966430664,40.3887939453125,21.465660095214844
2013-11-15,145.08554077148438,45.11799621582031,31.899118423461914,76.30220031738281,72.62162780761719,124.31999969482422,40.538856506347656,21.431842803955078
2013-11-18,144.57785034179688,45.11799621582031,32.186012268066406,76.57182312011719,72.94632720947266,122.9000015258789,40.28675079345703,21.288118362426758
2013-11-19,144.26365661621094,45.00209045410156,31.98971939086914,76.2872085571289,72.691650390625,122.94999694824219,40.00465393066406,21.254302978515625
2013-11-20,143.8123321533203,44.68848419189453,31.551809310913086,75.86784362792969,72.379638671875,120.12000274658203,39.518470764160156,21.271211624145508
2013-11-21,144.97276306152344,44.96800231933594,31.521615982055664,75.93518829345703,72.51971435546875,119.94000244140625,39.824581146240234,21.541749954223633
2013-11-22,145.69798278808594,45.09752655029297,31.74810028076172,76.15239715576172,72.77442169189453,119.91999816894531,39.66853332519531,21.60938262939453
2013-11-25,145.55299377441406,44.961177825927734,31.340402603149414,76.21232604980469,72.9017562866211,120.45999908447266,39.48246383666992,21.584020614624023
2013-11-26,145.59327697753906,44.961177825927734,31.446109771728516,76.37710571289062,73.04816436767578,119.81999969482422,39.34440231323242,21.57556915283203
2013-11-27,145.94772338867188,45.07026290893555,31.649959564208984,76.2048568725586,73.06092834472656,119.45999908447266,39.68052673339844,21.57556915283203
2013-11-29,145.85107421875,45.158897399902344,31.974624633789062,76.15988159179688,73.0036392211914,120.69999694824219,39.31439971923828,21.56711196899414
2013-12-02,145.4723663330078,44.824825286865234,31.302663803100586,75.83283233642578,72.6573715209961,117.58000183105469,39.086307525634766,21.541749954223633
2013-12-03,144.84378051757812,44.511234283447266,31.196958541870117,75.9678955078125,72.84268188476562,117.95999908447266,39.0082893371582,21.66856575012207
2013-12-04,144.82769775390625,44.272621154785156,31.159204483032227,75.6227798461914,72.6063003540039,119.95999908447266,39.15234375,21.71083641052246
2013-12-05,144.1910858154297,44.0203742980957,30.978004455566406,75.43524169921875,72.44667053222656,118.30000305175781,39.29039001464844,21.685474395751953
2013-12-06,145.80276489257812,44.56578063964844,31.665067672729492,75.50273132324219,72.59991455078125,118.55000305175781,39.57249069213867,21.761564254760742
2013-12-09,146.17340087890625,44.5180549621582,31.710359573364258,75.59276580810547,72.70852661132812,119.72000122070312,39.76457214355469,21.685474395751953
2013-12-10,145.649658203125,44.443058013916016,31.725460052490234,75.9078598022461,73.00232696533203,121.81999969482422,39.662532806396484,21.753108978271484
2013-12-11,144.0138702392578,44.02718734741211,31.023300170898438,75.61530303955078,72.79794311523438,120.86000061035156,38.75019073486328,21.753108978271484
2013-12-12,143.5383758544922,43.70676803588867,30.84210205078125,75.39773559570312,72.6766128540039,118.29000091552734,38.53411102294922,21.55020523071289
2013-12-13,143.5223388671875,43.679500579833984,30.91761016845703,75.5102767944336,72.87458038330078,119.37999725341797,38.630165100097656,21.465660095214844
2013-12-16,144.41673278808594,43.99310302734375,31.121461868286133,75.47272491455078,72.93212890625,119.69000244140625,38.762203216552734,21.533294677734375
2013-12-17,143.95745849609375,43.80220413208008,30.849658966064453,75.71284484863281,73.14924621582031,118.6500015258789,38.942256927490234,21.431842803955078
2013-12-18,146.41513061523438,44.49124526977539,31.463695526123047,75.42774963378906,73.14924621582031,117.61000061035156,39.63251876831055,21.47411346435547
2013-12-19,146.24588012695312,44.49124526977539,30.88469696044922,75.11268615722656,73.0406723022461,114.81999969482422,39.086307525634766,21.52484130859375
2013-12-20,147.0966033935547,44.74567413330078,30.83898162841797,75.34525299072266,73.37920379638672,115.94000244140625,39.3264045715332,21.69392967224121
2013-12-23,147.88250732421875,45.20640182495117,31.067529678344727,75.10517120361328,73.26425170898438,115.56999969482422,39.40443801879883,21.69392967224121
2013-12-24,148.20657348632812,45.295799255371094,31.25037956237793,74.81262969970703,73.2450942993164,116.0999984741211,39.439781188964844,21.761564254760742
2013-12-26,148.9600067138672,45.543357849121094,30.98373031616211,74.74797058105469,73.19249725341797,116.73999786376953,39.47026824951172,21.79538345336914
2013-12-27,148.95196533203125,45.77716827392578,31.463695526123047,74.70291900634766,73.12847900390625,117.12000274658203,39.55561065673828,21.854562759399414
2013-12-30,148.9276123046875,45.96969985961914,31.600814819335938,74.90582275390625,73.3462905883789,115.38999938964844,39.56779861450195,21.72774887084961
2013-12-31,149.6324462890625,46.14160919189453,31.844606399536133,74.56766510009766,73.16048431396484,116.12000274658203,39.35445022583008,21.69392967224121
2014-01-02,148.19851684570312,45.32330322265625,30.618057250976562,74.86072540283203,73.30145263671875,118.0,39.36055374145508,21.381118774414062
2014-01-03,148.1741943359375,45.37144470214844,30.564722061157227,74.81566619873047,73.41036224365234,119.29000091552734,39.579994201660156,21.245845794677734
2014-01-06,147.74478149414062,45.31643295288086,30.27522850036621,75.02600860595703,73.57052612304688,119.5,39.78116989135742,21.271211624145508
2014-01-07,148.65220642089844,45.57085418701172,30.40474510192871,75.14628601074219,73.51289367675781,118.81999969482422,39.957923889160156,21.254302978515625
2014-01-08,148.6845703125,45.557106018066406,30.305694580078125,74.77809143066406,73.1989517211914,118.12000274658203,39.762874603271484,21.051395416259766
2014-01-09,148.78179931640625,45.52272415161133,30.14572525024414,74.97341918945312,73.36548614501953,118.45999908447266,39.762874603271484,20.882308959960938
2014-01-10,149.18692016601562,45.94218444824219,30.67900276184082,75.60459899902344,73.76276397705078,120.26000213623047,40.305397033691406,21.017580032348633
2014-01-13,147.20193481445312,45.543357849121094,30.313323974609375,75.82246398925781,73.9037094116211,121.0199966430664,40.037174224853516,21.009124755859375
2014-01-14,148.8061065673828,45.90781784057617,30.640905380249023,75.5369873046875,73.68587493896484,119.88999938964844,40.32979202270508,21.009124755859375
2014-01-15,149.60818481445312,46.10034942626953,30.633283615112305,75.46932220458984,73.705078125,119.66000366210938,40.634559631347656,21.06830406188965
2014-01-16,149.41371154785156,46.07973098754883,30.46569061279297,75.67972564697266,73.87806701660156,119.79000091552734,40.70772171020508,21.034488677978516
2014-01-17,148.78179931640625,45.94218444824219,30.313323974609375,75.86002349853516,73.96136474609375,120.93000030517578,40.46997833251953,21.05984878540039
2014-01-21,149.21932983398438,46.1622428894043,30.267616271972656,75.7774429321289,73.8588638305664,119.69999694824219,40.83572769165039,21.110578536987305
2014-01-22,149.31655883789062,46.1622428894043,30.671384811401367,75.5670166015625,73.67942810058594,119.19000244140625,41.01250457763672,21.21202850341797
2014-01-23,148.09310913085938,45.85279846191406,29.91716766357422,76.07794189453125,73.96136474609375,121.79000091552734,40.91496276855469,21.195119857788086
2014-01-24,144.93345642089844,44.594383239746094,29.13248634338379,76.38607025146484,73.91011810302734,122.29000091552734,40.402923583984375,21.203575134277344
2014-01-27,144.22047424316406,44.388099670410156,29.01820945739746,76.15303802490234,73.7691879272461,120.95999908447266,40.092044830322266,21.05984878540039
2014-01-28,145.0792694091797,44.773193359375,29.2010498046875,76.26578521728516,74.1279525756836,120.94999694824219,40.42731475830078,21.161304473876953
2014-01-29,143.68577575683594,44.27119827270508,28.78203773498535,76.62646484375,74.27530670166016,122.47000122070312,40.20785140991211,21.14439582824707
2014-01-30,145.20889282226562,44.49811935424805,29.048681259155273,76.55134582519531,74.313720703125,119.7699966430664,40.81744384765625,21.05984878540039
2014-01-31,144.3582000732422,43.74169921875,29.09438133239746,76.85189819335938,74.5379638671875,120.08999633789062,41.036888122558594,21.034488677978516
2014-02-03,141.10940551757812,42.84775161743164,28.271610260009766,77.2696304321289,75.01866912841797,121.31999969482422,40.3846435546875,21.034488677978516
2014-02-04,142.0978240966797,43.342864990234375,28.842987060546875,77.03631591796875,74.65879821777344,120.98999786376953,40.872310638427734,21.195119857788086
2014-02-05,141.9195556640625,43.432247161865234,28.736328125,76.75780487060547,74.42103576660156,121.29000091552734,40.786964416503906,21.23739242553711
2014-02-06,143.7910614013672,44.202430725097656,29.33818244934082,76.61476135253906,74.35035705566406,121.23999786376953,41.08564758300781,21.321935653686523
2014-02-07,145.57347106933594,44.780059814453125,29.505767822265625,76.81803131103516,74.5816650390625,122.16999816894531,41.39655303955078,21.56711196899414
2014-02-10,145.8408660888672,44.62876892089844,29.17818832397461,76.85568237304688,74.61382293701172,122.91999816894531,41.78667068481445,21.448753356933594
2014-02-11,147.43682861328125,45.33705520629883,29.810510635375977,76.51698303222656,74.45958709716797,124.36000061035156,41.951255798339844,21.55866050720215
2014-02-12,147.5098419189453,45.412696838378906,29.818132400512695,76.33633422851562,74.23465728759766,124.43000030517578,41.97564697265625,21.60093116760254
2014-02-13,148.27139282226562,45.55023956298828,29.848608016967773,76.69761657714844,74.54310607910156,125.48999786376953,42.13413619995117,21.71929168701172
2014-02-14,149.08966064453125,45.722145080566406,30.214277267456055,76.6449203491211,74.68450164794922,127.1500015258789,42.29872512817383,21.79538345336914
2014-02-18,149.26792907714844,46.11410903930664,29.932401657104492,76.83306121826172,74.8387451171875,127.4000015258789,42.50597381591797,22.108192443847656
2014-02-19,148.27947998046875,45.80466079711914,29.726707458496094,76.68254089355469,74.75521087646484,126.2699966430664,42.48159408569336,22.167373657226562
2014-02-20,149.154541015625,45.96282196044922,29.833356857299805,76.59973907470703,74.65879821777344,127.5999984741211,42.39015579223633,22.209646224975586
2014-02-21,148.98434448242188,46.05221939086914,30.039060592651367,76.69761657714844,74.73593139648438,127.58000183105469,42.49380111694336,22.15046501159668
2014-02-24,149.8107452392578,46.45106506347656,30.039060592651367,76.6223373413086,74.77449798583984,128.99000549316406,42.597408294677734,22.24346351623535
2014-02-25,149.75401306152344,46.34103012084961,29.696231842041016,76.88578033447266,75.06365203857422,129.2100067138672,42.73762893676758,22.142013549804688
2014-02-26,149.76211547851562,46.182884216308594,29.71908950805664,77.11158752441406,75.3078384399414,128.11000061035156,42.83515548706055,22.08283233642578
2014-02-27,150.54800415039062,46.34103012084961,30.28285026550293,77.20191192626953,75.4363784790039,128.1999969482422,42.71933364868164,22.015193939208984
2014-02-28,150.9287872314453,46.42354965209961,30.077159881591797,77.12665557861328,75.39134979248047,127.62000274658203,43.115562438964844,22.09128761291504
2014-03-03,149.86741638183594,45.44020462036133,29.54387664794922,77.50811004638672,75.58857727050781,130.2899932861328,43.13994598388672,22.395641326904297
2014-03-04,151.9739227294922,46.34103012084961,30.046676635742188,76.91251373291016,75.18255615234375,128.67999267578125,43.761714935302734,22.31109619140625
2014-03-05,152.11163330078125,46.29978561401367,30.069534301757812,76.9954605102539,75.14385986328125,128.88999938964844,43.70685577392578,22.12510108947754
2014-03-06,152.46002197265625,46.7811393737793,30.496152877807617,76.66375732421875,74.91829681396484,130.1699981689453,43.341094970703125,22.3280086517334
2014-03-07,152.5248260498047,46.52670669555664,30.107622146606445,76.33203887939453,74.6475830078125,129.08999633789062,42.87172317504883,22.22655487060547
2014-03-10,152.44383239746094,46.23788833618164,29.901939392089844,76.4149398803711,74.53156280517578,129.1300048828125,42.64617919921875,22.040557861328125
2014-03-11,151.69039916992188,45.90092468261719,29.566728591918945,76.49034118652344,74.55735778808594,129.86000061035156,42.91438293457031,22.04901123046875
2014-03-12,151.73086547851562,45.72901916503906,29.627674102783203,76.79185485839844,74.8216323852539,131.75999450683594,43.04240036010742,21.989830017089844
2014-03-13,150.0294647216797,44.876338958740234,29.09438133239746,77.24420928955078,75.08586120605469,132.2100067138672,42.84124755859375,21.88838005065918
2014-03-14,149.60818481445312,44.780059814453125,29.2543888092041,77.25179290771484,75.00210571289062,133.10000610351562,42.950965881347656,22.00674057006836
2014-03-17,150.961181640625,45.343936920166016,29.612436294555664,76.94268798828125,74.90546417236328,131.63999938964844,43.04240036010742,21.761564254760742
2014-03-18,152.03872680664062,45.625877380371094,30.02383041381836,77.13116455078125,75.13741302490234,130.6199951171875,43.170433044433594,21.871471405029297
2014-03-19,151.22853088378906,45.06886672973633,29.383886337280273,76.4149398803711,74.59601593017578,128.08999633789062,42.353580474853516,21.863018035888672
2014-03-20,152.11163330078125,44.8969612121582,29.513404846191406,76.43004608154297,74.69918060302734,127.86000061035156,42.426719665527344,21.761564254760742
2014-03-21,151.52169799804688,44.80757141113281,29.696231842041016,76.57323455810547,74.95701599121094,128.47000122070312,42.81686019897461,21.778472900390625
2014-03-24,150.89508056640625,44.92446517944336,29.98573875427246,76.60340118408203,75.09877014160156,126.18000030517578,42.536476135253906,21.770015716552734
2014-03-25,151.6112060546875,45.412696838378906,30.328550338745117,76.55821228027344,75.12457275390625,126.41000366210938,42.92483901977539,21.91374397277832
2014-03-26,150.52073669433594,45.405818939208984,30.397117614746094,76.88240051269531,75.41459655761719,125.41000366210938,42.44013214111328,21.896833419799805
2014-03-27,150.20338439941406,45.63275146484375,30.79327392578125,76.95771789550781,75.43390655517578,124.58999633789062,42.7100944519043,22.09128761291504
2014-03-28,150.94390869140625,45.9765739440918,31.037071228027344,76.68630981445312,75.37586975097656,124.55999755859375,42.96779251098633,22.0997371673584
2014-03-31,152.1807403564453,46.21037292480469,31.242755889892578,76.69388580322266,75.36946868896484,123.61000061035156,43.32980728149414,22.08283233642578
2014-04-01,153.1898956298828,46.506072998046875,31.60843849182129,76.5352783203125,75.18199157714844,123.38999938964844,43.52613830566406,21.81229019165039
2014-04-02,153.7025604248047,46.59546661376953,31.669384002685547,76.2029800415039,75.07859802246094,124.31999969482422,43.562950134277344,21.761564254760742
2014-04-03,153.4991455078125,46.46481704711914,31.547489166259766,76.25577545166016,75.22075653076172,123.91999816894531,43.470916748046875,21.939104080200195
2014-04-04,151.68443298339844,46.32040786743164,31.463695526123047,76.72408294677734,75.51813507080078,125.56999969482422,43.61817169189453,22.040557861328125
2014-04-07,150.008056640625,46.10034942626953,31.600814819335938,76.9053726196289,75.69915008544922,124.91000366210938,43.75928497314453,21.989830017089844
2014-04-08,150.62652587890625,46.072845458984375,31.96649932861328,77.01110076904297,75.89952087402344,126.08999633789062,44.02924346923828,22.24346351623535
2014-04-09,152.2459716796875,46.66422653198242,32.21028518676758,76.98843383789062,75.96414947509766,126.31999969482422,43.91880798339844,22.302644729614258
2014-04-10,149.0478057861328,45.839046478271484,31.867462158203125,77.31324005126953,76.06758117675781,127.01000213623047,43.501590728759766,22.31109619140625
2014-04-11,147.70513916015625,45.563987731933594,31.867462158203125,77.47184753417969,76.11930847167969,126.93000030517578,43.23775863647461,22.209646224975586
2014-04-14,148.8688201904297,45.825294494628906,31.79889488220215,77.35100555419922,76.17101287841797,127.8499984741211,43.495452880859375,22.412551879882812
2014-04-15,149.89414978027344,45.63275146484375,31.318941116333008,77.441650390625,76.33258056640625,125.48999786376953,44.0108528137207,22.429460525512695
2014-04-16,151.4647216796875,46.196624755859375,31.715089797973633,77.32075500488281,76.36489868164062,125.54000091552734,44.29309844970703,22.471731185913086
2014-04-17,151.67633056640625,46.43730545043945,32.00458526611328,76.88270568847656,75.92536926269531,124.75,44.035377502441406,22.522459030151367
2014-04-21,152.20518493652344,46.49918746948242,31.8065185546875,76.86759185791016,76.02877807617188,124.23999786376953,44.28694534301758,22.446367263793945
2014-04-22,152.8969268798828,46.691741943359375,31.72270965576172,76.83737182617188,76.06758117675781,123.77999877929688,44.385128021240234,22.437915802001953
2014-04-23,152.5388641357422,46.581703186035156,31.49415397644043,77.0338134765625,76.23564147949219,123.76000213623047,44.20718765258789,22.421005249023438
2014-04-24,152.84811401367188,46.5748405456543,31.52464485168457,77.01110076904297,76.24856567382812,124.55999755859375,44.39126205444336,22.556276321411133
2014-04-25,151.5948944091797,46.34790802001953,31.09800148010254,77.11688995361328,76.23564147949219,125.43000030517578,44.21947479248047,22.46327781677246
2014-04-28,152.07501220703125,46.4923210144043,31.25037956237793,77.0035400390625,76.14512634277344,124.87999725341797,44.56303787231445,22.387187957763672
2014-04-29,152.7830047607422,46.79488754272461,31.547489166259766,77.07154083251953,76.15806579589844,124.86000061035156,44.59374237060547,22.446367263793945
2014-04-30,153.23867797851562,46.980552673339844,31.486530303955078,77.27547454833984,76.37135314941406,124.22000122070312,44.753257751464844,22.3280086517334
2014-05-01,153.25498962402344,47.111209869384766,31.52464485168457,77.4979248046875,76.69163513183594,123.80000305175781,44.94344711303711,22.158920288085938
2014-05-02,153.03526306152344,47.03556442260742,31.699851989746094,77.61145782470703,76.85366821289062,125.05999755859375,44.931190490722656,22.218101501464844
2014-05-05,153.3281707763672,47.00119400024414,31.52464485168457,77.56607055664062,76.65921783447266,126.22000122070312,45.02323532104492,22.167373657226562
2014-05-06,151.99363708496094,46.91867446899414,31.669384002685547,77.65686798095703,76.78885650634766,125.9800033569336,44.863704681396484,22.184280395507812
2014-05-07,152.88877868652344,46.973670959472656,31.83698272705078,77.71741485595703,76.80181884765625,124.16999816894531,45.403629302978516,22.24346351623535
2014-05-08,152.7260284423828,46.980552673339844,31.76080894470215,77.8006820678711,76.82135009765625,124.16999816894531,45.507957458496094,22.175827026367188
2014-05-09,152.95387268066406,46.911781311035156,31.707477569580078,77.74011993408203,76.73700714111328,124.0999984741211,45.538612365722656,22.065921783447266
2014-05-12,154.44305419921875,47.221229553222656,32.24076461791992,77.53575897216797,76.54248809814453,124.94000244140625,45.67974090576172,22.116647720336914
2014-05-13,154.5814666748047,47.28998947143555,32.36265182495117,77.83853149414062,76.82770538330078,124.5999984741211,45.385223388671875,22.218101501464844
2014-05-14,153.84902954101562,47.20059585571289,32.59120178222656,78.19417572021484,77.21025848388672,125.80999755859375,45.403629302978516,22.319551467895508
2014-05-15,152.49818420410156,46.99430847167969,32.286468505859375,78.47415161132812,77.34636688232422,124.7699966430664,45.37910079956055,22.184280395507812
2014-05-16,153.02708435058594,47.09746170043945,32.71309280395508,78.3076400756836,77.25559997558594,124.5,45.79631805419922,22.209646224975586
2014-05-19,153.58859252929688,47.00119400024414,32.71309280395508,78.20925903320312,77.18428039550781,124.58000183105469,45.61225891113281,22.192737579345703
2014-05-20,152.6202392578125,46.70548629760742,32.446449279785156,78.43630981445312,77.18428039550781,124.69000244140625,45.47114944458008,22.235008239746094
2014-05-21,153.90602111816406,47.0699462890625,32.697853088378906,78.31525421142578,77.04167938232422,124.38999938964844,45.17048645019531,22.277280807495117
2014-05-22,154.2802734375,47.1318359375,32.92640686035156,78.23200988769531,77.0157699584961,124.66999816894531,45.09070587158203,22.294187545776367
2014-05-23,154.8987579345703,47.25560760498047,32.86546325683594,78.39086151123047,77.10002899169922,124.51000213623047,45.48952102661133,22.34491729736328
2014-05-27,155.85089111328125,47.59257507324219,32.583580017089844,78.41360473632812,77.37230682373047,121.8499984741211,45.814720153808594,22.158920288085938
2014-05-28,155.7369384765625,47.434417724609375,32.77404022216797,78.8449478149414,77.74185180664062,121.19999694824219,45.52634048461914,22.167373657226562
2014-05-29,156.5425262451172,47.72321701049805,32.86546325683594,78.74658203125,77.51492309570312,120.94000244140625,45.618377685546875,22.175827026367188
2014-05-30,156.7947998046875,47.73009490966797,32.415977478027344,78.68604278564453,77.52786254882812,120.43000030517578,45.82699966430664,22.00674057006836
2014-06-02,156.97384643554688,47.82637405395508,32.515018463134766,78.32597351074219,77.0975341796875,119.69999694824219,45.96812438964844,21.981380462646484
2014-06-03,156.8924560546875,47.70945739746094,32.697853088378906,77.93180084228516,76.74644470214844,120.01000213623047,45.943580627441406,21.964466094970703
2014-06-04,157.20985412597656,47.69572067260742,32.515018463134766,77.87115478515625,76.70745849609375,119.76000213623047,46.035621643066406,21.905288696289062
2014-06-05,158.2351837158203,48.02579879760742,32.85784912109375,77.98482513427734,76.87001037597656,120.66000366210938,46.8823356628418,21.93065071105957
2014-06-06,158.9919891357422,48.2870979309082,33.185420989990234,77.92424774169922,77.03250885009766,120.61000061035156,46.68598556518555,22.023649215698242
2014-06-09,159.1547393798828,48.238956451416016,33.30732345581055,77.8105239868164,76.8764877319336,120.6500015258789,46.121498107910156,22.116647720336914
2014-06-10,159.17095947265625,48.13581466674805,33.482547760009766,77.67407989501953,76.73345947265625,121.38999938964844,45.777896881103516,22.057466506958008
2014-06-11,158.61764526367188,47.895137786865234,33.368263244628906,77.78022003173828,76.79197692871094,121.41000366210938,45.655189514160156,21.998289108276367
2014-06-12,157.49462890625,47.908878326416016,33.20828628540039,78.08345031738281,77.0390396118164,122.63999938964844,45.538612365722656,22.31109619140625
2014-06-13,157.97482299804688,47.943275451660156,33.22352600097656,77.93180084228516,77.02600860595703,122.95999908447266,45.655189514160156,22.31109619140625
2014-06-16,158.10494995117188,47.9570198059082,33.07115936279297,77.93180084228516,77.01953887939453,122.41999816894531,45.422035217285156,22.378732681274414
2014-06-17,158.5443878173828,47.922645568847656,33.07877731323242,77.60587310791016,76.75946044921875,122.27999877929688,45.538612365722656,22.404094696044922
2014-06-18,159.70811462402344,48.33523941040039,33.444461822509766,78.01519012451172,77.20148468017578,122.66999816894531,45.857669830322266,22.497095108032227
2014-06-19,159.8870849609375,48.59654235839844,33.253997802734375,77.81809997558594,76.92851257324219,126.94000244140625,46.238075256347656,22.716907501220703
2014-06-20,160.21173095703125,48.5140266418457,33.185420989990234,77.90904998779297,77.07799530029297,126.5,46.3975944519043,22.759180068969727
2014-06-23,160.16268920898438,48.38337707519531,33.11686706542969,77.85599517822266,77.07154083251953,126.8499984741211,46.207401275634766,22.674636840820312
2014-06-24,159.19784545898438,48.08080291748047,33.101619720458984,78.17438507080078,77.3966064453125,126.9800033569336,46.2414436340332,22.708454132080078
2014-06-25,159.91738891601562,48.06388854980469,33.17150115966797,78.25019836425781,77.4745864868164,126.98999786376953,46.1485710144043,22.742271423339844
2014-06-26,159.80287170410156,48.09911346435547,33.20989227294922,78.45489501953125,77.61760711669922,126.7300033569336,46.105228424072266,22.649274826049805
2014-06-27,160.11358642578125,48.12728500366211,33.28668212890625,78.45489501953125,77.60464477539062,126.66000366210938,46.458213806152344,22.60700225830078
2014-06-30,160.0318603515625,48.1695671081543,33.194541931152344,78.51545715332031,77.5331039428711,128.0399932861328,46.34674072265625,22.471731185913086
2014-07-01,161.10296630859375,48.5922966003418,33.509368896484375,78.2587890625,77.23324584960938,127.69999694824219,46.59444808959961,22.404094696044922
2014-07-02,161.2664794921875,48.669795989990234,33.709007263183594,77.93982696533203,76.95942687988281,127.69999694824219,46.48298645019531,22.36182403564453
2014-07-03,162.05963134765625,48.768428802490234,33.90864181518555,77.78038787841797,76.88117218017578,127.16000366210938,46.21668243408203,22.319551467895508
2014-07-07,161.49545288085938,48.38797378540039,33.8856086730957,77.97022247314453,77.01807403564453,127.0199966430664,46.35293197631836,22.142013549804688
2014-07-08,160.45697021484375,47.88071060180664,33.732051849365234,78.32715606689453,77.304931640625,127.06999969482422,46.48917770385742,22.08283233642578
2014-07-09,161.17649841308594,48.035709381103516,33.92401123046875,78.34233856201172,77.42875671386719,127.83999633789062,46.56350326538086,21.93065071105957
2014-07-10,160.53875732421875,47.507301330566406,33.739723205566406,78.50941467285156,77.37008666992188,128.5399932861328,46.774051666259766,21.964466094970703
2014-07-11,160.75950622558594,47.535491943359375,33.701316833496094,78.63851928710938,77.61134338378906,128.77999877929688,46.78023147583008,21.770015716552734
2014-07-14,161.5690460205078,47.88776397705078,33.96239471435547,78.4638442993164,77.44835662841797,125.72000122070312,47.00936508178711,21.854562759399414
2014-07-15,161.2664794921875,47.76799392700195,33.939361572265625,78.39551544189453,77.36360168457031,124.52999877929688,47.04031753540039,21.651657104492188
2014-07-16,161.86343383789062,48.06388854980469,34.02383804321289,78.50941467285156,77.54615020751953,124.97000122070312,47.18897247314453,21.685474395751953
2014-07-17,160.02365112304688,47.4509391784668,33.38650131225586,78.96511840820312,77.83950805664062,127.08999633789062,46.94743728637695,21.7362003326416
2014-07-18,161.65899658203125,47.8243408203125,33.90864181518555,78.80558776855469,77.73516845703125,126.12999725341797,47.41189193725586,21.59247589111328
2014-07-21,161.3564453125,47.64820861816406,34.02383804321289,78.82835388183594,77.73516845703125,126.33999633789062,47.238494873046875,21.69392967224121
2014-07-22,162.05963134765625,47.85957717895508,34.338645935058594,78.92711639404297,77.79388427734375,125.73999786376953,47.387123107910156,21.60093116760254
2014-07-23,162.41941833496094,47.95821762084961,34.36936950683594,78.91947937011719,77.88513946533203,125.62000274658203,47.47381591796875,21.660110473632812
2014-07-24,162.42755126953125,48.07093811035156,34.52294158935547,78.60050964355469,77.5787582397461,124.3499984741211,47.41189193725586,21.634748458862305
2014-07-25,161.6671142578125,47.873661041259766,34.38472366333008,78.9043197631836,77.87860107421875,125.79000091552734,47.08368682861328,21.71929168701172
2014-07-28,161.7325439453125,47.88071060180664,34.62276077270508,78.81317138671875,77.78736114501953,125.58000183105469,47.41189193725586,21.677019119262695
2014-07-29,161.03753662109375,47.782073974609375,34.415428161621094,78.91947937011719,77.85906219482422,125.19999694824219,47.182762145996094,21.60938262939453
2014-07-30,161.06210327148438,47.711612701416016,34.24650192260742,78.36510467529297,77.50049591064453,124.83000183105469,47.08368682861328,21.516387939453125
2014-07-31,157.8814239501953,46.91548538208008,33.64757537841797,78.34233856201172,77.28532409667969,123.38999938964844,46.38389205932617,21.406476974487305
2014-08-01,157.39891052246094,46.591392517089844,33.83186721801758,78.80345153808594,77.68353271484375,124.37999725341797,46.272438049316406,21.23739242553711
2014-08-04,158.53550720214844,46.809810638427734,34.14668655395508,78.84905242919922,77.70317077636719,123.98999786376953,46.59444808959961,21.398025512695312
2014-08-05,156.998291015625,46.2109489440918,33.624542236328125,78.8871078491211,77.78160858154297,123.87000274658203,46.11761474609375,21.296573638916016
2014-08-06,157.04739379882812,46.09822082519531,33.39418029785156,78.9555892944336,77.64431762695312,125.66999816894531,46.099029541015625,21.431842803955078
2014-08-07,156.19700622558594,45.724815368652344,33.263648986816406,79.31320190429688,77.84699249267578,126.18000030517578,46.12379455566406,21.47411346435547
2014-08-08,158.00399780273438,45.99253463745117,33.563114166259766,79.24476623535156,77.82740783691406,126.19000244140625,46.39628601074219,21.372663497924805
2014-08-11,158.46192932128906,46.168670654296875,33.99311828613281,79.2066650390625,77.86004638671875,125.95999908447266,46.687339782714844,21.406476974487305
2014-08-12,158.24110412597656,46.13344192504883,34.0315055847168,79.09252166748047,77.82084655761719,125.98999786376953,46.61301803588867,21.271211624145508
2014-08-13,159.312255859375,46.39411544799805,34.21579360961914,79.35126495361328,77.97776794433594,126.19999694824219,47.28803634643555,21.254302978515625
2014-08-14,160.064453125,46.64071273803711,34.26953887939453,79.51105499267578,78.06273651123047,126.30999755859375,47.2570915222168,21.000669479370117
2014-08-15,160.0318603515625,46.591392517089844,34.177391052246094,79.83056640625,78.33735656738281,125.4800033569336,47.20752716064453,21.085214614868164
2014-08-18,161.37278747558594,46.89434814453125,34.50757598876953,79.57948303222656,78.16080474853516,124.95999908447266,47.672000885009766,20.907670974731445
2014-08-19,162.21498107910156,47.00708770751953,34.66883087158203,79.49578857421875,78.1084976196289,124.68000030517578,47.771095275878906,20.949941635131836
2014-08-20,162.6482696533203,46.859127044677734,34.5997200012207,79.25996398925781,77.93197631835938,124.22000122070312,47.987823486328125,21.009124755859375
2014-08-21,163.12257385253906,47.0564079284668,34.453834533691406,79.42731475830078,78.2000503540039,122.87999725341797,47.91352081298828,21.05984878540039
2014-08-22,162.86911010742188,46.8309440612793,34.3616828918457,79.4349136352539,78.29812622070312,123.19000244140625,47.5295524597168,21.026033401489258
2014-08-25,163.69496154785156,47.133888244628906,34.61507797241211,79.49578857421875,78.42234802246094,122.73999786376953,47.42427062988281,21.05984878540039
2014-08-26,163.80125427246094,47.14094161987305,34.82239532470703,79.48058319091797,78.4746322631836,123.3499984741211,47.51718521118164,21.06830406188965
2014-08-27,163.73574829101562,47.23252487182617,34.99900436401367,79.70124816894531,78.60539245605469,123.31999969482422,47.548126220703125,21.102121353149414
2014-08-28,163.64588928222656,47.02117156982422,34.653480529785156,79.8077621459961,78.77534484863281,124.0,47.54194641113281,21.11903190612793
2014-08-29,164.1119384765625,47.000030517578125,34.5997200012207,79.81534576416016,78.8342056274414,123.86000061035156,47.795833587646484,21.161304473876953
2014-09-02,164.03012084960938,47.09162902832031,34.54597854614258,79.30553436279297,78.459228515625,121.6500015258789,47.80205154418945,20.856945037841797
2014-09-03,163.94021606445312,47.42274856567383,34.99900436401367,79.41978454589844,78.5640869140625,122.1500015258789,47.925907135009766,20.941490173339844
2014-09-04,163.70309448242188,47.19729995727539,34.9068717956543,79.13778686523438,78.00682067871094,121.4800033569336,47.74630355834961,20.856945037841797
2014-09-05,164.43896484375,47.20433807373047,35.206329345703125,79.16068267822266,78.01992797851562,122.05999755859375,48.25410079956055,20.82312774658203
2014-09-08,164.01385498046875,46.70412063598633,34.791683197021484,79.07686614990234,77.8887939453125,120.7300033569336,48.20457077026367,20.7216739654541
2014-09-09,162.97543334960938,46.57026290893555,34.3616828918457,78.89393615722656,77.67898559570312,120.87000274658203,47.90731430053711,20.552587509155273
2014-09-10,163.5886688232422,46.837989807128906,34.21579360961914,78.69576263427734,77.55438995361328,120.26000213623047,47.151798248291016,20.408864974975586
2014-09-11,163.7767333984375,46.57730484008789,33.98542785644531,78.59666442871094,77.49539184570312,119.47000122070312,47.18897247314453,20.307411193847656
2014-09-12,162.82000732421875,46.5139045715332,33.624542236328125,78.29936981201172,77.1217041015625,118.37999725341797,45.73984146118164,20.146780014038086
2014-09-15,162.69740295410156,46.415252685546875,33.45561218261719,78.44422149658203,77.14137268066406,118.63999938964844,45.51690673828125,20.172142028808594
2014-09-16,163.92384338378906,46.61253356933594,33.89327621459961,78.42131805419922,77.12825775146484,118.83000183105469,45.96278381347656,20.358139038085938
2014-09-17,164.1446075439453,46.281402587890625,33.57846450805664,78.22315216064453,76.91844177246094,117.54000091552734,45.950401306152344,20.27359390258789
2014-09-18,165.01956176757812,46.64071273803711,33.624542236328125,78.16985321044922,77.05616760253906,117.77999877929688,45.547874450683594,20.07914161682129
2014-09-19,164.87075805664062,46.478675842285156,33.37114334106445,78.46707153320312,77.35772705078125,117.08999633789062,45.603599548339844,20.019962310791016
2014-09-22,163.59754943847656,46.274349212646484,32.86435317993164,78.63475036621094,77.4298324584961,116.8499984741211,45.24442672729492,19.850873947143555
2014-09-23,162.66107177734375,45.886844635009766,32.68007278442383,78.802490234375,77.55438995361328,117.5999984741211,44.91620635986328,19.850873947143555
2014-09-24,163.9343719482422,46.119346618652344,33.14846420288086,78.5813980102539,77.3708267211914,117.05000305175781,44.796199798583984,19.935420989990234
2014-09-25,161.28921508789062,45.442996978759766,32.42668151855469,78.96249389648438,77.600341796875,117.38999938964844,44.59619140625,19.89314842224121
2014-09-26,162.57070922851562,45.63321304321289,32.57257080078125,78.79481506347656,77.4298324584961,117.05999755859375,45.196224212646484,19.859329223632812
2014-09-29,162.2749786376953,45.210487365722656,31.912221908569336,79.04632568359375,77.3970718383789,117.02999877929688,45.13371658325195,19.97768783569336
2014-09-30,161.84774780273438,45.175262451171875,31.912221908569336,78.97777557373047,77.50851440429688,116.20999908447266,44.9087028503418,19.631059646606445
2014-10-01,159.65444946289062,44.63981246948242,31.259536743164062,79.64128112792969,77.97863006591797,116.7699966430664,44.946197509765625,19.563425064086914
2014-10-02,159.6791229248047,44.16073226928711,31.428462982177734,79.40460968017578,77.9720458984375,116.73999786376953,44.8712043762207,19.487335205078125
2014-10-03,161.43707275390625,44.16073226928711,31.697219848632812,79.38165283203125,78.19561767578125,114.61000061035156,45.152462005615234,19.301340103149414
2014-10-06,161.24815368652344,44.442543029785156,32.11185836791992,79.51150512695312,78.23503112792969,116.02999877929688,45.271209716796875,19.54651641845703
2014-10-07,158.75906372070312,43.68868637084961,31.82775115966797,79.97724914550781,78.51780700683594,116.36000061035156,44.91496276855469,19.470430374145508
2014-10-08,161.53565979003906,44.37913513183594,32.30382537841797,80.2597427368164,78.9188461303711,117.47000122070312,45.89000701904297,19.394338607788086
2014-10-09,158.33187866210938,43.18844985961914,31.797035217285156,80.12232208251953,78.59007263183594,117.63999938964844,45.89000701904297,19.166072845458984
2014-10-10,156.5245819091797,42.540279388427734,31.1059627532959,80.43538665771484,78.65583038330078,117.58999633789062,45.933753967285156,19.098434448242188
2014-10-13,153.95343017578125,42.48391342163086,31.420785903930664,80.8553695678711,78.85967254638672,118.5199966430664,45.97750473022461,19.098434448242188
2014-10-14,154.19158935546875,42.589595794677734,31.605072021484375,81.0157699584961,79.03717041015625,118.58999633789062,46.721309661865234,18.81098747253418
2014-10-15,153.14837646484375,42.33596420288086,31.205785751342773,81.47390747070312,79.09636688232422,118.98999786376953,46.540042877197266,18.574262619018555
2014-10-16,153.01690673828125,41.94141387939453,30.921672821044922,81.2524185180664,78.9188461303711,119.22000122070312,46.615055084228516,18.7602596282959
2014-10-17,154.82412719726562,42.72345733642578,31.267215728759766,81.0157699584961,78.885986328125,118.98999786376953,46.671295166015625,18.827896118164062
2014-10-20,156.3274383544922,42.991188049316406,31.359365463256836,81.13024139404297,79.03058624267578,119.80000305175781,47.383846282958984,18.692625045776367
2014-10-21,159.4244384765625,43.5055046081543,31.489891052246094,80.90882110595703,78.98462677001953,120.0199966430664,47.81513214111328,18.844804763793945
2014-10-22,158.29087829589844,43.18844985961914,31.282575607299805,80.88592529296875,78.85311889648438,119.33999633789062,47.82760238647461,18.633445739746094
2014-10-23,160.13088989257812,43.60413360595703,31.274892807006836,80.54995727539062,78.70185852050781,118.5199966430664,48.1963996887207,18.853256225585938
2014-10-24,161.36312866210938,43.84367752075195,31.49757194519043,80.61865997314453,78.7347640991211,118.3499984741211,48.15888595581055,18.734895706176758
2014-10-27,161.14138793945312,43.59708786010742,31.251863479614258,80.70262145996094,78.83335876464844,118.05999755859375,48.51515197753906,18.68416976928711
2014-10-28,162.98968505859375,44.25935745239258,31.881494522094727,80.50410461425781,78.57038116455078,118.0999984741211,48.7276496887207,18.83635139465332
2014-10-29,162.74327087402344,43.92119216918945,31.927576065063477,80.23684692382812,78.42576599121094,116.41000366210938,48.452659606933594,19.05616569519043
2014-10-30,163.78651428222656,44.23822021484375,32.22703552246094,80.32081604003906,78.47834014892578,115.19000244140625,48.75893020629883,18.895532608032227
2014-10-31,165.65945434570312,45.05549240112305,32.3652458190918,80.1910629272461,78.46515655517578,112.66000366210938,49.371463775634766,18.870166778564453
2014-11-03,165.7498321533203,44.66799545288086,32.09649658203125,80.1612548828125,78.3101806640625,112.1500015258789,49.80271911621094,18.701080322265625
2014-11-04,165.17478942871094,44.41436767578125,32.12721633911133,80.15357208251953,78.4223403930664,112.22000122070312,49.88399124145508,18.430538177490234
2014-11-05,166.21803283691406,44.498905181884766,31.84310531616211,80.17652893066406,78.27726745605469,109.79000091552734,49.7777099609375,18.481264114379883
2014-11-06,166.88343811035156,44.25935745239258,31.45149803161621,79.93175506591797,78.03987884521484,109.87999725341797,49.396453857421875,18.4981746673584
2014-11-07,167.03953552246094,44.28049087524414,31.651145935058594,80.4442367553711,78.534423828125,112.97000122070312,49.33394241333008,18.582717895507812
2014-11-10,167.56529235839844,44.4777717590332,31.73560333251953,80.11531829833984,78.13880157470703,110.45999908447266,49.74021911621094,18.405176162719727
2014-11-11,167.72962951660156,44.74549865722656,31.704898834228516,80.12297058105469,78.13218688964844,112.04000091552734,49.54645919799805,18.4981746673584
2014-11-12,167.54885864257812,44.36503982543945,31.643461227416992,80.0924072265625,78.12564849853516,111.5,49.17142868041992,18.438995361328125
2014-11-13,167.73779296875,44.5764045715332,31.55900001525879,80.22244262695312,78.03987884521484,111.66999816894531,49.44020462036133,18.100818634033203
2014-11-14,167.7788848876953,44.63981246948242,31.820068359375,80.39068603515625,78.13880157470703,114.47000122070312,49.03392791748047,18.295270919799805
2014-11-17,167.88568115234375,44.463680267333984,31.482208251953125,80.29889678955078,77.95419311523438,114.05000305175781,49.25270080566406,18.21917724609375
2014-11-18,168.85504150390625,44.94981002807617,31.651145935058594,80.39068603515625,78.0201416015625,115.05000305175781,49.465206146240234,18.126182556152344
2014-11-19,168.5839080810547,44.81595230102539,31.635787963867188,80.17652893066406,77.60472106933594,113.68000030517578,49.02144241333008,18.033184051513672
2014-11-20,168.87969970703125,44.5482292175293,31.58203887939453,80.32183837890625,77.90144348144531,114.86000061035156,49.1839485168457,18.18536376953125
2014-11-21,169.78326416015625,44.93572235107422,32.58793258666992,80.48249816894531,78.23770904541016,115.38999938964844,49.49022674560547,18.37981414794922
2014-11-24,170.25975036621094,45.19640350341797,32.319175720214844,80.57424926757812,78.36298370361328,115.11000061035156,49.66521072387695,18.21917724609375
2014-11-25,170.1365203857422,45.27391052246094,32.11185836791992,80.7731704711914,78.69921112060547,115.37999725341797,49.75272750854492,18.1346378326416
2014-11-26,170.57192993164062,45.45003128051758,32.518829345703125,80.91085052490234,78.96959686279297,115.16000366210938,50.23400115966797,18.092365264892578
2014-11-28,170.21047973632812,45.083675384521484,31.86614227294922,81.22445678710938,79.1805191040039,112.11000061035156,50.3590087890625,17.263835906982422
2014-12-01,169.02749633789062,45.041404724121094,31.32097053527832,81.02523803710938,78.90616607666016,116.58000183105469,50.23400115966797,17.618919372558594
2014-12-02,170.12002563476562,45.168209075927734,31.313274383544922,80.66511535644531,78.37718963623047,115.13999938964844,50.546539306640625,17.246925354003906
2014-12-03,170.7772674560547,45.11186218261719,31.397756576538086,80.69574737548828,78.45654296875,116.33000183105469,50.49652099609375,17.145475387573242
2014-12-04,170.5883026123047,44.96390151977539,31.45149803161621,80.97921752929688,78.58219146728516,115.87999725341797,50.627769470214844,17.09474754333496
2014-12-05,170.8676300048828,45.062538146972656,31.39006996154785,80.52716827392578,78.25818634033203,114.43000030517578,50.37151336669922,17.052474975585938
2014-12-08,169.72579956054688,44.66799545288086,30.929353713989258,80.79534149169922,78.62845611572266,115.77999877929688,50.690284729003906,16.756574630737305
2014-12-09,169.6107940673828,44.4284553527832,30.637561798095703,81.09416961669922,78.69458770751953,118.19000244140625,50.92155075073242,16.87493324279785
2014-12-10,166.89173889160156,43.86481857299805,30.184537887573242,81.46195220947266,78.66814422607422,117.95999908447266,50.871543884277344,16.612850189208984
2014-12-11,167.73779296875,43.80846405029297,29.93113136291504,81.32408905029297,78.58879852294922,117.69000244140625,50.965309143066406,16.460668563842773
2014-12-12,165.02696228027344,42.96300506591797,29.43971061706543,81.99061584472656,78.71443939208984,117.41000366210938,50.521522521972656,16.325397491455078
2014-12-15,163.893310546875,42.25141143798828,29.01738929748535,81.69184112548828,78.89960479736328,114.38999938964844,49.86522674560547,16.06331443786621
2014-12-16,162.57891845703125,42.55436706542969,28.971317291259766,82.10555267333984,78.87309265136719,114.94999694824219,49.79646682739258,15.970315933227539
2014-12-17,165.76620483398438,43.06303787231445,29.637277603149414,81.53858184814453,78.8929672241211,114.2699966430664,50.9402961730957,16.06331443786621
2014-12-18,169.8654327392578,43.831390380859375,30.042314529418945,81.07881927490234,78.97232055664062,115.1500015258789,51.29656219482422,16.012588500976562
2014-12-19,170.5882110595703,43.895416259765625,30.25261878967285,81.37767028808594,78.9326171875,114.7699966430664,51.271549224853516,16.24930763244629
2014-12-22,171.37289428710938,44.108856201171875,30.67322540283203,81.37767028808594,79.18389892578125,112.55000305175781,52.12875747680664,15.953408241271973
2014-12-23,171.60421752929688,43.96656036376953,30.3928165435791,80.70339965820312,78.58219146728516,112.73999786376953,51.983028411865234,16.114038467407227
2014-12-24,171.6207275390625,44.165771484375,30.462905883789062,80.7617416381836,78.83548736572266,112.7699966430664,51.76762771606445,15.902682304382324
2014-12-26,172.1741485595703,44.279598236083984,30.70437240600586,80.86919403076172,78.89511108398438,114.83000183105469,51.95137023925781,15.885773658752441
2014-12-29,172.40541076660156,43.95944595336914,30.51744270324707,81.14542388916016,79.04756927490234,113.66999816894531,52.2364501953125,15.73359489440918
2014-12-30,171.4802703857422,43.553932189941406,30.579748153686523,81.2375259399414,79.11389923095703,115.19999694824219,52.198448181152344,15.71668529510498
2014-12-31,169.77871704101562,43.283592224121094,30.603120803833008,81.3295669555664,79.16691589355469,113.58000183105469,51.31780242919922,15.598322868347168
2015-01-02,169.68780517578125,43.0986213684082,30.198087692260742,81.74390411376953,79.44542694091797,114.08000183105469,52.09073257446289,15.412327766418457
2015-01-05,166.6233673095703,42.08126449584961,29.660646438598633,82.2426528930664,79.77024841308594,115.80000305175781,52.37584686279297,15.192512512207031
2015-01-06,165.05393981933594,41.6046028137207,29.536020278930664,82.79517364501953,80.09513854980469,117.12000274658203,52.89536666870117,15.048789978027344
2015-01-07,167.11068725585938,42.06704330444336,30.17472267150879,82.77989959716797,80.2011947631836,116.43000030517578,53.706298828125,14.955790519714355
2015-01-08,170.0760955810547,42.63618850708008,30.688793182373047,82.4422378540039,79.94267272949219,115.94000244140625,53.909034729003906,15.014970779418945
2015-01-09,168.71316528320312,42.42987060546875,30.587535858154297,82.84891510009766,80.15475463867188,117.26000213623047,53.934383392333984,14.989609718322754
2015-01-12,167.39151000976562,42.33026123046875,30.33828353881836,83.14046478271484,80.30730438232422,118.55999755859375,54.3462028503418,14.65988826751709
2015-01-13,166.920654296875,42.54369354248047,30.603120803833008,83.2171630859375,80.38018035888672,118.16000366210938,54.26383972167969,14.600706100463867
2015-01-14,165.91293334960938,42.42276382446289,30.431758880615234,83.60088348388672,80.5194091796875,117.97000122070312,54.73265838623047,14.761338233947754
2015-01-15,164.3931121826172,42.69309616088867,30.501861572265625,84.3144760131836,80.93712615966797,120.94000244140625,54.859371185302734,14.558436393737793
2015-01-16,166.5490264892578,43.24802017211914,30.758895874023438,83.69297790527344,80.48626708984375,122.5199966430664,55.33452606201172,14.837430000305176
2015-01-20,166.90420532226562,43.39741516113281,30.712162017822266,83.88480377197266,80.67192077636719,124.19999694824219,54.897377014160156,14.634523391723633
2015-01-21,167.74667358398438,43.73891067504883,31.38981056213379,83.48580169677734,80.63878631591797,124.2300033569336,54.859371185302734,14.727522850036621
2015-01-22,170.24130249023438,43.90254592895508,31.989566802978516,83.27857971191406,80.59900665283203,125.2300033569336,55.83503723144531,14.710612297058105
2015-01-23,169.30789184570312,43.653533935546875,31.748096466064453,83.82342529296875,81.06971740722656,124.2300033569336,55.67665481567383,14.617616653442383
2015-01-26,169.70433044433594,44.25114059448242,31.76367950439453,83.63157653808594,81.0498046875,122.98999786376953,56.14547348022461,14.566888809204102
2015-01-27,167.4658966064453,44.31516647338867,31.59233283996582,83.7466812133789,81.10948944091797,124.4000015258789,56.16448974609375,14.642979621887207
2015-01-28,165.3182373046875,43.653533935546875,31.249601364135742,84.39125061035156,81.65978240966797,123.41999816894531,55.79068374633789,14.431619644165039
2015-01-29,166.84634399414062,44.25114059448242,31.249601364135742,84.09196472167969,81.4675064086914,120.76000213623047,55.98707580566406,14.363983154296875
2015-01-30,164.74830627441406,43.553932189941406,30.3928165435791,84.82865905761719,82.1371078491211,123.44999694824219,54.834022521972656,14.710612297058105
2015-02-02,166.78855895996094,44.08039474487305,30.938058853149414,84.72254943847656,82.21356964111328,122.41999816894531,54.688297271728516,14.913519859313965
2015-02-03,169.2005157470703,44.78471755981445,31.522226333618164,84.0077133178711,81.54881286621094,121.05000305175781,55.16347122192383,15.327781677246094
2015-02-04,168.55621337890625,44.414772033691406,31.36644172668457,84.1461181640625,81.66178894042969,121.58000183105469,54.935394287109375,14.989609718322754
2015-02-05,170.2578125,45.02660369873047,31.553382873535156,83.8386459350586,81.40251922607422,121.79000091552734,55.59428787231445,15.192512512207031
2015-02-06,169.78697204589844,44.46456527709961,31.015933990478516,82.9010009765625,80.55162811279297,118.63999938964844,53.978729248046875,15.234785079956055
2015-02-09,169.0270538330078,44.25114059448242,30.969202041625977,82.86255645751953,80.60478210449219,119.16999816894531,53.59859848022461,15.38696575164795
2015-02-10,170.82777404785156,44.656654357910156,30.891319274902344,82.65502166748047,80.38543701171875,118.47000122070312,53.76966094970703,15.192512512207031
2015-02-11,170.92689514160156,44.414772033691406,30.665437698364258,82.62429809570312,80.43860626220703,117.06999969482422,53.61127471923828,15.074152946472168
2015-02-12,172.5706329345703,45.1048583984375,31.3197078704834,82.65502166748047,80.64468383789062,117.33999633789062,54.251155853271484,15.302420616149902
2015-02-13,173.28099060058594,45.403656005859375,31.678001403808594,82.37831115722656,80.32555389404297,117.9800033569336,53.8900260925293,15.471508026123047
2015-02-17,173.55357360839844,45.5103759765625,31.607906341552734,81.79417419433594,79.95332336425781,116.01000213623047,53.75698471069336,15.479962348937988
2015-02-18,173.57008361816406,45.78071975708008,31.600112915039062,82.1861343383789,80.23918151855469,116.33999633789062,54.25749969482422,15.293968200683594
2015-02-19,173.4462432861328,45.8376350402832,31.46770477294922,81.97863006591797,80.22586822509766,115.94000244140625,53.09174728393555,15.243242263793945
2015-02-20,174.48699951171875,46.264495849609375,31.678001403808594,81.93251037597656,80.34554290771484,115.27999877929688,53.60493087768555,15.184059143066406
2015-02-23,174.4622344970703,46.100860595703125,31.358654022216797,82.30912780761719,80.61803436279297,115.43000030517578,54.035743713378906,15.082608222961426
2015-02-24,174.95779418945312,46.38543701171875,31.810415267944336,82.85484313964844,81.14328002929688,115.26000213623047,52.97138214111328,15.091059684753418
2015-02-25,174.80914306640625,46.42100143432617,31.748096466064453,82.93171691894531,81.21634674072266,115.69999694824219,52.984046936035156,15.319331169128418
2015-02-26,174.6026153564453,46.292945861816406,31.755895614624023,82.4398193359375,80.77767181396484,116.06999969482422,52.40750503540039,15.192512512207031
2015-02-27,174.00790405273438,46.31428909301758,31.73253059387207,82.73188781738281,80.97042083740234,116.16000366210938,52.81930923461914,15.361600875854492
2015-03-02,175.1064910888672,46.38543701171875,31.6857852935791,82.11600494384766,80.26850128173828,115.68000030517578,53.12343978881836,15.1417875289917
2015-03-03,174.3878936767578,46.100860595703125,31.444339752197266,81.93896484375,80.22185516357422,115.47000122070312,53.022056579589844,15.234785079956055
2015-03-04,173.65267944335938,45.9158935546875,31.10161590576172,82.00051879882812,80.1685562133789,115.11000061035156,52.51523971557617,15.099517822265625
2015-03-05,173.84266662597656,46.022613525390625,31.054882049560547,82.04679107666016,80.27518463134766,115.0,52.66728973388672,15.04033374786377
2015-03-06,171.39767456054688,45.39653778076172,30.579748153686523,81.20763397216797,79.42200469970703,111.86000061035156,50.918670654296875,14.854339599609375
2015-03-09,172.10806274414062,45.46768569946289,30.462905883789062,81.58486938476562,79.74193572998047,111.97000122070312,51.32413101196289,14.812067985534668
2015-03-10,169.31614685058594,44.478797912597656,29.785266876220703,81.9312515258789,79.86854553222656,111.41999816894531,51.28611755371094,14.617616653442383
2015-03-11,168.91964721679688,44.59263229370117,30.01115608215332,82.0775375366211,80.27518463134766,110.75,51.33046340942383,14.693703651428223
2015-03-12,171.06732177734375,45.14753341674805,30.198087692260742,82.15447998046875,80.19517517089844,110.72000122070312,52.22377395629883,14.626069068908691
2015-03-13,170.0182342529297,44.884307861328125,29.832000732421875,82.03135681152344,79.96855163574219,110.87999725341797,52.192100524902344,14.330168724060059
2015-03-16,172.28976440429688,45.389427185058594,30.190296173095703,82.316162109375,80.04852294921875,110.80999755859375,52.730628967285156,14.31325912475586
2015-03-17,171.77767944335938,45.27560043334961,30.54081153869629,82.48558044433594,80.181884765625,110.20999908447266,52.71162796020508,14.211806297302246
2015-03-18,173.84266662597656,46.2431526184082,31.288557052612305,83.43241882324219,81.16836547851562,112.37000274658203,53.81401062011719,14.600706100463867
2015-03-19,173.0497283935547,45.70246124267578,30.758895874023438,83.03977966308594,80.7551040649414,112.29000091552734,53.78867721557617,14.35552978515625
2015-03-20,174.5772247314453,46.71269607543945,31.218461990356445,83.3785171508789,80.98173522949219,113.56999969482422,55.13813018798828,14.549981117248535
2015-03-23,174.2370147705078,46.94746780395508,31.311918258666992,83.48626708984375,81.16836547851562,114.29000091552734,55.068416595458984,14.71906852722168
2015-03-24,173.25799560546875,46.84785842895508,31.436552047729492,83.74034118652344,81.28836822509766,114.56999969482422,54.599613189697266,14.600706100463867
2015-03-25,170.71910095214844,46.627323150634766,30.938058853149414,83.3785171508789,81.02172088623047,114.7300033569336,53.657623291015625,14.642979621887207
2015-03-26,170.31253051757812,46.2218132019043,30.649845123291016,82.90892028808594,80.52178192138672,115.4800033569336,53.3771858215332,14.820520401000977
2015-03-27,170.7025146484375,46.34273910522461,30.73552894592285,83.23222351074219,80.84174346923828,115.05999755859375,53.447322845458984,14.524619102478027
2015-03-30,172.78504943847656,46.371212005615234,31.32750129699707,83.22459411621094,80.98173522949219,113.75,54.21210861206055,14.600706100463867
2015-03-31,171.27496337890625,45.652652740478516,31.257394790649414,83.44010162353516,81.12837219238281,113.66000366210938,53.734107971191406,14.431619644165039
2015-04-01,170.6693115234375,45.979915618896484,31.646848678588867,83.83724212646484,81.36168670654297,115.5999984741211,53.657623291015625,14.693703651428223
2015-04-02,171.2832489013672,46.378318786621094,32.12198257446289,83.59817504882812,81.22796630859375,115.27999877929688,54.065521240234375,14.617616653442383
2015-04-06,172.43653869628906,46.84785842895508,32.53479766845703,83.70612335205078,81.33491516113281,116.69000244140625,54.62638854980469,14.80361270904541
2015-04-07,171.9803009033203,46.783843994140625,32.371238708496094,83.77547454833984,81.6290054321289,116.11000061035156,53.66399002075195,14.8797025680542
2015-04-08,172.56105041503906,46.98303985595703,33.04887771606445,83.69839477539062,81.60226440429688,115.47000122070312,53.74685287475586,14.592254638671875
2015-04-09,173.32437133789062,47.04706573486328,33.37601852416992,83.35916137695312,81.18787384033203,114.66999816894531,52.631492614746094,14.592254638671875
2015-04-10,174.2702178955078,47.139556884765625,33.399383544921875,83.33600616455078,81.30152893066406,115.97000122070312,52.5932731628418,14.74443244934082
2015-04-13,173.48196411132812,46.84074783325195,33.20465850830078,83.50566101074219,81.27474975585938,115.13999938964844,52.453033447265625,14.676797866821289
2015-04-14,173.8138885498047,47.18935012817383,33.35265350341797,83.75237274169922,81.46188354492188,114.44000244140625,52.637901306152344,14.74443244934082
2015-04-15,174.59378051757812,47.40278625488281,33.5863151550293,83.79863739013672,81.51536560058594,115.43000030517578,52.24272537231445,15.04033374786377
2015-04-16,174.54397583007812,47.53083419799805,33.85114669799805,83.8603744506836,81.46858978271484,115.02999877929688,52.37656021118164,15.200966835021973
2015-04-17,172.53610229492188,46.93324661254883,33.259178161621094,84.02993774414062,81.68916320800781,115.5999984741211,52.13439178466797,15.167150497436523
2015-04-20,174.11256408691406,46.98303985595703,33.2280158996582,83.87576293945312,81.49535369873047,114.72000122070312,52.210853576660156,15.099517822265625
2015-04-21,173.9051513671875,47.40278625488281,33.42275619506836,83.69839477539062,81.47525787353516,115.37999725341797,52.30009460449219,14.989609718322754
2015-04-22,174.75973510742188,47.495277404785156,33.781036376953125,83.212646484375,80.94725036621094,113.83000183105469,52.40843963623047,15.04033374786377
2015-04-23,175.19947814941406,47.673126220703125,34.03029251098633,83.46707916259766,81.15446472167969,114.66000366210938,52.548641204833984,15.226330757141113
2015-04-24,175.6060028076172,47.95059585571289,34.1549186706543,83.76009368896484,81.30816650390625,113.05000305175781,52.65699768066406,15.217876434326172
2015-04-27,174.87594604492188,48.185367584228516,34.28733444213867,83.62901306152344,81.2480239868164,115.33000183105469,52.5869026184082,15.217876434326172
2015-04-28,175.43179321289062,48.24227523803711,34.341861724853516,83.24348449707031,80.76680755615234,116.33000183105469,52.48490905761719,15.243242263793945
2015-04-29,174.70997619628906,47.822532653808594,33.91346740722656,82.93507385253906,80.0984115600586,115.51000213623047,51.42694091796875,15.344691276550293
2015-04-30,172.9592742919922,47.31741714477539,33.399383544921875,82.91189575195312,80.16524505615234,113.47000122070312,50.592010498046875,15.463055610656738
2015-05-01,174.83441162109375,47.843875885009766,33.60190963745117,82.45861053466797,79.72291564941406,113.08000183105469,50.97443771362305,15.446146011352539
2015-05-04,175.3322296142578,47.794071197509766,33.79662322998047,82.28874206542969,79.46822357177734,114.0999984741211,51.025421142578125,15.437689781188965
2015-05-05,173.32437133789062,47.082645416259766,33.430538177490234,82.14973449707031,79.33419036865234,114.41999816894531,49.916446685791016,15.564506530761719
2015-05-06,172.61085510253906,47.20358657836914,33.01771926879883,81.74817657470703,78.99234771728516,114.36000061035156,49.82084655761719,15.564506530761719
2015-05-07,173.29945373535156,47.04706573486328,32.97098159790039,82.09565734863281,79.30741882324219,113.41999816894531,50.58564758300781,15.319331169128418
2015-05-08,175.58111572265625,48.13556671142578,33.3916015625,82.41229248046875,79.76313018798828,113.97000122070312,51.2930908203125,15.403873443603516
2015-05-11,174.74317932128906,47.715824127197266,33.072242736816406,81.60143280029297,78.95886993408203,113.52999877929688,50.52191162109375,15.336236953735352
2015-05-12,174.22044372558594,47.68737030029297,32.963199615478516,81.6632308959961,78.84494018554688,114.5,50.67487335205078,15.496870040893555
2015-05-13,174.2536163330078,48.0430793762207,33.0255012512207,81.55513763427734,78.77122497558594,116.55000305175781,50.19049835205078,15.513781547546387
2015-05-14,176.0706787109375,48.61934280395508,33.35265350341797,81.83308410644531,79.03926849365234,117.18000030517578,51.15922164916992,15.606776237487793
2015-05-15,176.26150512695312,48.67625427246094,33.60968780517578,82.42000579833984,79.58882141113281,117.52999877929688,51.68186950683594,15.598322868347168
2015-05-18,176.80911254882812,48.51262283325195,33.266971588134766,81.86399841308594,78.97894287109375,117.5199966430664,51.54802322387695,15.556052207946777
2015-05-19,176.75100708007812,48.32765197753906,33.321495056152344,81.5010986328125,78.55670166015625,115.88999938964844,51.369571685791016,15.226330757141113
2015-05-20,176.6265106201172,48.42013931274414,33.298126220703125,81.67866516113281,78.65055847167969,116.08000183105469,51.324951171875,15.192512512207031
2015-05-21,177.1409912109375,48.67625427246094,33.18129348754883,82.16516876220703,79.02587890625,115.69000244140625,51.082759857177734,15.378511428833008
2015-05-22,176.7178192138672,48.363224029541016,33.29033660888672,81.97984313964844,78.97224426269531,115.5999984741211,51.019046783447266,15.209424018859863
2015-05-26,174.8178253173828,47.495277404785156,32.76068115234375,82.48953247070312,79.32077026367188,113.91000366210938,50.63026428222656,14.913519859313965
2015-05-27,176.47720336914062,47.95771026611328,32.76847839355469,82.44316101074219,79.40119934082031,113.88999938964844,51.12739181518555,14.710612297058105
2015-05-28,176.27810668945312,47.87234115600586,32.34007263183594,82.52041625976562,79.23363494873047,114.0199966430664,51.025421142578125,14.786703109741211
2015-05-29,175.182861328125,47.4099006652832,32.028507232666016,82.56673431396484,79.26717376708984,114.0999984741211,50.439056396484375,14.972699165344238
2015-06-01,175.53968811035156,47.281837463378906,31.90388298034668,82.20246124267578,78.82291412353516,114.0,51.05727005004883,14.938884735107422
2015-06-02,175.3654327392578,47.50239181518555,32.028507232666016,81.63009643554688,78.41967010498047,114.45999908447266,50.58564758300781,15.116423606872559
2015-06-03,175.830078125,47.76561737060547,31.864938735961914,80.93397521972656,77.91558837890625,113.63999938964844,49.859073638916016,14.92197322845459
2015-06-04,174.34487915039062,47.25339126586914,31.38202476501465,81.32845306396484,78.31879425048828,112.83999633789062,49.763458251953125,14.786703109741211
2015-06-05,174.04615783691406,46.69135284423828,31.2418270111084,80.74064636230469,77.92232513427734,112.23999786376953,49.2089958190918,14.854339599609375
2015-06-08,172.97586059570312,46.627323150634766,31.234033584594727,80.85664367675781,77.86854553222656,112.56999969482422,49.119773864746094,14.86279296875
2015-06-09,172.95101928710938,46.371212005615234,31.04709243774414,80.59364318847656,77.51900482177734,112.81999969482422,48.76286697387695,15.099517822265625
2015-06-10,175.0251922607422,47.345863342285156,31.49886131286621,80.28430938720703,77.31065368652344,113.77999877929688,49.10701370239258,15.158698081970215
2015-06-11,175.58944702148438,47.47394561767578,31.34307861328125,80.9184799194336,77.99620819091797,113.26000213623047,49.406585693359375,15.023427963256836
2015-06-12,174.245361328125,47.096866607666016,31.34307861328125,80.87210845947266,77.8618392944336,113.2300033569336,49.361942291259766,14.871245384216309
2015-06-15,173.49853515625,46.81229019165039,30.992582321166992,81.06546020507812,77.8483657836914,113.7300033569336,49.094268798828125,14.80361270904541
2015-06-16,174.44444274902344,46.798057556152344,31.000354766845703,81.37484741210938,78.04325866699219,113.31999969482422,49.48941421508789,14.8458833694458
2015-06-17,174.72659301757812,46.69135284423828,31.187297821044922,81.4212417602539,78.03655242919922,113.8499984741211,49.91005325317383,14.888155937194824
2015-06-18,176.5435791015625,47.111114501953125,31.475492477416992,81.3593521118164,77.8954086303711,115.31999969482422,50.59840393066406,14.888155937194824
2015-06-19,175.75991821289062,46.99726486206055,31.20286750793457,81.79251861572266,78.3121109008789,115.12000274658203,50.20960998535156,14.752887725830078
2015-06-22,176.6603240966797,47.88655090332031,31.654644012451172,81.1041030883789,77.69377899169922,113.63999938964844,49.6933708190918,14.80361270904541
2015-06-23,176.785400390625,48.014610290527344,31.96619987487793,80.85664367675781,77.51900482177734,112.88999938964844,49.279109954833984,14.981151580810547
2015-06-24,175.50143432617188,47.60198974609375,31.740310668945312,81.09638977050781,77.7341079711914,112.58999633789062,49.01141357421875,14.8797025680542
2015-06-25,174.9678192138672,47.58100509643555,31.631244659423828,80.89533233642578,77.60643768310547,112.44000244140625,48.51430130004883,14.896610260009766
2015-06-26,174.93447875976562,47.55929946899414,31.333059310913086,80.50856018066406,77.2502212524414,112.55999755859375,48.863224029541016,14.964245796203613
2015-06-29,171.2660369873047,46.09794616699219,30.634679794311523,81.44446563720703,77.92232513427734,113.06999969482422,48.10357666015625,14.896610260009766
2015-06-30,171.62454223632812,45.931541442871094,31.089805603027344,81.22021484375,77.77442932128906,112.37000274658203,48.08424377441406,15.217876434326172
2015-07-01,173.00025939941406,46.22816467285156,31.06626319885254,80.79564666748047,77.52506256103516,111.9800033569336,48.87608337402344,15.031881332397461
2015-07-02,172.84178161621094,46.28604507446289,31.215349197387695,81.08226776123047,77.82162475585938,111.76000213623047,48.99842071533203,15.006516456604004
2015-07-06,172.34988403320312,45.35279083251953,30.34433937072754,81.65548706054688,78.13166046142578,112.05999755859375,49.30741500854492,14.516161918640137
2015-07-07,173.4337921142578,45.367252349853516,29.88921356201172,81.87236022949219,78.4552001953125,110.76000213623047,50.07997512817383,14.431619644165039
2015-07-08,170.52398681640625,44.311038970947266,28.861251831054688,82.19773864746094,78.56304168701172,111.08999633789062,49.886837005615234,14.363983154296875
2015-07-09,170.83251953125,45.04172134399414,29.418392181396484,81.62451934814453,78.04405975341797,111.36000061035156,49.64863586425781,14.533073425292969
2015-07-10,172.9835205078125,46.517539978027344,30.16385269165039,81.05899047851562,77.5452880859375,111.48999786376953,50.0606689453125,14.600706100463867
2015-07-13,174.89279174804688,46.691165924072266,30.36787223815918,80.84215545654297,77.37680053710938,110.98999786376953,50.131473541259766,14.609162330627441
2015-07-14,175.65145874023438,47.08183288574219,30.422805786132812,81.09778594970703,77.4441909790039,110.73999786376953,50.2344856262207,14.558436393737793
2015-07-15,175.59315490722656,46.90819549560547,30.077547073364258,81.40762329101562,77.6463623046875,110.16000366210938,50.318172454833984,14.389348030090332
2015-07-16,177.0021209716797,47.31333541870117,30.45419692993164,81.37663269042969,77.76766967773438,109.76000213623047,50.7237663269043,14.321714401245117
2015-07-17,177.1522216796875,47.23375701904297,30.414955139160156,81.3843765258789,77.82162475585938,108.6500015258789,50.54349899291992,14.245623588562012
2015-07-20,177.24395751953125,47.35673904418945,30.21879005432129,81.2217025756836,77.63963317871094,105.69999694824219,50.601436614990234,14.017354011535645
2015-07-21,176.54360961914062,47.21928024291992,30.226638793945312,81.44637298583984,77.80140686035156,105.37000274658203,50.45980453491211,14.076536178588867
2015-07-22,176.22677612304688,46.85755920410156,29.7950496673584,81.54705047607422,77.90248107910156,104.80000305175781,50.67867660522461,13.873629570007324
2015-07-23,175.23460388183594,46.73457717895508,29.50470542907715,81.88016510009766,78.13166046142578,104.33000183105469,50.04778289794922,13.755270004272461
2015-07-24,173.41708374023438,46.220924377441406,29.080968856811523,81.95760345458984,78.09796905517578,105.3499984741211,50.26022720336914,13.645362854003906
2015-07-27,172.4082489013672,45.880916595458984,28.53167152404785,82.228759765625,78.10469055175781,104.86000061035156,50.35037612915039,13.383275985717773
2015-07-28,174.52593994140625,46.45967102050781,28.822017669677734,81.99633026123047,78.04405975341797,105.0199966430664,50.38255310058594,13.493184089660645
2015-07-29,175.72650146484375,46.62605285644531,29.104515075683594,81.88016510009766,77.97665405273438,105.16999816894531,50.71087646484375,13.535455703735352
2015-07-30,175.7682342529297,46.58988952636719,28.814172744750977,81.97308349609375,78.01710510253906,104.2699966430664,50.45980453491211,13.48473072052002
2015-07-31,175.50143432617188,46.86479187011719,29.128047943115234,82.45339965820312,78.42149353027344,104.93000030517578,50.85896682739258,13.298731803894043
2015-08-03,174.90945434570312,46.74180603027344,28.64154052734375,82.70475006103516,78.60399627685547,104.0999984741211,51.17441177368164,13.078919410705566
2015-08-04,174.567626953125,46.77798080444336,28.74355697631836,82.2780532836914,78.20519256591797,104.30999755859375,50.801021575927734,13.155010223388672
2015-08-05,175.14288330078125,47.023956298828125,28.75139808654785,81.9599609375,77.90105438232422,103.93000030517578,50.46623611450195,13.104284286499023
2015-08-06,173.7088623046875,46.82862854003906,28.500295639038086,82.2470703125,78.04973602294922,104.38999938964844,50.53705596923828,13.09582805633545
2015-08-07,173.37539672851562,46.74180603027344,28.484596252441406,82.57292175292969,78.3200912475586,104.6500015258789,50.7237663269043,13.0451021194458
2015-08-10,175.5597686767578,47.31333541870117,28.9632625579834,82.23151397705078,78.00919342041016,105.72000122070312,50.56281661987305,13.3240966796875
2015-08-11,173.9756622314453,46.58988952636719,28.32765769958496,82.77461242675781,78.3336181640625,106.26000213623047,50.89757537841797,13.146554946899414
2015-08-12,174.1841278076172,46.25709533691406,27.88822364807129,82.74356842041016,78.21195983886719,107.75,51.05852508544922,13.104284286499023
2015-08-13,173.96734619140625,46.22816467285156,27.841144561767578,82.52635955810547,77.9415512084961,106.86000061035156,51.11648178100586,13.0451021194458
2015-08-14,174.6010284423828,46.30050277709961,27.88037872314453,82.44095611572266,78.01593780517578,106.8499984741211,51.393287658691406,12.960556983947754
2015-08-17,175.5764617919922,46.21370315551758,27.574342727661133,82.58838653564453,78.26602935791016,107.12999725341797,51.831077575683594,12.909832000732422
2015-08-18,175.06784057617188,45.86643981933594,27.276161193847656,82.45648956298828,77.9686050415039,107.11000061035156,51.97269821166992,12.842196464538574
2015-08-19,173.68386840820312,45.4613151550293,26.93874740600586,82.9607925415039,78.3471450805664,108.55000305175781,51.6636848449707,12.69847297668457
2015-08-20,170.05712890625,44.361671447753906,26.515005111694336,83.18579864501953,78.39446258544922,110.44000244140625,51.28384780883789,12.732291221618652
2015-08-21,164.9380340576172,43.34884262084961,25.698915481567383,83.5193862915039,78.41473388671875,111.12999725341797,50.33103942871094,12.520931243896484
2015-08-24,157.99293518066406,41.851322174072266,24.57679557800293,83.6590576171875,78.19844055175781,110.52999877929688,47.97480010986328,12.208118438720703
2015-08-25,156.1337432861328,42.24921798706055,24.890674591064453,83.20124816894531,77.79959106445312,109.16000366210938,46.65504837036133,12.258845329284668
2015-08-26,162.1282958984375,43.2475700378418,25.71460723876953,82.68927764892578,77.7523193359375,107.66999816894531,47.9168701171875,12.182756423950195
2015-08-27,166.1385498046875,43.77568435668945,26.852426528930664,82.64266967773438,77.82669830322266,107.7300033569336,48.843910217285156,12.622384071350098
2015-08-28,166.14694213867188,43.710567474365234,26.507150650024414,82.65821075439453,77.9686050415039,108.69999694824219,48.773094177246094,12.952103614807129
2015-08-31,164.80458068847656,43.3850212097168,26.554237365722656,82.51853942871094,77.77261352539062,108.81999969482422,47.659339904785156,13.264915466308594
2015-09-01,159.88555908203125,41.93089294433594,25.52627944946289,82.88925170898438,78.24372100830078,109.19999694824219,46.751609802246094,12.825288772583008
2015-09-02,162.92034912109375,42.55305480957031,25.895092010498047,82.66387939453125,78.12854766845703,108.62000274658203,47.23444747924805,12.935195922851562
2015-09-03,163.03707885742188,42.65434265136719,25.997102737426758,82.86587524414062,78.5013427734375,107.83999633789062,47.363197326660156,13.019739151000977
2015-09-04,160.56919860839844,41.67769241333008,25.22024917602539,83.12232208251953,78.67758178710938,107.48999786376953,46.48121643066406,12.859106063842773
2015-09-08,164.60452270507812,42.900306701660156,26.020645141601562,82.75711059570312,78.31151580810547,107.5199966430664,47.18294143676758,12.952103614807129
2015-09-09,162.4033966064453,42.72669219970703,25.88724708557129,82.78817749023438,78.48098754882812,106.12999725341797,46.642173767089844,12.783016204833984
2015-09-10,163.2871856689453,43.00883102416992,26.154033660888672,82.60172271728516,78.32505798339844,106.37999725341797,46.74517822265625,12.892923355102539
2015-09-11,164.02923583984375,43.00159454345703,26.256052017211914,82.81930541992188,78.37933349609375,106.16000366210938,47.64002990722656,12.876014709472656
2015-09-14,163.4206085205078,42.67604446411133,26.216814041137695,82.89698028564453,78.3725357055664,106.22000122070312,47.66578674316406,12.715381622314453
2015-09-15,165.46319580078125,42.96542739868164,26.467918395996094,82.24427795410156,77.78271484375,105.9000015258789,48.13573455810547,12.757655143737793
2015-09-16,166.8972625732422,43.62376022338867,27.111370086669922,82.22096252441406,77.92511749267578,107.30999755859375,48.65077590942383,12.969013214111328
2015-09-17,166.52207946777344,43.645469665527344,27.048599243164062,82.90474700927734,78.56916809082031,108.41000366210938,49.20441818237305,12.884469032287598
2015-09-18,163.8009033203125,42.55305480957031,26.54638671875,83.29328918457031,78.80640411376953,109.20999908447266,49.12073516845703,12.690018653869629
2015-09-21,164.6472930908203,42.53135681152344,26.499311447143555,82.81930541992188,78.40645599365234,108.52999877929688,49.53919982910156,12.833742141723633
2015-09-22,162.51022338867188,41.51853561401367,26.00494956970215,83.23114013671875,78.7453842163086,107.79000091552734,48.91472244262695,12.757655143737793
2015-09-23,162.25042724609375,41.32320022583008,25.58905601501465,83.13785552978516,78.6979751586914,108.22000122070312,49.22163772583008,12.656200408935547
2015-09-24,161.66378784179688,41.20745086669922,25.47920036315918,83.26222229003906,78.71148681640625,110.48999786376953,48.759971618652344,12.732291221618652
2015-09-25,161.6218719482422,41.569175720214844,25.42426872253418,83.0446548461914,78.4742431640625,109.80999755859375,48.95504379272461,12.808379173278809
2015-09-28,157.56561279296875,40.75168228149414,24.88282585144043,83.51861572265625,78.60980987548828,108.41999816894531,48.194297790527344,12.630837440490723
2015-09-29,157.6578369140625,40.69381332397461,25.000534057617188,83.80615234375,78.71148681640625,107.9800033569336,48.707969665527344,12.715381622314453
2015-09-30,160.59945678710938,41.467899322509766,25.722454071044922,83.82173156738281,78.6979751586914,106.86000061035156,49.11758804321289,12.808379173278809
2015-10-01,161.01849365234375,41.598114013671875,25.86370277404785,83.8870849609375,78.68024444580078,106.7300033569336,49.35818099975586,12.723835945129395
2015-10-02,163.42376708984375,42.30708694458008,26.554237365722656,84.29178619384766,79.02703094482422,108.98999786376953,49.71580123901367,12.808379173278809
2015-10-05,166.3318634033203,43.14628219604492,27.127071380615234,83.82484436035156,78.81623840332031,108.7699966430664,50.55459213256836,12.977468490600586
2015-10-06,165.76193237304688,43.19692611694336,27.07998275756836,83.99604034423828,78.97259521484375,109.86000061035156,50.437538146972656,13.231097221374512
2015-10-07,167.11964416503906,43.73950958251953,27.80190658569336,83.785888671875,79.2513427734375,109.69999694824219,51.016231536865234,13.205734252929688
2015-10-08,168.628173828125,44.08675765991211,28.100095748901367,83.56803131103516,78.93860626220703,109.13999938964844,51.445377349853516,13.264915466308594
2015-10-09,168.7287139892578,44.16633987426758,28.202112197875977,83.61465454101562,78.97259521484375,110.87000274658203,51.360862731933594,13.3240966796875
2015-10-12,168.88800048828125,44.07953643798828,27.990232467651367,83.89485168457031,79.29212188720703,111.30999755859375,51.7249870300293,13.112737655639648
2015-10-13,167.8236083984375,43.522483825683594,27.535110473632812,83.97268676757812,79.23091125488281,111.86000061035156,51.32183074951172,13.028192520141602
2015-10-14,167.01910400390625,43.60928726196289,27.746980667114258,84.4318618774414,79.54364013671875,113.80999755859375,50.93818664550781,13.062010765075684
2015-10-15,169.58355712890625,44.35444259643555,28.421825408935547,84.14391326904297,79.50969696044922,113.29000091552734,51.633941650390625,13.028192520141602
2015-10-16,170.3545684814453,44.31827163696289,28.445363998413086,84.0738525390625,79.53688049316406,112.48999786376953,52.02406692504883,13.03664779663086
2015-10-19,170.43838500976562,44.16633987426758,28.155033111572266,84.0349349975586,79.5300521850586,112.0199966430664,52.7523078918457,12.799925804138184
2015-10-20,170.2205047607422,43.9854736328125,28.14718246459961,83.74697875976562,79.38050842285156,112.7300033569336,52.732818603515625,12.825288772583008
2015-10-21,169.16455078125,43.963775634765625,27.739139556884766,84.0349349975586,79.77479553222656,111.7300033569336,52.53775405883789,12.715381622314453
2015-10-22,172.02232360839844,44.45572280883789,28.311965942382812,84.1205825805664,79.94483184814453,111.69000244140625,52.99941635131836,12.757655143737793
2015-10-23,173.90798950195312,44.897029876708984,28.47675895690918,83.64582824707031,79.6524429321289,111.5,52.485740661621094,12.681563377380371
2015-10-26,173.48062133789062,44.73063278198242,28.217796325683594,83.8637466430664,79.79522705078125,111.43000030517578,52.47271728515625,12.647747993469238
2015-10-27,173.1453399658203,44.33998107910156,27.896080017089844,84.0738525390625,79.81561279296875,111.68000030517578,52.45323944091797,12.588565826416016
2015-10-28,175.1147918701172,44.62934875488281,27.574342727661133,83.63805389404297,79.50291442871094,110.77999877929688,52.498741149902344,12.799925804138184
2015-10-29,175.0142364501953,44.303802490234375,27.31539535522461,83.1243896484375,78.94541931152344,109.72000122070312,52.427215576171875,12.723835945129395
2015-10-30,174.2599639892578,44.20975875854492,27.362478256225586,83.28782653808594,79.14937591552734,109.30000305175781,51.946048736572266,12.850652694702148
2015-11-02,176.3216552734375,44.62934875488281,27.90391731262207,83.04849243164062,78.80913543701172,108.58999633789062,53.05141830444336,12.783016204833984
2015-11-03,176.83290100097656,44.6148796081543,28.272729873657227,82.83026123046875,78.81593322753906,106.9800033569336,52.51825714111328,13.011285781860352
2015-11-04,176.29647827148438,44.368919372558594,28.045164108276367,82.7445297241211,78.72735595703125,105.97000122070312,52.28416442871094,12.791471481323242
2015-11-05,176.1205291748047,44.289329528808594,28.09225082397461,82.69001007080078,78.74775695800781,105.63999938964844,52.49222183227539,12.690018653869629
2015-11-06,176.0282745361328,44.08675765991211,27.699901580810547,82.1288070678711,78.23646545410156,104.0999984741211,50.86017990112305,12.613929748535156
2015-11-09,174.38571166992188,43.63099670410156,27.00935935974121,81.98851776123047,78.10689544677734,104.4000015258789,49.9888916015625,12.504020690917969
2015-11-10,174.7879638671875,43.602054595947266,26.89165687561035,82.14442443847656,78.30464172363281,104.18000030517578,50.56108474731445,12.478658676147461
2015-11-11,174.10079956054688,43.826324462890625,26.94658660888672,82.10540771484375,78.29777526855469,103.83000183105469,50.619598388671875,12.35184383392334
2015-11-12,171.67031860351562,43.25480270385742,26.68763542175293,82.1521987915039,78.27056121826172,103.8499984741211,50.275001525878906,12.174301147460938
2015-11-13,169.7427978515625,42.8930778503418,26.318832397460938,82.46399688720703,78.50233459472656,103.55999755859375,49.70280075073242,12.081302642822266
2015-11-16,172.323974609375,43.435672760009766,26.828874588012695,82.57308197021484,78.5159912109375,103.70999908447266,50.275001525878906,12.140483856201172
2015-11-17,172.19834899902344,43.551414489746094,26.750415802001953,82.54965209960938,78.59779357910156,102.33999633789062,50.275001525878906,11.954486846923828
2015-11-18,174.93045043945312,43.94931411743164,27.04075813293457,82.51074981689453,78.61824798583984,102.43000030517578,50.71711730957031,12.00521469116211
2015-11-19,174.7795867919922,44.17357635498047,27.284008026123047,82.69001007080078,78.85004425048828,103.55999755859375,50.87319564819336,12.00521469116211
2015-11-20,175.41648864746094,44.07229232788086,27.55865478515625,82.58086395263672,78.83641815185547,103.08999633789062,51.51041030883789,11.988306045532227
2015-11-23,175.2154083251953,43.797393798828125,27.29969596862793,82.69001007080078,78.86369323730469,102.26000213623047,51.62095260620117,12.081302642822266
2015-11-24,175.45005798339844,43.80461883544922,27.440948486328125,82.7679672241211,78.89093780517578,102.94000244140625,51.347843170166016,12.275754928588867
2015-11-25,175.42486572265625,43.90589904785156,27.229082107543945,82.81468200683594,78.96598815917969,102.45999908447266,51.55592346191406,12.258845329284668
2015-11-27,175.6260223388672,43.91313934326172,26.632701873779297,82.90047454833984,78.99317169189453,101.25,52.00459289550781,12.072848320007324
2015-11-30,174.89688110351562,43.8769645690918,26.671945571899414,82.93167114257812,79.0273208618164,101.91999816894531,51.62095260620117,11.996759414672852
2015-12-01,176.5646209716797,44.33998107910156,26.875965118408203,83.37273406982422,79.62151336669922,102.27999877929688,52.336177825927734,12.13202953338623
2015-12-02,174.76283264160156,43.86973190307617,26.554237365722656,83.13851165771484,79.43004608154297,100.69000244140625,51.269805908203125,11.878399848937988
2015-12-03,172.31565856933594,43.659942626953125,26.40514373779297,82.2641830444336,78.3770751953125,101.76000213623047,50.46355056762695,12.013668060302734
2015-12-04,175.67636108398438,44.01442337036133,26.58562469482422,82.56861114501953,78.80103302001953,104.0199966430664,51.42585754394531,11.996759414672852
2015-12-07,174.6119842529297,43.732276916503906,26.146194458007812,82.83402252197266,78.9377670288086,102.66999816894531,51.28281784057617,11.650130271911621
2015-12-08,173.43862915039062,43.088409423828125,25.855857849121094,82.88090515136719,78.8352279663086,102.83999633789062,51.2373161315918,11.590949058532715
2015-12-09,172.08937072753906,42.8930778503418,25.64398956298828,83.00579071044922,78.81468963623047,102.63999938964844,50.95121765136719,11.599403381347656
2015-12-10,172.53358459472656,42.900306701660156,25.471351623535156,82.82622528076172,78.63008117675781,102.55000305175781,50.58709716796875,11.55713176727295
2015-12-11,169.1896514892578,42.082820892333984,24.757272720336914,83.48979187011719,78.7668228149414,103.11000061035156,50.49604415893555,11.438770294189453
2015-12-14,170.04449462890625,42.14793014526367,25.157472610473633,82.8730239868164,78.18561553955078,101.79000091552734,50.73014831542969,11.36268138885498
2015-12-15,171.82958984375,42.35771942138672,25.541976928710938,82.66230773925781,78.19254302978516,101.5199966430664,51.28281784057617,11.337318420410156
2015-12-16,174.34381103515625,43.21139907836914,26.0441837310791,82.44371032714844,78.17876434326172,102.75,52.28416442871094,11.286592483520508
2015-12-17,171.68711853027344,42.66157913208008,25.70676612854004,82.7872085571289,78.26769256591797,100.5,52.02406692504883,11.168230056762695
2015-12-18,168.6285400390625,42.21303939819336,25.620441436767578,83.0838623046875,78.26769256591797,102.04000091552734,51.419368743896484,11.218957901000977
2015-12-21,170.01951599121094,42.408626556396484,25.82047462463379,83.12284088134766,78.32239532470703,103.1500015258789,51.62095260620117,11.168230056762695
2015-12-22,171.56236267089844,42.72972869873047,26.02767562866211,82.88867950439453,78.2198257446289,102.61000061035156,51.829010009765625,11.117504119873047
2015-12-23,173.68685913085938,43.444942474365234,26.394258499145508,82.70137023925781,78.28822326660156,102.30999755859375,52.361732482910156,11.320408821105957
2015-12-24,173.40020751953125,43.37196350097656,26.298629760742188,82.85301971435547,78.54325866699219,103.05000305175781,52.361732482910156,11.320408821105957
2015-12-28,173.00399780273438,43.269798278808594,26.11533546447754,82.8686294555664,78.44728088378906,102.2699966430664,52.65181350708008,11.159775733947754
2015-12-29,174.8502655029297,43.700374603271484,26.139240264892578,82.43081665039062,78.04270935058594,102.19999694824219,53.212242126464844,11.345771789550781
2015-12-30,173.61094665527344,43.437644958496094,25.73281478881836,82.46206665039062,78.04270935058594,101.41999816894531,53.02763748168945,11.235865592956543
2015-12-31,171.874267578125,42.85380554199219,25.653114318847656,82.55592346191406,78.17300415039062,101.45999908447266,52.56611633300781,11.295045852661133
2016-01-04,169.4715576171875,42.19698715209961,24.951824188232422,82.90773010253906,78.13190460205078,102.88999938964844,51.93318176269531,11.210502624511719
2016-01-05,169.75819396972656,42.13130187988281,25.00760841369629,82.8843002319336,78.17300415039062,103.18000030517578,52.935325622558594,11.100594520568848
2016-01-06,167.61683654785156,41.437992095947266,24.529447555541992,83.38467407226562,78.48159790039062,104.66999816894531,52.790279388427734,10.923053741455078
2016-01-07,163.59544372558594,40.57682418823242,23.772371292114258,83.56453704833984,78.54325866699219,106.1500015258789,51.761775970458984,10.872326850891113
2016-01-08,161.79971313476562,40.087867736816406,23.517349243164062,83.77557373046875,78.60499572753906,105.68000030517578,51.069480895996094,10.821601867675781
2016-01-11,161.95993041992188,40.25571823120117,23.509382247924805,83.50979614257812,78.35128021240234,104.73999786376953,51.35958480834961,10.525697708129883
2016-01-12,163.26666259765625,40.44546890258789,23.55719566345215,83.88506317138672,78.52958679199219,104.20999908447266,51.01674270629883,10.458063125610352
2016-01-13,159.1946563720703,39.817832946777344,23.310144424438477,84.21344757080078,78.76954650878906,104.72000122070312,50.2849235534668,10.398882865905762
2016-01-14,161.80816650390625,40.32869338989258,23.612979888916016,84.04141998291016,78.37871551513672,103.0199966430664,50.1662483215332,10.424246788024902
2016-01-15,158.33473205566406,38.86910629272461,22.680572509765625,84.432373046875,78.26214599609375,104.08000183105469,49.823421478271484,10.204432487487793
2016-01-19,158.54554748535156,39.22669982910156,23.01528549194336,84.32283782958984,77.9124526977539,103.9800033569336,50.08713912963867,10.119889259338379
2016-01-20,156.51370239257812,38.33634567260742,22.51322364807129,84.73727416992188,78.02900695800781,105.37000274658203,48.742156982421875,10.043798446655273
2016-01-21,157.39051818847656,38.62096405029297,22.60088539123535,84.52616882324219,77.8027114868164,105.48999786376953,49.01246643066406,10.179069519042969
2016-01-22,160.61944580078125,39.759456634521484,23.373905181884766,84.33851623535156,77.85077667236328,105.0,50.37723922729492,10.48342514038086
2016-01-25,158.19140625,39.22669982910156,22.975444793701172,84.6199951171875,77.76846313476562,106.08000183105469,50.06077194213867,10.255157470703125
2016-01-26,160.34971618652344,39.927303314208984,23.310144424438477,84.68256378173828,77.98786926269531,107.29000091552734,51.109046936035156,10.458063125610352
2016-01-27,158.6045684814453,39.67188262939453,23.23045539855957,84.74514770507812,77.77529907226562,107.69000244140625,50.12010955810547,10.584878921508789
2016-01-28,159.43075561523438,39.78865432739258,23.597043991088867,84.85456848144531,77.86447143554688,106.54000091552734,49.73769760131836,10.703238487243652
2016-01-29,163.31719970703125,40.4892578125,24.36209487915039,85.30802154541016,78.26900482177734,106.94999694824219,50.75963592529297,10.804691314697266
2016-02-01,163.2581787109375,40.44546890258789,24.130983352661133,85.1114730834961,78.01936340332031,108.05000305175781,50.84534454345703,10.601787567138672
2016-02-02,160.31597900390625,39.5040283203125,23.349998474121094,85.71441650390625,78.1637954711914,108.08999633789062,50.38381576538086,10.415790557861328
2016-02-03,161.27700805664062,39.832435607910156,24.011445999145508,85.6204833984375,77.97122192382812,109.25,50.720069885253906,10.677876472473145
2016-02-04,161.530029296875,39.88352584838867,24.194744110107422,85.82402038574219,78.005615234375,110.56999969482422,50.746429443359375,10.660967826843262
2016-02-05,158.45281982421875,39.27048873901367,23.915813446044922,85.93367004394531,77.99188995361328,112.31999969482422,49.783851623535156,10.593332290649414
2016-02-08,156.31985473632812,38.54068374633789,23.589075088500977,86.57568359375,78.3975830078125,113.83000183105469,48.35976791381836,10.542607307434082
2016-02-09,156.32823181152344,38.095516204833984,23.262332916259766,86.59135437011719,78.12940216064453,113.58000183105469,47.469696044921875,10.272067070007324
2016-02-10,156.1934051513672,38.05172348022461,23.357961654663086,86.84976959228516,78.2256851196289,114.45999908447266,47.79936218261719,10.288976669311523
2016-02-11,154.16159057617188,37.497074127197266,22.967472076416016,87.24909210205078,78.48699188232422,119.05999755859375,47.120277404785156,10.415790557861328
2016-02-12,157.33999633789062,38.153900146484375,23.36593246459961,86.58354949951172,78.04685974121094,118.36000061035156,47.660911560058594,10.56796932220459
2016-02-16,159.99557495117188,38.927486419677734,23.883939743041992,86.32514190673828,77.67546844482422,114.7699966430664,48.537776947021484,10.44960880279541
2016-02-17,162.6090545654297,39.59889602661133,24.354129791259766,86.11371612548828,77.65486145019531,115.4800033569336,48.95314025878906,10.66942310333252
2016-02-18,161.9430694580078,39.394554138183594,24.210681915283203,86.5130844116211,78.28755950927734,118.29000091552734,49.447601318359375,10.610241889953613
2016-02-19,161.86717224121094,39.350765228271484,24.09910774230957,86.5130844116211,78.23257446289062,117.58000183105469,49.731101989746094,10.517244338989258
2016-02-22,164.21087646484375,39.79594421386719,24.696805953979492,86.42691802978516,78.39071655273438,115.48999786376953,50.20582580566406,10.677876472473145
2016-02-23,162.136962890625,39.14643096923828,24.170833587646484,86.59918975830078,78.54891204833984,117.22000122070312,50.07394790649414,10.534152030944824
2016-02-24,162.87881469726562,39.00777053833008,24.115049362182617,86.59918975830078,78.6245346069336,117.61000061035156,50.014591217041016,10.66942310333252
2016-02-25,164.8516082763672,39.47483825683594,24.194744110107422,86.85761260986328,79.06464385986328,117.91999816894531,51.03651809692383,10.660967826843262
2016-02-26,164.47219848632812,39.372657775878906,23.95566177368164,86.43475341796875,79.03715515136719,117.11000061035156,50.772804260253906,10.644059181213379
2016-02-29,163.18231201171875,39.139129638671875,24.162864685058594,86.57568359375,79.09217834472656,118.63999938964844,50.575016021728516,10.779330253601074
2016-03-01,167.0182342529297,40.160850524902344,25.023540496826172,85.89903259277344,78.6611328125,117.7699966430664,51.999114990234375,10.787784576416016
2016-03-02,167.7685089111328,40.43816375732422,25.35825538635254,85.75001525878906,78.81974029541016,118.68000030517578,52.374916076660156,10.846964836120605
2016-03-03,168.4261474609375,40.832271575927734,25.64514923095703,85.85198211669922,79.19218444824219,120.7300033569336,52.65181350708008,10.906145095825195
2016-03-04,168.97410583496094,41.13147735595703,26.155183792114258,85.5618896484375,79.17841339111328,120.54000091552734,52.658416748046875,11.117504119873047
2016-03-07,169.1090545654297,41.08039474487305,26.11533546447754,85.38932037353516,79.26803588867188,121.13999938964844,52.796875,11.320408821105957
2016-03-08,167.2627410888672,40.67900085449219,25.66905403137207,85.88331604003906,79.68876647949219,120.58000183105469,52.25624084472656,11.168230056762695
2016-03-09,168.08892822265625,40.832271575927734,25.828441619873047,85.5461654663086,79.5991439819336,119.58000183105469,52.54632568359375,11.337318420410156
2016-03-10,168.22384643554688,40.76658248901367,25.868288040161133,85.24031829833984,79.93019104003906,121.5,52.35513687133789,11.320408821105957
2016-03-11,170.9384765625,41.832088470458984,26.410202026367188,84.997314453125,80.15780639648438,119.41000366210938,53.5286979675293,11.36268138885498
2016-03-14,170.71934509277344,41.744510650634766,26.250810623168945,85.06000518798828,80.39228820800781,117.87000274658203,53.5352668762207,11.261229515075684
2016-03-15,170.4410858154297,41.35041809082031,25.876258850097656,85.04434967041016,80.36469268798828,117.95999908447266,53.561649322509766,11.168230056762695
2016-03-16,171.427490234375,41.715309143066406,26.394258499145508,85.49127960205078,80.75086212158203,120.58999633789062,54.20775604248047,11.36268138885498
2016-03-17,172.51499938964844,42.03643035888672,26.97601890563965,85.58538818359375,80.99918365478516,120.12999725341797,54.97256088256836,11.489497184753418
2016-03-18,173.1929473876953,41.96345138549805,27.11946678161621,85.7343521118164,81.18543243408203,119.80000305175781,54.735198974609375,11.481043815612793
2016-03-21,173.4386444091797,41.897769927978516,27.17525291442871,85.49127960205078,81.08885955810547,118.95999908447266,54.241180419921875,11.514861106872559
2016-03-22,173.34547424316406,41.824790954589844,27.11149024963379,85.31092071533203,80.93716430664062,119.30999755859375,54.241180419921875,11.599403381347656
2016-03-23,172.20147705078125,41.4015007019043,26.649274826049805,85.70297241210938,81.34406280517578,116.61000061035156,53.94786834716797,11.354227066040039
2016-03-24,172.12518310546875,41.12417984008789,26.58553123474121,85.61670684814453,81.30962371826172,116.33000183105469,53.967864990234375,11.286592483520508
2016-03-28,172.22683715820312,41.372310638427734,26.673187255859375,85.7422103881836,81.35784912109375,116.5999984741211,54.454532623291016,11.320408821105957
2016-03-29,173.8199920654297,41.817481994628906,27.039777755737305,86.3224105834961,81.72338104248047,118.76000213623047,55.63456344604492,11.295045852661133
2016-03-30,174.58265686035156,42.13130187988281,27.318696975708008,86.20484161376953,81.62683868408203,117.0999984741211,55.527896881103516,11.252775192260742
2016-03-31,174.158935546875,41.715309143066406,27.29479217529297,86.51847839355469,81.95103454589844,117.63999938964844,55.86789321899414,11.235865592956543
2016-04-01,175.34530639648438,41.2701416015625,27.215097427368164,86.49332427978516,82.2152328491211,116.93000030517578,55.7945671081543,11.04141616821289
2016-04-04,174.77761840820312,41.18257141113281,26.88835906982422,86.59542083740234,82.22216796875,116.1500015258789,55.714569091796875,10.889236450195312
2016-04-05,173.0319061279297,40.37248229980469,26.36238670349121,86.94094848632812,82.48494720458984,117.66000366210938,55.34787368774414,10.863874435424805
2016-04-06,174.92161560058594,41.0293083190918,26.681161880493164,86.75249481201172,82.41582489013672,116.94000244140625,55.4812126159668,10.982233047485352
2016-04-07,172.82846069335938,40.43088150024414,26.147214889526367,87.2000961303711,82.6371078491211,118.61000061035156,55.13454818725586,10.948416709899902
2016-04-08,173.29458618164062,41.20446014404297,26.60146141052246,87.06661224365234,82.45038604736328,118.43000030517578,55.441226959228516,11.210502624511719
2016-04-11,172.8878631591797,41.22635269165039,26.94414710998535,87.0509033203125,82.44346618652344,120.02999877929688,55.327877044677734,11.295045852661133
2016-04-12,174.49789428710938,41.83938217163086,27.358552932739258,86.70536041259766,82.11842346191406,120.05000305175781,55.727901458740234,11.540223121643066
2016-04-13,176.260498046875,42.503501892089844,27.84467315673828,86.76815032958984,82.40193939208984,118.7699966430664,55.4812126159668,11.599403381347656
2016-04-14,176.26895141601562,42.64216613769531,27.709190368652344,86.56402587890625,82.3466567993164,117.11000061035156,55.17455291748047,11.5064058303833
2016-04-15,176.0741424560547,42.547298431396484,27.5498104095459,86.82318115234375,82.69241333007812,117.91999816894531,55.587890625,11.464132308959961
2016-04-18,177.31129455566406,42.91218185424805,27.67731285095215,86.73675537109375,82.78237915039062,117.73999786376953,55.854549407958984,11.514861106872559
2016-04-19,177.87060546875,43.656585693359375,28.099685668945312,86.59542083740234,82.93452453613281,119.58000183105469,55.88124465942383,11.760037422180176
2016-04-20,178.04010009765625,43.69307327270508,27.972179412841797,86.15564727783203,82.7062759399414,118.97000122070312,54.93453598022461,11.988306045532227
2016-04-21,177.08255004882812,43.43034362792969,27.693256378173828,86.01433563232422,82.67172241210938,119.41999816894531,53.95452880859375,11.937578201293945
2016-04-22,177.08255004882812,43.452239990234375,27.525901794433594,85.92008972167969,82.76161193847656,117.88999938964844,54.54120635986328,11.886853218078613
2016-04-25,176.77740478515625,43.233306884765625,27.35057258605957,85.82584381103516,82.56798553466797,118.2300033569336,54.99454116821289,11.878399848937988
2016-04-26,177.04017639160156,43.386558532714844,27.645442962646484,85.64521789550781,82.53336334228516,118.69999694824219,55.207889556884766,12.030576705932617
2016-04-27,177.40452575683594,43.41575622558594,27.812801361083984,86.11638641357422,83.05906677246094,119.04000091552734,55.17455291748047,12.140483856201172
2016-04-28,175.79444885253906,42.824607849121094,27.525901794433594,86.4148178100586,83.13510131835938,121.29000091552734,55.06119155883789,12.208118438720703
2016-04-29,174.84535217285156,42.64216613769531,27.406356811523438,86.38340759277344,83.22502136230469,123.6500015258789,54.55453872680664,12.3264799118042
2016-05-02,176.23509216308594,43.043540954589844,27.334640502929688,86.13248443603516,83.11750793457031,123.23999786376953,55.40123748779297,12.157392501831055
2016-05-03,174.70126342773438,42.33564376831055,26.561616897583008,86.64369201660156,83.2631607055664,122.95999908447266,55.487892150878906,11.971396446228027
2016-05-04,173.72674560546875,41.8466796875,26.131277084350586,86.80101013183594,83.12444305419922,122.20999908447266,56.281227111816406,11.979850769042969
2016-05-05,173.69285583496094,41.75910568237305,26.12330436706543,87.03692626953125,83.2909164428711,122.06999969482422,56.44125747680664,11.861489295959473
2016-05-06,174.3284454345703,41.87586975097656,26.16315460205078,86.83245849609375,83.11056518554688,123.18000030517578,57.06126403808594,11.937578201293945
2016-05-09,174.47250366210938,41.78829574584961,25.828441619873047,86.99757385253906,83.02735900878906,120.6500015258789,57.687931060791016,11.675493240356445
2016-05-10,176.641845703125,42.38673400878906,26.322540283203125,86.98187255859375,83.16609191894531,120.9800033569336,57.6812744140625,11.96294116973877
2016-05-11,174.98941040039062,42.02183151245117,26.2587890625,87.11555480957031,83.25624084472656,122.12000274658203,56.44792175292969,12.241936683654785
2016-05-12,175.04025268554688,42.00723648071289,26.187063217163086,86.87964630126953,83.08284759521484,121.16000366210938,56.77458190917969,12.258845329284668
2016-05-13,173.514892578125,41.576656341552734,25.716876983642578,87.20993041992188,83.23545837402344,121.70999908447266,56.267906188964844,12.241936683654785
2016-05-16,175.22671508789062,42.072914123535156,26.02767562866211,86.89537048339844,82.95802307128906,121.80000305175781,56.8012580871582,12.377206802368164
2016-05-17,173.5911865234375,41.76640319824219,25.90813636779785,86.77741241455078,82.93025207519531,122.22000122070312,55.747901916503906,12.47020435333252
2016-05-18,173.64202880859375,41.78099822998047,25.653114318847656,86.07745361328125,82.222900390625,120.0999984741211,54.87455749511719,12.377206802368164
2016-05-19,173.04037475585938,41.48178482055664,25.414039611816406,86.16398620605469,82.41703796386719,119.87000274658203,54.261207580566406,12.343388557434082
2016-05-20,174.13351440429688,41.824790954589844,25.66905403137207,86.2190170288086,82.47251892089844,119.70999908447266,54.69456481933594,12.39411449432373
2016-05-23,173.8962860107422,41.686126708984375,25.62124252319336,86.27405548095703,82.47251892089844,119.37000274658203,54.70122528076172,12.3264799118042
2016-05-24,176.15032958984375,42.29185485839844,25.88422393798828,86.13248443603516,82.33385467529297,117.30000305175781,55.3812141418457,12.3264799118042
2016-05-25,177.34524536132812,42.737037658691406,26.195032119750977,86.09321594238281,82.47953796386719,116.9800033569336,55.3812141418457,12.47020435333252
2016-05-26,177.39602661132812,42.85380554199219,26.37035369873047,86.36058044433594,82.71529388427734,116.58000183105469,55.487892150878906,12.461749076843262
2016-05-27,178.15872192382812,42.81001281738281,26.36238670349121,86.19542694091797,82.65283966064453,115.62000274658203,55.78791427612305,12.512476921081543
2016-05-31,177.8197479248047,42.605674743652344,26.394258499145508,86.29766082763672,82.79849243164062,116.05999755859375,55.7812385559082,12.436387062072754
2016-06-01,178.1841583251953,42.56918716430664,26.37832260131836,86.2685317993164,82.85693359375,115.94000244140625,55.827911376953125,12.563201904296875
2016-06-02,178.7264404296875,42.56918716430664,26.593494415283203,86.53634643554688,83.02384948730469,115.66999816894531,56.114566802978516,12.588565826416016
2016-06-03,178.19261169433594,42.84650802612305,26.999927520751953,87.33967590332031,83.69146728515625,118.87999725341797,56.34122848510742,12.673110008239746
2016-06-06,179.09939575195312,43.087345123291016,27.286815643310547,87.11125946044922,83.48978424072266,118.91999816894531,55.90789031982422,12.825288772583008
2016-06-07,179.37896728515625,43.401153564453125,27.533864974975586,87.23731231689453,83.61498260498047,118.81999969482422,56.24790954589844,12.952103614807129
2016-06-08,179.9636688232422,43.48873519897461,27.73310089111328,87.33967590332031,83.89315795898438,120.58000183105469,56.60792922973633,13.171916961669922
2016-06-09,179.71795654296875,42.95597839355469,27.41433334350586,87.4736099243164,84.01142883300781,121.25,56.73459243774414,13.146554946899414
2016-06-10,178.01467895507812,41.70802307128906,26.72100067138672,87.78074645996094,84.10877227783203,121.73999786376953,56.467918395996094,12.985921859741211
2016-06-13,176.641845703125,41.10228729248047,26.346446990966797,87.95403289794922,83.98355865478516,122.63999938964844,56.48124313354492,12.985921859741211
2016-06-14,176.2943878173828,40.44546890258789,26.2587890625,87.93037414550781,83.79576873779297,122.7699966430664,56.334571838378906,12.90137767791748
2016-06-15,176.0486602783203,40.71549606323242,26.53770637512207,88.19820404052734,84.10877227783203,123.68000030517578,56.867923736572266,12.833742141723633
2016-06-16,176.57408142089844,40.803070068359375,26.442075729370117,88.29273986816406,84.23394012451172,122.37999725341797,57.18793487548828,12.613929748535156
2016-06-17,175.9164581298828,41.20446014404297,26.513803482055664,87.99342346191406,83.98355865478516,123.94999694824219,57.09458923339844,12.909832000732422
2016-06-20,177.04940795898438,42.22617721557617,26.983985900878906,87.61537170410156,83.87923431396484,123.20999908447266,57.17458724975586,13.028192520141602
2016-06-21,177.5519561767578,42.56918716430664,27.191186904907227,87.41842651367188,83.802734375,120.83999633789062,57.39252471923828,12.926740646362305
2016-06-22,177.2623748779297,42.543113708496094,27.2602596282959,87.59172058105469,83.95574951171875,120.9000015258789,57.30509948730469,12.850652694702148
2016-06-23,179.57069396972656,43.71989822387695,27.91887664794922,87.17427825927734,83.87232208251953,120.11000061035156,57.594337463378906,12.952103614807129
2016-06-24,173.1224822998047,39.96609878540039,26.224143981933594,88.37936401367188,84.26869201660156,126.0,57.083106994628906,12.690018653869629
2016-06-27,170.02191162109375,39.19894790649414,25.886808395385742,89.14334106445312,84.6233901977539,126.68000030517578,57.12347412109375,12.664654731750488
2016-06-28,173.0884552001953,40.226783752441406,26.649839401245117,89.12759399414062,85.08940124511719,125.31999969482422,58.327552795410156,12.867560386657715
2016-06-29,176.0356903076172,40.96413040161133,27.324512481689453,88.76530456542969,85.06153106689453,125.83999633789062,59.03385925292969,13.053556442260742
2016-06-30,178.43780517578125,41.57487869262695,27.59760284423828,88.9621810913086,85.36060333251953,126.47000122070312,59.645999908447266,12.977468490600586
2016-07-01,178.81260681152344,41.57487869262695,27.86265754699707,89.197265625,85.80760955810547,128.41000366210938,59.66617202758789,13.138099670410156
2016-07-05,177.52635192871094,40.77048873901367,27.26829719543457,89.68627166748047,86.10049438476562,129.47000122070312,60.325401306152344,12.766107559204102
2016-07-06,178.5911865234375,40.69599533081055,27.196008682250977,89.7020263671875,86.25386810302734,130.22999572753906,60.06305694580078,12.81683349609375
2016-07-07,178.4803924560547,40.53214645385742,27.12372398376465,89.58375549316406,86.26781463623047,129.74000549316406,59.44419860839844,12.45329475402832
2016-07-08,181.13807678222656,41.150333404541016,27.710050582885742,89.75721740722656,86.74899291992188,130.52000427246094,60.4061279296875,12.58011245727539
2016-07-11,181.7769775390625,41.75361633300781,27.975109100341797,89.28398895263672,86.52580261230469,129.2899932861328,60.809730529785156,12.52938461303711
2016-07-12,183.09725952148438,42.31966781616211,28.36865997314453,88.75558471679688,86.0376968383789,127.1500015258789,60.803001403808594,12.766107559204102
2016-07-13,183.07174682617188,42.274986267089844,28.32047462463379,88.98429870605469,86.3724136352539,128.32000732421875,61.13932800292969,12.605475425720215
2016-07-14,184.09385681152344,42.63993835449219,28.730100631713867,88.61357879638672,86.1632308959961,127.33000183105469,60.59445571899414,12.656200408935547
2016-07-15,183.84686279296875,42.42394256591797,28.665843963623047,88.27444458007812,85.83546447753906,126.83999633789062,60.614646911621094,12.622384071350098
2016-07-18,184.34092712402344,42.5282096862793,28.92285919189453,88.25074768066406,85.83546447753906,127.04000091552734,60.77608871459961,12.563201904296875
2016-07-19,184.15353393554688,42.19306182861328,28.625686645507812,88.48739624023438,85.9888687133789,127.20999908447266,61.07205581665039,12.487114906311035
2016-07-20,184.92019653320312,42.572898864746094,28.770261764526367,88.30596160888672,85.96099853515625,125.38999938964844,61.07878112792969,12.402570724487305
2016-07-21,184.22164916992188,42.4015998840332,28.681909561157227,88.5031967163086,86.05863189697266,127.30000305175781,61.199867248535156,12.33493423461914
2016-07-22,185.0478973388672,42.48353958129883,28.8907413482666,88.43215942382812,86.009765625,126.3499984741211,61.73800277709961,12.309572219848633
2016-07-25,184.54531860351562,42.431392669677734,28.601593017578125,88.36119079589844,85.96099853515625,125.47000122070312,61.6236572265625,12.174301147460938
2016-07-26,184.63047790527344,42.61014938354492,28.82648468017578,88.41638946533203,85.87728881835938,126.0,61.32094955444336,12.123576164245605
2016-07-27,184.4346466064453,42.76655578613281,28.92285919189453,88.79499053955078,86.23292541503906,128.02999877929688,60.843353271484375,12.00521469116211
2016-07-28,184.64756774902344,42.72187042236328,28.9309024810791,88.84231567382812,86.1492691040039,127.66000366210938,61.40842056274414,11.971396446228027
2016-07-29,184.94564819335938,43.22834014892578,29.08350944519043,89.18144989013672,86.46308135986328,128.97999572753906,62.18870544433594,12.072848320007324
2016-08-01,184.79238891601562,42.94530487060547,29.027280807495117,88.871826171875,85.97576904296875,129.22000122070312,62.32322692871094,11.861489295959473
2016-08-02,183.6083526611328,42.72932052612305,28.818458557128906,88.65859985351562,85.49337768554688,130.27000427246094,61.327667236328125,11.844579696655273
2016-08-03,184.14495849609375,42.58035659790039,28.914840698242188,88.70598602294922,85.60518646240234,129.64999389648438,60.97114562988281,12.039031028747559
2016-08-04,184.34092712402344,42.826141357421875,29.07547378540039,88.91927337646484,85.96875762939453,129.8699951171875,60.72228240966797,12.089757919311523
2016-08-05,185.8486328125,43.01979064941406,29.412805557250977,88.36637115478516,85.61920928955078,127.55000305175781,60.76265335083008,12.140483856201172
2016-08-08,185.7378692626953,43.10916519165039,29.621646881103516,88.31900024414062,85.67509460449219,127.44000244140625,60.87026596069336,12.208118438720703
2016-08-09,185.8486328125,43.45177459716797,29.822444915771484,88.6348648071289,86.17852783203125,127.95999908447266,61.199867248535156,12.174301147460938
2016-08-10,185.3886260986328,43.60074234008789,29.830472946166992,88.871826171875,86.4232177734375,128.55999755859375,61.13259506225586,12.030576705932617
2016-08-11,186.24896240234375,43.91354751586914,30.215999603271484,88.44534301757812,86.13658905029297,127.66999816894531,60.439735412597656,12.216572761535645
2016-08-12,186.0871124267578,43.80183029174805,30.103559494018555,88.76128387451172,86.52809143066406,127.4000015258789,60.69538497924805,12.309572219848633
2016-08-15,186.6237335205078,43.973140716552734,30.41680335998535,88.50069427490234,86.26239013671875,127.83999633789062,60.63483428955078,12.512476921081543
2016-08-16,185.6612091064453,43.90610885620117,30.280256271362305,88.35061645507812,86.10858917236328,128.47000122070312,59.908321380615234,12.613929748535156
2016-08-17,186.01043701171875,43.89120101928711,30.08749008178711,88.49271392822266,86.34630584716797,128.5,60.1505012512207,12.664654731750488
2016-08-18,186.4278564453125,44.1146354675293,30.36860466003418,88.65067291259766,86.55603790283203,129.11000061035156,59.92851638793945,12.825288772583008
2016-08-19,186.15524291992188,43.78694152832031,30.199932098388672,88.35061645507812,86.29732513427734,127.97000122070312,59.54509735107422,12.783016204833984
2016-08-22,186.146728515625,43.83161163330078,29.798341751098633,88.54802703857422,86.59102630615234,127.77999877929688,59.867977142333984,12.664654731750488
2016-08-23,186.5215301513672,44.017822265625,29.67786979675293,88.54010772705078,86.68888854980469,127.76000213623047,59.90161895751953,12.715381622314453
2016-08-24,185.5675506591797,43.91354751586914,29.758174896240234,88.50853729248047,86.63296508789062,126.33999633789062,59.6392707824707,12.563201904296875
2016-08-25,185.4397430419922,43.734798431396484,29.78228759765625,88.36637115478516,86.549072265625,126.2300033569336,59.908321380615234,12.613929748535156
2016-08-26,185.09048461914062,43.4741096496582,29.52526092529297,88.0267333984375,86.2763900756836,126.05000305175781,59.316375732421875,12.571656227111816
2016-08-29,186.00196838378906,43.60816955566406,29.750154495239258,88.39002990722656,86.76582336425781,126.30000305175781,59.90161895751953,12.520931243896484
2016-08-30,185.69529724121094,43.54859924316406,29.669832229614258,88.3821792602539,86.6539535522461,125.02999877929688,59.78726577758789,12.402570724487305
2016-08-31,185.1671600341797,43.4592170715332,29.34052276611328,88.27947235107422,86.61898803710938,124.77999877929688,59.84779357910156,12.165846824645996
2016-09-01,185.1756591796875,43.757137298583984,29.565420150756836,88.4178695678711,86.61895751953125,125.29000091552734,59.6998176574707,12.030576705932617
2016-09-02,186.01043701171875,44.26361083984375,30.047325134277344,88.18856048583984,86.46475982666016,126.56999969482422,60.21778106689453,12.165846824645996
2016-09-06,186.5726776123047,44.56153106689453,30.68988800048828,88.59980010986328,86.76619720458984,128.7100067138672,60.681915283203125,12.250391006469727
2016-09-07,186.5556182861328,44.58387756347656,30.5935001373291,88.64725494384766,86.64700317382812,128.27000427246094,61.0451774597168,12.360298156738281
2016-09-08,186.12969970703125,44.45726013183594,30.513185501098633,88.21224975585938,86.03717041015625,127.58999633789062,60.29849624633789,12.58011245727539
2016-09-09,181.67471313476562,43.59328842163086,29.485095977783203,87.79307556152344,85.39228820800781,126.75,57.9105110168457,12.385661125183105
2016-09-12,184.2812957763672,43.95079040527344,29.685895919799805,87.87213897705078,85.3992691040039,126.58999633789062,58.59663391113281,12.385661125183105
2016-09-13,181.6321563720703,43.064476013183594,28.938928604125977,87.54785919189453,85.11892700195312,125.75,57.125484466552734,12.225028038024902
2016-09-14,181.56396484375,43.0048942565918,29.027280807495117,87.74559020996094,85.17497253417969,126.18000030517578,57.308345794677734,12.13202953338623
2016-09-15,183.37838745117188,43.37729263305664,29.52526092529297,87.76933288574219,85.23104095458984,125.37000274658203,57.525115966796875,12.191210746765137
2016-09-16,182.66949462890625,42.818687438964844,29.3244571685791,87.86424255371094,85.3292007446289,125.05999755859375,57.552181243896484,12.208118438720703
2016-09-19,182.70367431640625,43.042137145996094,29.55738067626953,87.7139663696289,85.3011474609375,125.31999969482422,58.073726654052734,12.199664115905762
2016-09-20,182.7123260498047,43.30280685424805,29.573455810546875,87.84844970703125,85.41331481933594,125.44000244140625,57.98568344116211,12.241936683654785
2016-09-21,184.76695251464844,44.06251525878906,30.400737762451172,87.99077606201172,85.84789276123047,127.2699966430664,58.73073196411133,12.39411449432373
2016-09-22,185.93125915527344,44.5093879699707,30.617599487304688,88.25178527832031,86.19841003417969,127.56999969482422,59.78059387207031,12.461749076843262
2016-09-23,184.91250610351562,44.136993408203125,30.224037170410156,88.29135131835938,86.13529205322266,127.6500015258789,59.96345520019531,12.318025588989258
2016-09-26,183.41432189941406,43.727352142333984,29.78228759765625,88.54446411132812,86.26851654052734,127.55000305175781,60.1057014465332,12.402570724487305
2016-09-27,184.5529327392578,43.935890197753906,30.20796775817871,88.6947021484375,86.47880554199219,126.62000274658203,59.469032287597656,12.284208297729492
2016-09-28,185.4689483642578,44.248714447021484,30.48105239868164,88.65518951416016,86.53486633300781,126.22000122070312,59.95669937133789,12.571656227111816
2016-09-29,183.7909698486328,43.69755554199219,29.95095443725586,88.71058654785156,86.49981689453125,126.06999969482422,59.15744400024414,12.647747993469238
2016-09-30,185.17794799804688,44.04016876220703,30.079458236694336,88.48906707763672,86.34561157226562,125.63999938964844,58.751068115234375,12.690018653869629
2016-10-03,184.7327423095703,43.92100524902344,30.288293838500977,88.2831802368164,86.10099792480469,125.31999969482422,57.65379333496094,12.799925804138184
2016-10-04,183.7909698486328,43.91354751586914,29.95095443725586,87.87924194335938,85.70044708251953,120.97000122070312,56.86809158325195,12.766107559204102
2016-10-05,184.60430908203125,44.092308044433594,30.384681701660156,87.6812515258789,85.60905456542969,120.77999877929688,55.71664047241211,12.842196464538574
2016-10-06,184.7327423095703,43.85397720336914,30.408767700195312,87.49905395507812,85.61610412597656,119.66000366210938,55.73697280883789,12.867560386657715
2016-10-07,184.0991973876953,43.630531311035156,30.272220611572266,87.62577819824219,85.8199234008789,119.73999786376953,55.64213943481445,12.833742141723633
2016-10-10,185.05804443359375,43.757137298583984,30.601533889770508,87.3961410522461,85.8199234008789,120.16000366210938,55.987579345703125,12.977468490600586
2016-10-11,182.72080993652344,43.13895797729492,29.894731521606445,87.37236022949219,85.55284118652344,119.55000305175781,55.44573211669922,12.90137767791748
2016-10-12,182.9605712890625,43.042137145996094,29.838502883911133,87.37236022949219,85.66529846191406,119.73999786376953,56.08240509033203,12.808379173278809
2016-10-13,182.36129760742188,42.878273010253906,29.573455810546875,87.55455780029297,85.87610626220703,120.02999877929688,56.52265930175781,12.892923355102539
2016-10-14,182.4554443359375,42.9527587890625,29.621646881103516,87.2852554321289,85.47554016113281,119.36000061035156,56.27206039428711,12.90137767791748
2016-10-17,181.82191467285156,42.826141357421875,29.58951187133789,87.47532653808594,85.75666809082031,119.68000030517578,56.393985748291016,12.918286323547363
2016-10-18,182.9605712890625,43.250675201416016,30.111589431762695,87.64958953857422,85.96749114990234,120.41999816894531,56.7529411315918,12.943649291992188
2016-10-19,183.4485321044922,43.369842529296875,30.29632568359375,87.6891860961914,86.07992553710938,121.11000061035156,56.8748779296875,13.028192520141602
2016-10-20,183.10610961914062,43.43688201904297,30.20796775817871,87.60997772216797,86.05181884765625,120.73999786376953,56.74617385864258,12.909832000732422
2016-10-21,183.1916961669922,43.340049743652344,30.199932098388672,87.70499420166016,86.10099792480469,120.83000183105469,56.53620910644531,12.960556983947754
2016-10-24,183.97076416015625,43.332603454589844,30.328449249267578,87.5862045288086,85.85508728027344,120.55999755859375,56.66490936279297,12.969013214111328
2016-10-25,183.3544158935547,43.30280685424805,30.360578536987305,87.57038879394531,85.79177856445312,121.47000122070312,56.56331253051758,12.909832000732422
2016-10-26,182.98626708984375,43.10916519165039,30.0393009185791,87.38028717041016,85.43338775634766,120.79000091552734,55.82501983642578,12.825288772583008
2016-10-27,182.4982452392578,43.0570182800293,29.78228759765625,87.07935333251953,85.04684448242188,121.01000213623047,54.362003326416016,12.90137767791748
2016-10-28,181.9589080810547,43.042137145996094,29.66180419921875,87.09517669677734,84.94844055175781,121.58000183105469,54.490684509277344,12.81683349609375
2016-10-31,181.9674530029297,43.064476013183594,29.830472946166992,87.16644287109375,85.02571868896484,121.94000244140625,55.37798309326172,12.647747993469238
2016-11-01,180.64903259277344,42.878273010253906,29.58951187133789,87.16963195800781,84.91863250732422,122.7300033569336,54.1723518371582,12.706927299499512
2016-11-02,179.561767578125,42.587799072265625,29.236106872558594,87.43136596679688,85.04544067382812,123.63999938964844,53.37987518310547,12.554749488830566
2016-11-03,178.73992919921875,42.543113708496094,29.155790328979492,87.37579345703125,84.87633514404297,124.30000305175781,52.96670913696289,12.512476921081543
2016-11-04,178.5430450439453,42.13347244262695,28.858613967895508,87.6454849243164,85.1300277709961,124.38999938964844,53.386653900146484,12.427932739257812
2016-11-07,182.48110961914062,42.71441650390625,29.90275764465332,87.2806625366211,85.0736083984375,122.1500015258789,54.32135772705078,12.478658676147461
2016-11-08,183.30303955078125,42.833587646484375,30.095518112182617,86.97138214111328,84.88338470458984,121.63999938964844,54.60584259033203,12.461749076843262
2016-11-09,185.246337890625,42.870826721191406,29.115629196166992,85.6468505859375,83.63613891601562,121.55999755859375,53.77951431274414,12.520931243896484
2016-11-10,185.708740234375,42.75165939331055,28.28835105895996,85.1313247680664,83.56563568115234,119.75,52.8786735534668,12.419477462768555
2016-11-11,185.28057861328125,42.49097442626953,27.750205993652344,84.95687103271484,83.2062759399414,117.0999984741211,53.1970100402832,12.182756423950195
2016-11-14,185.42620849609375,42.26008605957031,27.549415588378906,84.46517181396484,82.77648162841797,116.11000061035156,54.45682907104492,12.157392501831055
2016-11-15,186.87303161621094,42.44629669189453,28.103612899780273,84.46517181396484,83.03018951416016,117.12000274658203,54.00301742553711,12.427932739257812
2016-11-16,186.5220184326172,41.999412536621094,27.870691299438477,84.54451751708984,83.14990997314453,116.7699966430664,53.847232818603516,12.275754928588867
2016-11-17,187.48086547851562,42.31966781616211,27.91084861755371,84.17171478271484,82.62142181396484,116.16999816894531,53.298606872558594,12.301115989685059
2016-11-18,187.0613555908203,41.85789489746094,27.78233528137207,83.79895782470703,82.15637969970703,115.1500015258789,53.454376220703125,12.402570724487305
2016-11-21,188.4739227294922,42.21540069580078,28.055421829223633,83.87035369873047,82.24090576171875,115.58000183105469,53.29184341430664,12.749198913574219
2016-11-22,188.842041015625,42.31966781616211,28.481111526489258,83.94962310791016,82.45227813720703,115.54000091552734,54.22654724121094,12.732291221618652
2016-11-23,188.94480895996094,42.170711517333984,28.175905227661133,83.64826202392578,82.14930725097656,113.25,53.99623489379883,12.783016204833984
2016-11-25,189.64683532714844,42.297332763671875,28.312440872192383,83.57685089111328,82.15637969970703,112.61000061035156,54.30781555175781,12.690018653869629
2016-11-28,188.75648498535156,42.07388687133789,28.424890518188477,83.95755767822266,82.52981567382812,113.80000305175781,54.55842590332031,12.732291221618652
2016-11-29,189.12457275390625,42.34200668334961,28.46504783630371,84.04479217529297,82.64259338378906,113.2699966430664,55.079978942871094,12.478658676147461
2016-11-30,188.67083740234375,42.297332763671875,28.513240814208984,83.48169708251953,82.33251190185547,111.75,54.45005416870117,12.859106063842773
2016-12-01,187.9773712158203,42.13347244262695,28.175905227661133,83.1632308959961,81.87112426757812,111.54000091552734,53.65082550048828,13.09582805633545
2016-12-02,188.07156372070312,42.23774719238281,28.208030700683594,83.53650665283203,82.2455825805664,112.13999938964844,54.18590545654297,13.188827514648438
2016-12-05,189.20169067382812,42.65483856201172,28.440956115722656,83.50476837158203,82.42227172851562,111.54000091552734,54.585506439208984,13.256463050842285
2016-12-06,189.80091857910156,42.94530487060547,28.59356117248535,83.53650665283203,82.41516876220703,111.43000030517578,54.9377326965332,13.197280883789062
2016-12-07,192.28370666503906,43.58584213256836,29.07547378540039,83.81446838378906,82.76141357421875,111.83000183105469,56.03499221801758,13.09582805633545
2016-12-08,192.75453186035156,43.54859924316406,29.203975677490234,83.49681091308594,82.42227172851562,111.56999969482422,56.42106246948242,13.12119197845459
2016-12-09,193.91880798339844,43.734798431396484,29.051372528076172,83.0678939819336,82.10427856445312,110.4000015258789,56.360107421875,13.188827514648438
2016-12-12,193.6962432861328,43.54115676879883,28.858613967895508,83.08379364013672,82.02657318115234,110.81999969482422,56.7326545715332,13.273369789123535
2016-12-13,194.9889678955078,44.010372161865234,29.179887771606445,83.1314468383789,82.21028137207031,110.44999694824219,56.70554733276367,13.307188034057617
2016-12-14,193.37950134277344,43.362396240234375,28.312440872192383,82.44047546386719,81.68740844726562,108.83000183105469,55.46603012084961,13.180371284484863
2016-12-15,194.1757049560547,43.26557540893555,28.36063575744629,82.21015930175781,81.74392700195312,107.33999633789062,55.14093017578125,13.16346263885498
2016-12-16,193.79592895507812,43.29536437988281,28.232126235961914,82.31343078613281,81.68032836914062,108.05000305175781,55.967254638671875,13.222644805908203
2016-12-19,194.21788024902344,43.22834014892578,28.03936004638672,82.69466400146484,82.07601928710938,108.58999633789062,56.5700798034668,13.146554946899414
2016-12-20,194.9671173095703,43.37729263305664,28.135740280151367,82.51988220214844,82.02657318115234,107.79000091552734,56.698768615722656,13.205734252929688
2016-12-21,194.42459106445312,43.38933181762695,28.01876449584961,82.65489959716797,82.2879867553711,107.8499984741211,55.83856201171875,13.129646301269531
2016-12-22,194.0886993408203,43.29151153564453,27.685693740844727,82.61911010742188,82.29367065429688,107.58999633789062,55.74521255493164,13.112737655639648
2016-12-23,194.3729248046875,43.40438461303711,27.848159790039062,82.6987075805664,82.42120361328125,107.93000030517578,55.89043045043945,13.138099670410156
2016-12-27,194.8551788330078,43.35169982910156,27.97001838684082,82.57931518554688,82.27241516113281,108.55999755859375,56.007991790771484,13.341005325317383
2016-12-28,193.24476623535156,43.186161041259766,28.181236267089844,82.88162994384766,82.57708740234375,108.86000061035156,55.669166564941406,13.349459648132324
2016-12-29,193.20169067382812,43.29151153564453,28.644287109375,83.13619995117188,82.89588165283203,110.29000091552734,56.36066818237305,13.366369247436523
2016-12-30,192.4955291748047,43.44200134277344,28.441194534301758,83.38282012939453,83.02345275878906,109.61000061035156,57.07296371459961,13.391731262207031
2017-01-03,193.96817016601562,43.71290969848633,28.782390594482422,83.34303283691406,83.09428405761719,110.47000122070312,57.25967788696289,13.231097221374512
2017-01-04,195.12208557128906,44.20956802368164,29.001737594604492,83.43846893310547,83.37771606445312,110.86000061035156,58.0964469909668,13.332551002502441
2017-01-05,194.9671173095703,44.58580780029297,29.318557739257812,83.97943878173828,83.82402038574219,112.58000183105469,58.283164978027344,13.400186538696289
2017-01-06,195.66465759277344,44.43532180786133,29.196704864501953,83.59761810302734,83.38481140136719,111.75,58.29008102416992,13.383275985717773
2017-01-09,195.01869201660156,44.36758804321289,29.172327041625977,83.91578674316406,83.54771423339844,112.66999816894531,57.76450729370117,13.180371284484863
2017-01-10,195.01869201660156,44.37511444091797,29.342926025390625,83.87598419189453,83.49811553955078,113.1500015258789,57.27351760864258,13.12119197845459
2017-01-11,195.5699005126953,44.60838317871094,29.69224739074707,83.97145080566406,83.62567901611328,113.5,56.920833587646484,13.264915466308594
2017-01-12,195.0790557861328,44.67610549926758,29.822223663330078,84.0191879272461,83.6185531616211,113.91000366210938,57.211280822753906,13.459366798400879
2017-01-13,195.52688598632812,44.84166717529297,29.7978572845459,83.83621215820312,83.44853973388672,114.20999908447266,57.12831115722656,13.434002876281738
2017-01-17,194.83792114257812,44.67610549926758,29.781612396240234,84.25778198242188,83.80986022949219,115.8499984741211,57.57088851928711,13.425549507141113
2017-01-18,195.26852416992188,44.54819107055664,29.619131088256836,83.66120910644531,83.25725555419922,114.87000274658203,57.667701721191406,13.307188034057617
2017-01-19,194.54518127441406,44.43532180786133,29.52977180480957,83.34303283691406,82.9738540649414,114.7699966430664,57.07988739013672,13.264915466308594
2017-01-20,195.25991821289062,44.691165924072266,29.586639404296875,83.38282012939453,83.1226577758789,115.05000305175781,57.49482727050781,13.417095184326172
2017-01-23,194.75181579589844,44.804046630859375,30.02532196044922,83.82035064697266,83.50521087646484,115.79000091552734,57.97889709472656,13.417095184326172
2017-01-24,196.00045776367188,44.91691207885742,30.212167739868164,83.50213623046875,83.25725555419922,115.2699966430664,57.99271011352539,13.450911521911621
2017-01-25,197.69696044921875,45.38347244262695,30.54523468017578,83.0884780883789,82.93838500976562,114.31999969482422,57.612361907958984,13.366369247436523
2017-01-26,197.49029541015625,45.20286178588867,30.41525650024414,83.1998519897461,83.03759002685547,113.26000213623047,57.50172805786133,13.425549507141113
2017-01-27,197.1802520751953,45.12761306762695,30.439626693725586,83.3032455444336,83.13679504394531,113.48999786376953,56.94157028198242,13.315642356872559
2017-01-30,195.95745849609375,44.804046630859375,30.277164459228516,83.27940368652344,82.99507141113281,113.97000122070312,56.554317474365234,13.239553451538086
2017-01-31,195.940185546875,44.871768951416016,30.334026336669922,83.56578063964844,83.1439208984375,115.55000305175781,56.96232223510742,13.315642356872559
2017-02-01,196.01766967773438,45.05236053466797,30.350271224975586,83.40560150146484,83.04155731201172,115.19999694824219,56.27770233154297,13.459366798400879
2017-02-02,196.14686584472656,45.07494354248047,30.480255126953125,83.43748474121094,83.06289672851562,115.83999633789062,56.94849395751953,13.459366798400879
2017-02-03,197.4989013671875,45.25553894042969,30.66709327697754,83.50122833251953,83.15525817871094,116.12999725341797,57.25967788696289,13.450911521911621
2017-02-06,197.145751953125,44.93196487426758,30.59398078918457,83.8995590209961,83.41813659667969,117.69999694824219,57.162864685058594,13.366369247436523
2017-02-07,197.15447998046875,44.88681411743164,30.439626693725586,84.05094909667969,83.56017303466797,117.45999908447266,56.96232223510742,13.307188034057617
2017-02-08,197.4127960205078,44.962066650390625,30.62647819519043,84.39348602294922,83.85147857666016,118.19000244140625,57.41180419921875,13.357913970947266
2017-02-09,198.583984375,45.150184631347656,30.764585494995117,83.8916015625,83.51749420166016,117.29000091552734,57.550113677978516,13.425549507141113
2017-02-10,199.36764526367188,45.25553894042969,31.048913955688477,83.83584594726562,83.49625396728516,117.5999984741211,57.95814514160156,13.5692720413208
2017-02-13,200.45269775390625,45.4361457824707,31.146394729614258,83.70836639404297,83.46073913574219,116.80000305175781,57.97889709472656,13.417095184326172
2017-02-14,201.25355529785156,45.368412017822266,31.17889404296875,83.40560150146484,83.26181030273438,116.93000030517578,57.67462158203125,13.434002876281738
2017-02-15,202.30419921875,45.5414924621582,31.430728912353516,83.24627685546875,83.19790649414062,117.44999694824219,57.48097610473633,13.450911521911621
2017-02-16,202.13201904296875,45.6468505859375,31.31699562072754,83.58084869384766,83.43232727050781,118.08000183105469,57.8198356628418,13.366369247436523
2017-02-17,202.4506072998047,45.52644348144531,31.187013626098633,83.80399322509766,83.64544677734375,117.68000030517578,57.93048095703125,13.341005325317383
2017-02-21,203.65623474121094,45.67694091796875,31.528217315673828,83.76412200927734,83.68094635009766,117.75,58.670433044433594,13.3240966796875
2017-02-22,203.475341796875,45.67694091796875,31.625696182250977,83.8995590209961,83.74492645263672,117.91000366210938,58.47679901123047,13.256463050842285
2017-02-23,203.6131591796875,45.77477264404297,31.633821487426758,84.12265014648438,83.95805358886719,118.94000244140625,58.78108215332031,13.298731803894043
2017-02-24,203.8715057373047,45.44367218017578,31.260128021240234,84.51302337646484,84.38429260253906,119.69999694824219,59.05769729614258,13.273369789123535
2017-02-27,204.19017028808594,45.4737663269043,31.162643432617188,84.21026611328125,84.18535614013672,119.12000274658203,59.368892669677734,13.239553451538086
2017-02-28,203.63897705078125,45.406044006347656,30.862070083618164,84.17044067382812,84.24219512939453,119.2300033569336,58.96088409423828,13.290278434753418
2017-03-01,206.48947143554688,45.88011932373047,31.341371536254883,83.5840835571289,83.74427032470703,119.05999755859375,58.78108215332031,13.349459648132324
2017-03-02,205.18905639648438,45.57911682128906,30.788957595825195,83.3447494506836,83.61605834960938,117.58000183105469,58.46296691894531,13.138099670410156
2017-03-03,205.31826782226562,45.85002517700195,31.02452850341797,83.42450714111328,83.70149230957031,117.51000213623047,58.234771728515625,13.205734252929688
2017-03-06,204.70681762695312,45.70704650878906,31.040790557861328,83.40853118896484,83.55193328857422,116.72000122070312,57.97195053100586,13.188827514648438
2017-03-07,204.09542846679688,45.54901123046875,31.073280334472656,83.28889465332031,83.1387710571289,115.77999877929688,57.69533157348633,13.129646301269531
2017-03-08,203.71652221679688,45.38347244262695,30.780826568603516,83.0096664428711,82.88227844238281,115.05999755859375,56.63037109375,12.833742141723633
2017-03-09,203.974853515625,45.55654525756836,30.5371150970459,82.77831268310547,82.43350982666016,114.47000122070312,55.77978515625,12.723835945129395
2017-03-10,204.6895751953125,45.94031524658203,30.87831687927246,82.95378875732422,82.64012145996094,114.72000122070312,55.60688018798828,12.605475425720215
2017-03-13,204.79295349121094,46.181121826171875,31.30887794494629,82.74639892578125,82.36231231689453,114.73999786376953,55.74521255493164,12.588565826416016
2017-03-14,204.00926208496094,45.82744216918945,31.130142211914062,82.83415222167969,82.43350982666016,114.12000274658203,55.73136901855469,12.537839889526367
2017-03-15,205.77467346191406,46.482120513916016,31.94252586364746,83.56014251708984,83.14588165283203,116.25,56.858577728271484,12.647747993469238
2017-03-16,205.36996459960938,46.7078742980957,32.13749313354492,83.32875061035156,83.02477264404297,116.7300033569336,56.7479362487793,12.630837440490723
2017-03-17,205.00929260253906,46.82827377319336,32.080623626708984,83.55213165283203,83.2171401977539,116.98999786376953,57.0107307434082,12.673110008239746
2017-03-20,204.78439331054688,46.73044967651367,32.45431900024414,83.75164031982422,83.4094467163086,117.51000213623047,56.96232223510742,12.664654731750488
2017-03-21,202.15504455566406,46.519744873046875,32.09687805175781,84.03087615966797,83.61605834960938,118.54000091552734,56.7133674621582,12.59701919555664
2017-03-22,202.63079833984375,46.52727508544922,32.251224517822266,84.19035339355469,83.82971954345703,118.83000183105469,56.682003021240234,12.588565826416016
2017-03-23,202.41452026367188,46.632625579833984,32.25935745239258,84.10261535644531,83.77275848388672,118.66999816894531,57.09998321533203,12.563201904296875
2017-03-24,202.26747131347656,46.76054000854492,32.340579986572266,84.1504898071289,83.85823059082031,118.86000061035156,57.03728103637695,12.605475425720215
2017-03-27,202.05992126464844,46.88094711303711,32.251224517822266,84.35790252685547,84.03633117675781,119.52999877929688,56.52180862426758,12.588565826416016
2017-03-28,203.53025817871094,47.1067008972168,32.340579986572266,84.07072448730469,83.85823059082031,119.04000091552734,56.76560974121094,12.664654731750488
2017-03-29,203.7205810546875,47.1067008972168,32.3974494934082,84.31006622314453,84.12891387939453,119.33000183105469,57.0860710144043,12.783016204833984
2017-03-30,204.36924743652344,46.94114685058594,32.226844787597656,84.07072448730469,83.9081039428711,118.47000122070312,57.19053649902344,12.833742141723633
2017-03-31,203.8935546875,46.87342834472656,31.9993896484375,84.23823547363281,83.99360656738281,118.72000122070312,57.53184127807617,12.859106063842773
2017-04-03,203.53892517089844,46.80569839477539,32.17811584472656,84.65292358398438,84.37074279785156,119.3499984741211,57.69904708862305,12.808379173278809
2017-04-04,203.6686248779297,46.79064178466797,32.194366455078125,84.5331039428711,84.1492691040039,119.62000274658203,57.69904708862305,12.935195922851562
2017-04-05,203.063232421875,46.54231262207031,32.09687805175781,84.69286346435547,84.25642395019531,119.62000274658203,57.78264617919922,12.960556983947754
2017-04-06,203.6340789794922,46.54985809326172,32.04000473022461,84.636962890625,84.3349838256836,119.18000030517578,58.08914566040039,12.994376182556152
2017-04-07,203.4264678955078,46.519744873046875,31.98314666748047,84.38128662109375,84.12785339355469,119.45999908447266,58.172752380371094,13.028192520141602
2017-04-10,203.54751586914062,46.467071533203125,31.853166580200195,84.5331039428711,84.28502655029297,119.45999908447266,58.534969329833984,13.129646301269531
2017-04-11,203.305419921875,46.685302734375,31.78005027770996,84.9245376586914,84.67781829833984,121.19000244140625,58.938987731933594,13.155010223388672
2017-04-12,202.41452026367188,46.647682189941406,31.934402465820312,85.18826293945312,84.95646667480469,122.0199966430664,58.83449935913086,13.155010223388672
2017-04-13,201.09988403320312,46.3466682434082,31.79629135131836,85.44392395019531,85.09931182861328,122.5999984741211,58.702152252197266,13.197280883789062
2017-04-17,202.88162231445312,46.632625579833984,32.12936782836914,85.30814361572266,84.93500518798828,122.23999786376953,59.41267013549805,13.12119197845459
2017-04-18,202.27613830566406,46.42191696166992,31.723180770874023,85.79553985595703,85.43502807617188,122.81999969482422,59.57290267944336,13.070465087890625
2017-04-19,201.90423583984375,46.233795166015625,31.528217315673828,85.57176208496094,85.17782592773438,121.7300033569336,59.489315032958984,12.842196464538574
2017-04-20,203.54751586914062,46.602516174316406,31.918149948120117,85.3800277709961,85.05647277832031,121.95999908447266,59.496253967285156,12.791471481323242
2017-04-21,202.89886474609375,46.632625579833984,31.918149948120117,85.41997528076172,85.05647277832031,122.30999755859375,59.28033447265625,12.664654731750488
2017-04-24,205.13035583496094,47.81404113769531,32.37308120727539,85.24420166015625,84.94212341308594,121.4800033569336,58.625526428222656,12.622384071350098
2017-04-25,206.32391357421875,48.152679443359375,32.657413482666016,84.80473327636719,84.60646057128906,120.25,58.86932373046875,12.681563377380371
2017-04-26,206.19419860839844,48.0172233581543,32.53555679321289,85.02845001220703,84.8136215209961,120.83999633789062,58.430458068847656,12.613929748535156
2017-04-27,206.3671875,48.062374114990234,32.49494171142578,85.08438873291016,84.89217376708984,120.38999938964844,58.27721405029297,12.546293258666992
2017-04-28,205.9174041748047,48.009708404541016,32.54367446899414,85.17229461669922,84.99212646484375,120.7699966430664,57.671180725097656,12.512476921081543
2017-05-01,206.43637084960938,48.20535659790039,32.73052978515625,84.98824310302734,84.72856140136719,119.66999816894531,58.01252365112305,12.537839889526367
2017-05-02,206.5142364501953,48.453678131103516,32.96611022949219,85.16429901123047,84.97925567626953,119.6500015258789,57.91501998901367,12.402570724487305
2017-05-03,206.26341247558594,48.35586166381836,32.74677658081055,84.98824310302734,84.93624877929688,117.9800033569336,57.14177322387695,12.35184383392334
2017-05-04,206.50555419921875,48.814876556396484,32.381202697753906,84.79618835449219,84.77156066894531,116.79000091552734,56.86311721801758,12.055941581726074
2017-05-05,207.31857299804688,49.356685638427734,32.64928436279297,84.81216430664062,84.80018615722656,117.01000213623047,57.399505615234375,12.225028038024902
2017-05-08,207.28396606445312,48.98795700073242,32.64116287231445,84.60414123535156,84.6498031616211,116.75,56.9954833984375,12.174301147460938
2017-05-09,207.09368896484375,48.86756134033203,33.05546951293945,84.50811004638672,84.66410064697266,116.05000305175781,56.68897247314453,12.115120887756348
2017-05-10,207.46554565429688,48.942806243896484,33.274810791015625,84.47611236572266,84.77872467041016,116.04000091552734,57.13481140136719,12.309572219848633
2017-05-11,207.0417938232422,48.82240295410156,33.34792709350586,84.54012298583984,84.82166290283203,116.5,56.84920883178711,12.360298156738281
2017-05-12,206.6958465576172,49.09330749511719,33.48603439331055,84.97221374511719,85.2514419555664,116.83000183105469,56.619327545166016,12.360298156738281
2017-05-15,207.8375244140625,49.341636657714844,33.827232360839844,84.91619873046875,85.24424743652344,117.13999938964844,56.786495208740234,12.427932739257812
2017-05-16,207.6472625732422,49.657684326171875,33.85972213745117,85.02823638916016,85.36604309082031,117.6500015258789,56.403385162353516,12.444841384887695
2017-05-17,203.96275329589844,49.09330749511719,33.28294372558594,85.70845031738281,85.88884735107422,119.79000091552734,56.633262634277344,12.52938461303711
2017-05-18,204.78439331054688,49.17607116699219,32.73052978515625,85.68441772460938,85.87451171875,118.80999755859375,56.94672775268555,12.49556827545166
2017-05-19,206.1163330078125,49.74798583984375,33.429168701171875,85.66039276123047,85.9246826171875,119.4000015258789,57.25323486328125,12.740744590759277
2017-05-22,207.16290283203125,49.80818557739258,33.4616584777832,85.56436157226562,85.85305786132812,119.9000015258789,57.47613525390625,12.825288772583008
2017-05-23,207.62124633789062,49.815711975097656,33.49414825439453,85.34031677246094,85.58804321289062,119.13999938964844,57.52490234375,12.783016204833984
2017-05-24,208.10565185546875,49.84580993652344,33.6241340637207,85.51636505126953,85.72415924072266,119.61000061035156,57.99162673950195,12.757655143737793
2017-05-25,209.1002960205078,49.84580993652344,33.78661346435547,85.56436157226562,85.75995635986328,119.4800033569336,57.99860382080078,12.478658676147461
2017-05-26,209.05703735351562,49.70283508300781,33.908470153808594,85.62035369873047,85.82437896728516,120.54000091552734,57.580631256103516,12.571656227111816
2017-05-30,208.87538146972656,49.65016555786133,33.729740142822266,85.83641052246094,86.0249252319336,120.13999938964844,57.2183952331543,12.47020435333252
2017-05-31,208.82354736328125,49.71035385131836,33.469791412353516,85.87643432617188,86.12523651123047,120.62000274658203,57.25323486328125,12.33493423461914
2017-06-01,210.48416137695312,50.033931732177734,33.754127502441406,85.83155822753906,86.14387512207031,120.72000122070312,57.55276870727539,12.250391006469727
2017-06-02,211.18470764160156,50.583255767822266,33.92470932006836,86.20821380615234,86.54601287841797,121.61000061035156,58.1448860168457,12.191210746765137
2017-06-05,211.02902221679688,50.304832458496094,33.884090423583984,86.0639419555664,86.30187225341797,121.7300033569336,57.894100189208984,12.123576164245605
2017-06-06,210.3544158935547,50.161869049072266,33.900333404541016,86.33647918701172,86.55319213867188,123.0999984741211,57.61545181274414,12.208118438720703
2017-06-07,210.74362182617188,50.17690658569336,33.85972213745117,86.17619323730469,86.44550323486328,122.44999694824219,58.01948547363281,12.039031028747559
2017-06-08,210.84742736816406,50.08660888671875,34.06281661987305,86.03993225097656,86.29469299316406,121.6500015258789,57.88016891479492,12.039031028747559
2017-06-09,210.52735900878906,49.89848327636719,33.802860260009766,85.95977783203125,86.20852661132812,120.54000091552734,58.28419876098633,12.10666561126709
2017-06-12,210.48416137695312,49.71035385131836,33.6241340637207,85.94377136230469,86.23001861572266,120.36000061035156,58.806636810302734,11.996759414672852
2017-06-13,211.51336669921875,50.09414291381836,33.78661346435547,85.97577667236328,86.32339477539062,120.4800033569336,58.938987731933594,12.0474853515625
2017-06-14,211.2452392578125,50.05651092529297,33.77848815917969,86.42460632324219,86.91226196289062,119.81999969482422,59.0225830078125,11.836126327514648
2017-06-15,210.8387451171875,49.53728485107422,33.429168701171875,86.27235412597656,86.70398712158203,119.31999969482422,59.322113037109375,11.886853218078613
2017-06-16,210.88478088378906,49.95868682861328,33.48603439331055,86.32039642333984,86.77581024169922,119.33999633789062,59.168861389160156,11.937578201293945
2017-06-19,212.64044189453125,50.161869049072266,33.81911087036133,86.07997131347656,86.66809844970703,118.43000030517578,59.175838470458984,11.861489295959473
2017-06-20,211.20639038085938,49.75811004638672,33.4453239440918,86.29640197753906,86.86198425292969,118.18000030517578,59.036521911621094,11.74312973022461
2017-06-21,211.15426635742188,49.69693374633789,33.51877212524414,86.28836822509766,86.90509796142578,118.5199966430664,58.91808319091797,11.616312980651855
2017-06-22,211.05865478515625,49.68928909301758,33.690155029296875,86.3685073852539,86.97687530517578,118.91999816894531,58.97382354736328,11.633221626281738
2017-06-23,211.31069946289062,49.81163787841797,33.86970520019531,86.39259338378906,87.01994323730469,119.43000030517578,59.1784553527832,11.68394660949707
2017-06-26,211.44972229003906,49.895748138427734,34.196163177490234,86.46467590332031,87.17794799804688,118.36000061035156,59.60041046142578,11.709309577941895
2017-06-27,209.74624633789062,49.88810348510742,33.7962532043457,86.03993225097656,86.78296661376953,118.80999755859375,59.065940856933594,11.844579696655273
2017-06-28,211.62355041503906,50.323970794677734,34.05741882324219,85.95977783203125,86.87638092041016,118.9000015258789,59.20659637451172,11.920671463012695
2017-06-29,209.76364135742188,49.826927185058594,33.624874114990234,85.63923645019531,86.61063385009766,118.31999969482422,58.53147888183594,11.971396446228027
2017-06-30,210.15476989746094,49.857505798339844,33.77993392944336,85.43889617919922,86.5388412475586,118.0199966430664,58.53147888183594,12.216572761535645
2017-07-03,210.51107788085938,49.79634475708008,33.97581100463867,85.12503814697266,86.35165405273438,116.08999633789062,59.27691650390625,12.343388557434082
2017-07-05,210.99777221679688,49.79634475708008,33.91051483154297,85.18923950195312,86.49563598632812,116.5199966430664,58.44005584716797,12.157392501831055
2017-07-06,209.06832885742188,49.5745849609375,33.50244903564453,85.02873992919922,86.27244567871094,116.47000122070312,57.34299087524414,12.165846824645996
2017-07-07,210.4241943359375,49.58222961425781,33.5677375793457,84.89228057861328,86.20040893554688,115.27999877929688,57.666473388671875,12.0474853515625
2017-07-10,210.65011596679688,49.70458221435547,33.88603210449219,85.00466918945312,86.34440612792969,115.47000122070312,57.1390495300293,12.098212242126465
2017-07-11,210.49374389648438,49.81928253173828,34.163509368896484,85.1170425415039,86.38043212890625,115.62000274658203,57.07575988769531,12.216572761535645
2017-07-12,212.0755157470703,50.2169189453125,34.8245849609375,85.3658218383789,86.76203918457031,116.02999877929688,57.77901840209961,12.157392501831055
2017-07-13,212.431884765625,50.36221694946289,34.995975494384766,85.27754974365234,86.61083221435547,115.81999969482422,57.870426177978516,12.148938179016113
2017-07-14,213.4226531982422,50.713966369628906,35.43669509887695,85.39794158935547,86.81242370605469,116.7699966430664,58.425994873046875,12.284208297729492
2017-07-17,213.39659118652344,50.614559173583984,35.273460388183594,85.50225830078125,86.8916015625,117.29000091552734,58.89716339111328,12.241936683654785
2017-07-18,213.50958251953125,50.660438537597656,35.37956237792969,85.81527709960938,87.26608276367188,118.11000061035156,58.770591735839844,12.292662620544434
2017-07-19,214.66549682617188,50.8822021484375,35.67337417602539,85.81527709960938,87.23722076416016,118.08000183105469,59.213626861572266,12.402570724487305
2017-07-20,214.76116943359375,51.088653564453125,35.632564544677734,85.83936309814453,87.31645965576172,118.23999786376953,58.93937301635742,12.385661125183105
2017-07-21,214.5699462890625,50.88983917236328,35.60807418823242,85.99185180664062,87.5180435180664,119.26000213623047,58.89716339111328,12.216572761535645
2017-07-24,214.5177764892578,50.752197265625,35.71417999267578,85.9356918334961,87.41722869873047,119.30999755859375,58.78466796875,12.241936683654785
2017-07-25,215.0392303466797,50.82102584838867,35.62440490722656,85.45415496826172,86.89881896972656,118.91999816894531,58.86202621459961,12.377206802368164
2017-07-26,215.04791259765625,51.13454055786133,35.918216705322266,85.72699737548828,87.18684387207031,119.87999725341797,59.26988220214844,12.49556827545166
2017-07-27,214.84799194335938,51.019840240478516,35.72233963012695,85.59054565429688,86.9708251953125,119.79000091552734,59.34020233154297,12.571656227111816
2017-07-28,214.5959930419922,51.07337188720703,35.706016540527344,85.73503112792969,87.20124053955078,120.69000244140625,59.1784553527832,12.639291763305664
2017-07-31,214.4743194580078,51.18043518066406,35.74681854248047,85.75909423828125,87.20124053955078,120.75,59.25581741333008,12.715381622314453
2017-08-01,214.9523468017578,51.46336364746094,35.85293197631836,85.97213745117188,87.51746368408203,120.6500015258789,59.52306365966797,12.571656227111816
2017-08-02,215.05662536621094,51.486297607421875,35.88555908203125,85.89175415039062,87.38026428222656,120.4000015258789,58.981563568115234,12.59701919555664
2017-08-03,214.6394805908203,51.51689529418945,35.738670349121094,86.18917846679688,87.50300598144531,120.58999633789062,58.86202621459961,12.504020690917969
2017-08-04,215.03053283691406,51.5857048034668,35.86924743652344,85.95606994628906,87.16374969482422,119.6500015258789,59.058895111083984,12.52938461303711
2017-08-07,215.43031311035156,51.608638763427734,36.11408233642578,86.00431060791016,87.1854019165039,119.51000213623047,58.9956169128418,12.554749488830566
2017-08-08,214.900146484375,51.33335876464844,36.12224578857422,85.93196105957031,86.76663970947266,119.86000061035156,58.714332580566406,12.563201904296875
2017-08-09,214.8915252685547,51.249237060546875,35.79579162597656,86.03643035888672,86.85327911376953,121.30999755859375,58.51741027832031,12.647747993469238
2017-08-10,211.8582000732422,50.52278518676758,34.94701385498047,86.35798645019531,86.82441711425781,122.20999908447266,58.095462799072266,12.45329475402832
2017-08-11,212.17112731933594,50.431034088134766,35.028621673583984,86.4544677734375,86.98321533203125,122.79000091552734,57.73680877685547,12.49556827545166
2017-08-14,214.2744140625,50.7980842590332,35.387725830078125,86.24545288085938,86.92547607421875,121.91999816894531,58.70026779174805,12.385661125183105
2017-08-15,214.24830627441406,50.75984573364258,35.428531646728516,85.9882583618164,86.82441711425781,120.9800033569336,58.52443313598633,12.3264799118042
2017-08-16,214.6220245361328,51.05043411254883,35.79579162597656,86.14897155761719,87.0698471069336,121.87000274658203,58.75654602050781,12.292662620544434
2017-08-17,211.27589416503906,50.47691345214844,35.33875274658203,86.4544677734375,87.15647888183594,122.48999786376953,58.39081954956055,12.3264799118042
2017-08-18,210.94566345214844,50.614559173583984,35.64072799682617,86.47052764892578,87.09877014160156,122.30000305175781,57.80010223388672,12.546293258666992
2017-08-21,211.11077880859375,50.599266052246094,35.77131652832031,86.52680969238281,87.22145080566406,122.76000213623047,58.41896057128906,12.39411449432373
2017-08-22,213.31838989257812,50.843955993652344,36.17121505737305,86.35798645019531,87.13483428955078,122.20999908447266,58.250179290771484,12.427932739257812
2017-08-23,212.55352783203125,50.85161209106445,36.34260559082031,86.65542602539062,87.46690368652344,122.66999816894531,58.84794616699219,12.537839889526367
2017-08-24,212.05813598632812,50.736900329589844,36.45686340332031,86.51876831054688,87.30086517333984,122.29000091552734,58.66508865356445,12.52938461303711
2017-08-25,212.55352783203125,51.04277801513672,36.6690559387207,86.66343688964844,87.50300598144531,122.73999786376953,58.9463996887207,12.504020690917969
2017-08-28,212.56219482421875,51.04277801513672,36.538475036621094,86.74383544921875,87.50300598144531,124.69000244140625,58.496299743652344,12.512476921081543
2017-08-29,212.80563354492188,50.83631134033203,36.47317886352539,86.94477081298828,87.56798553466797,124.41999816894531,58.43302536010742,12.512476921081543
2017-08-30,213.81375122070312,50.76749038696289,36.53031539916992,86.87245178222656,87.64019775390625,124.36000061035156,58.76355743408203,12.419477462768555
2017-08-31,215.10012817382812,51.157493591308594,36.58744812011719,87.00910949707031,87.79177856445312,125.81999969482422,59.101097106933594,12.766107559204102
2017-09-01,215.4042510986328,51.2263069152832,36.856773376464844,86.75311279296875,87.44435119628906,126.05999755859375,59.305057525634766,12.783016204833984
2017-09-05,213.8572235107422,50.8822021484375,36.375244140625,87.35694122314453,87.98722076416016,127.45999908447266,59.1432991027832,12.808379173278809
2017-09-06,214.5872802734375,51.195709228515625,36.6119270324707,87.14752960205078,87.67599487304688,126.80999755859375,59.29801940917969,12.935195922851562
2017-09-07,214.5612335205078,51.61629104614258,36.881256103515625,87.52595520019531,88.01618194580078,128.1300048828125,59.67776107788086,12.926740646362305
2017-09-08,214.30918884277344,51.62394332885742,36.63641357421875,87.46150970458984,87.75558471679688,127.97000122070312,59.727012634277344,12.783016204833984
2017-09-11,216.59494018554688,52.02922821044922,37.1260986328125,86.96241760253906,87.48780822753906,126.19000244140625,60.27552032470703,12.808379173278809
2017-09-12,217.32504272460938,52.1898078918457,37.08528518676758,86.75311279296875,87.39366149902344,126.55999755859375,59.56526184082031,12.842196464538574
2017-09-13,217.42935180664062,51.90686798095703,36.88941192626953,86.57601165771484,87.3067855834961,125.61000061035156,59.410552978515625,12.90137767791748
2017-09-14,217.3597869873047,51.9986457824707,36.98734664916992,86.59207153320312,87.52393341064453,126.16000366210938,59.902801513671875,12.909832000732422
2017-09-15,217.6523895263672,52.044517517089844,37.20771408081055,86.69672393798828,87.59635162353516,125.52999877929688,60.01533508300781,12.969013214111328
2017-09-18,218.11534118652344,52.11334228515625,37.33829116821289,86.35861206054688,87.5094985961914,124.36000061035156,59.691837310791016,12.952103614807129
2017-09-19,218.33367919921875,52.358036041259766,37.419898986816406,86.26201629638672,87.56017303466797,124.62000274658203,59.29801940917969,12.926740646362305
2017-09-20,218.41229248046875,52.243343353271484,37.248512268066406,86.09295654296875,87.45162200927734,123.62000274658203,59.136260986328125,13.03664779663086
2017-09-21,217.82711791992188,52.13628005981445,37.248512268066406,85.9802474975586,87.45162200927734,122.68000030517578,59.02373504638672,12.985921859741211
2017-09-22,217.87075805664062,52.2968635559082,37.03632354736328,86.13319396972656,87.5673828125,123.23999786376953,58.60741424560547,13.03664779663086
2017-09-25,217.42532348632812,51.9986457824707,36.407901763916016,86.39080810546875,87.89314270019531,124.52999877929688,58.94844055175781,13.256463050842285
2017-09-26,217.55633544921875,51.88393783569336,36.30996322631836,86.31835174560547,87.87864685058594,123.13999938964844,59.04792022705078,13.138099670410156
2017-09-27,218.403564453125,51.92216873168945,36.179378509521484,85.8756103515625,87.53842163085938,121.9800033569336,58.515037536621094,13.087372779846191
2017-09-28,218.66563415527344,52.05980682373047,36.15489959716797,85.85951232910156,87.66871643066406,122.20999908447266,58.912906646728516,13.087372779846191
2017-09-29,219.4342041015625,52.365692138671875,36.57112503051758,85.75482177734375,87.74832916259766,121.58000183105469,59.0337028503418,13.019739151000977
2017-10-02,220.3862762451172,52.31980895996094,36.579280853271484,85.65726470947266,87.83037567138672,120.7699966430664,58.94844055175781,12.909832000732422
2017-10-03,220.85791015625,52.49568176269531,37.158748626708984,85.7781753540039,88.02635192871094,120.83000183105469,58.863182067871094,12.918286323547363
2017-10-04,221.1199951171875,52.39627456665039,37.150577545166016,85.7540054321289,87.97550201416016,121.16999816894531,59.16157531738281,12.935195922851562
2017-10-05,222.43014526367188,52.365692138671875,37.428062438964844,85.6653060913086,87.85211944580078,120.5199966430664,59.374725341796875,13.078919410705566
2017-10-06,222.1768341064453,52.32744598388672,37.240360260009766,85.56050872802734,87.77954864501953,121.08999633789062,59.18288803100586,12.876014709472656
2017-10-09,221.8099822998047,52.34273910522461,37.21586608886719,85.65726470947266,87.85211944580078,122.08000183105469,59.324981689453125,12.884469032287598
2017-10-10,222.39517211914062,52.83979034423828,37.583133697509766,85.68951416015625,87.91019439697266,122.4000015258789,59.502601623535156,13.03664779663086
2017-10-11,222.74456787109375,52.969791412353516,37.754520416259766,85.7862777709961,87.86665344238281,122.79000091552734,59.70154571533203,13.062010765075684
2017-10-12,222.4126434326172,52.92390441894531,37.73819351196289,85.86692810058594,87.88839721679688,122.88999938964844,60.08522033691406,13.0451021194458
2017-10-13,222.68341064453125,53.19918441772461,38.08097839355469,86.15718841552734,88.23680114746094,123.81999969482422,60.24151611328125,13.171916961669922
2017-10-16,222.9804229736328,53.16096496582031,38.05649185180664,86.01202392578125,88.11341857910156,122.97000122070312,59.943115234375,13.205734252929688
2017-10-17,223.13758850097656,53.0233039855957,37.86063003540039,85.97977447509766,88.09888458251953,122.12999725341797,60.0141487121582,13.188827514648438
2017-10-18,223.35595703125,53.17625045776367,37.95039367675781,85.76210021972656,87.96822357177734,121.66999816894531,59.950218200683594,13.180371284484863
2017-10-19,223.41708374023438,53.09214782714844,37.61577224731445,85.85076904296875,88.09888458251953,122.38999938964844,59.772586822509766,13.12119197845459
2017-10-20,224.57003784179688,53.0233039855957,37.754520416259766,85.49605560302734,87.85936737060547,121.61000061035156,59.43156433105469,13.188827514648438
2017-10-23,223.6965789794922,52.90862274169922,37.45256042480469,85.57665252685547,87.94649505615234,121.80000305175781,59.204219818115234,13.188827514648438
2017-10-24,224.08966064453125,52.99272918701172,37.45256042480469,85.3186264038086,87.728759765625,121.33000183105469,58.848976135253906,13.3240966796875
2017-10-25,222.9804229736328,52.78627395629883,37.370933532714844,85.18158721923828,87.49653625488281,121.3499984741211,58.67845916748047,13.341005325317383
2017-10-26,223.2686309814453,52.77861785888672,37.1179313659668,85.06869506835938,87.48924255371094,120.33000183105469,58.19532775878906,13.400186538696289
2017-10-27,225.09408569335938,52.90095901489258,37.656593322753906,85.34280395507812,87.75051879882812,120.9000015258789,58.45820999145508,13.467822074890137
2017-10-30,224.25564575195312,53.0233039855957,37.419898986816406,85.64922332763672,88.04083251953125,121.12999725341797,58.408477783203125,13.501638412475586
2017-10-31,224.60496520996094,53.24507522583008,37.77084732055664,85.59276580810547,87.91744995117188,120.66999816894531,58.40138244628906,13.535455703735352
2017-11-01,224.90191650390625,53.29859924316406,37.966712951660156,85.64447021484375,88.05640411376953,121.11000061035156,58.685569763183594,13.54391098022461
2017-11-02,224.98928833007812,53.45918655395508,38.01568603515625,85.75749969482422,88.0418701171875,121.19000244140625,59.18288803100586,13.62845516204834
2017-11-03,225.74046325683594,53.375064849853516,37.8198127746582,85.8947525024414,88.14374542236328,120.62000274658203,59.0337028503418,13.712997436523438
2017-11-06,226.08982849121094,53.45154571533203,38.24420928955078,85.99979400634766,88.16560363769531,121.6500015258789,59.43156433105469,13.97508430480957
2017-11-07,225.9326171875,53.25271987915039,37.99936294555664,86.03204345703125,88.09284210205078,121.20999908447266,59.91469955444336,13.890539169311523
2017-11-08,226.31692504882812,53.42860794067383,38.17890930175781,85.92707061767578,87.97640991210938,121.62999725341797,60.213096618652344,13.865177154541016
2017-11-09,225.49594116210938,53.12272262573242,37.94223403930664,85.8947525024414,87.74349212646484,122.12999725341797,60.277034759521484,13.890539169311523
2017-11-10,225.426025390625,52.97743606567383,37.77901077270508,85.45869445800781,87.24143981933594,121.12999725341797,60.34098434448242,13.865177154541016
2017-11-13,225.63560485839844,52.755680084228516,37.69739532470703,85.41836547851562,87.25599670410156,121.30999755859375,60.64647674560547,13.822904586791992
2017-11-14,225.11160278320312,52.71744918823242,37.44438934326172,85.53948211669922,87.27783203125,121.55999755859375,60.518592834472656,13.636907577514648
2017-11-15,223.98487854003906,52.46510314941406,37.248512268066406,85.84632110595703,87.64896392822266,121.41000366210938,59.9075813293457,13.619999885559082
2017-11-16,225.88897705078125,52.88568115234375,38.02384567260742,85.6282958984375,87.54705047607422,121.4000015258789,60.40493392944336,13.577727317810059
2017-11-17,225.2251434326172,52.69449996948242,38.2115592956543,85.74134063720703,87.65620422363281,122.86000061035156,60.14204025268555,13.797541618347168
2017-11-20,225.60948181152344,52.809207916259766,38.40743637084961,85.6041030883789,87.65620422363281,121.30999755859375,59.964447021484375,13.687636375427246
2017-11-21,227.0855712890625,53.20684051513672,38.92158889770508,85.62022399902344,87.9472885131836,121.51000213623047,60.41201400756836,13.780632972717285
2017-11-22,226.88465881347656,53.35212707519531,39.01953887939453,85.8947525024414,88.28927612304688,122.62999725341797,60.277034759521484,13.856721878051758
2017-11-24,227.40867614746094,53.78800582885742,38.93791961669922,85.82212829589844,88.18744659423828,122.31999969482422,60.35520553588867,13.898994445800781
2017-11-27,227.2952117919922,53.46684265136719,38.36661911010742,85.8786392211914,88.13648223876953,122.83000183105469,60.07099533081055,13.873629570007324
2017-11-28,229.60107421875,53.7726936340332,38.65228271484375,85.8947525024414,88.26019287109375,122.80999755859375,59.8436393737793,13.814451217651367
2017-11-29,229.46136474609375,53.558597564697266,38.04016876220703,85.62022399902344,87.910888671875,122.04000091552734,59.864967346191406,13.721452713012695
2017-11-30,231.4702606201172,53.61213302612305,37.623939514160156,85.35376739501953,87.80901336669922,121.0999984741211,59.95731735229492,13.662271499633789
2017-12-01,230.98985290527344,53.39801025390625,37.411746978759766,85.669189453125,88.0804672241211,121.58999633789062,60.09941482543945,13.780632972717285
2017-12-04,230.7103729248047,53.20684051513672,37.48519515991211,85.62867736816406,88.21908569335938,121.18000030517578,59.80101013183594,13.61154556274414
2017-12-05,229.88058471679688,53.09214782714844,37.46071243286133,85.6934585571289,88.38689422607422,120.31999969482422,59.303688049316406,13.61154556274414
2017-12-06,229.9241943359375,52.98509216308594,36.954708099365234,85.8713607788086,88.55470275878906,120.06999969482422,59.24684524536133,13.383275985717773
2017-12-07,230.6492156982422,53.12272262573242,37.06081008911133,85.71766662597656,88.37959289550781,118.48999786376953,59.39604949951172,13.425549507141113
2017-12-08,231.90696716308594,53.40565872192383,37.49335479736328,85.65296936035156,88.27015686035156,118.4800033569336,59.70154571533203,13.493184089660645
2017-12-11,232.60572814941406,53.54330062866211,37.681068420410156,85.59639739990234,88.3358154296875,118.01000213623047,59.69444274902344,13.52700138092041
2017-12-12,233.01614379882812,53.61213302612305,37.428062438964844,85.52359008789062,88.27015686035156,118.1500015258789,59.985740661621094,13.408639907836914
2017-12-13,232.9900665283203,53.81859588623047,37.87693786621094,85.8713607788086,88.57659149169922,119.16999816894531,60.08522033691406,13.349459648132324
2017-12-14,232.03797912597656,53.52035903930664,37.59946060180664,85.83898162841797,88.73713684082031,118.93000030517578,60.07099533081055,13.391731262207031
2017-12-15,233.97021484375,53.50506591796875,37.681068420410156,85.82279968261719,88.86114501953125,119.18000030517578,60.44753646850586,13.391731262207031
2017-12-18,235.45388793945312,54.1397590637207,38.10546112060547,85.62867736816406,88.5985107421875,119.7300033569336,60.84542465209961,13.450911521911621
2017-12-19,234.54962158203125,53.9411506652832,37.904136657714844,85.24053192138672,88.14608764648438,119.81999969482422,59.55235290527344,13.55236530303955
2017-12-20,234.42672729492188,53.848419189453125,37.9538459777832,84.98983764648438,87.91265106201172,120.13999938964844,58.863182067871094,13.62845516204834
2017-12-21,234.90953063964844,54.04161834716797,38.202396392822266,85.04973602294922,88.1495132446289,120.30999755859375,58.63518142700195,13.636907577514648
2017-12-22,234.8480987548828,54.18071746826172,38.5255126953125,85.08210754394531,88.21533966064453,120.94000244140625,59.039215087890625,13.696088790893555
2017-12-26,234.56716918945312,54.165260314941406,38.49237060546875,85.11454010009766,88.33229064941406,121.7699966430664,59.33503341674805,13.898994445800781
2017-12-27,234.681396484375,54.26572036743164,38.59178924560547,85.47904968261719,88.82221984863281,122.2300033569336,59.52982711791992,13.932809829711914
2017-12-28,235.16415405273438,54.29663848876953,38.856910705566406,85.37376403808594,88.76368713378906,122.8499984741211,59.84728240966797,14.000445365905762
2017-12-29,234.27749633789062,54.33527755737305,39.039188385009766,85.51145935058594,88.88067626953125,123.6500015258789,59.86892318725586,14.042718887329102
2018-01-02,235.9542236328125,54.737144470214844,39.776554107666016,85.22797393798828,88.28842163085938,125.1500015258789,59.645286560058594,14.110353469848633
2018-01-03,237.44662475585938,54.999881744384766,40.15766906738281,85.31704711914062,88.4493408203125,124.81999969482422,59.47211456298828,14.19489860534668
2018-01-04,238.44754028320312,55.602657318115234,40.35651397705078,85.27657318115234,88.42001342773438,125.45999908447266,58.44760513305664,14.17798900604248
2018-01-05,240.0365447998047,55.911773681640625,40.70448684692383,85.1712417602539,88.39080810546875,125.33000183105469,58.476470947265625,14.1272611618042
2018-01-08,240.4755401611328,55.89632034301758,40.70448684692383,85.13077545166016,88.38351440429688,125.30999755859375,58.77948760986328,14.118809700012207
2018-01-09,241.01980590820312,55.958152770996094,40.63820266723633,84.72577667236328,88.06181335449219,124.7300033569336,58.02192306518555,14.211806297302246
2018-01-10,240.65109252929688,55.84995651245117,40.3813591003418,84.7014389038086,88.12029266357422,125.02999877929688,57.37259292602539,14.262533187866211
2018-01-11,242.40689086914062,56.23635482788086,40.629920959472656,84.7581787109375,88.33229064941406,125.44000244140625,57.177791595458984,14.25407886505127
2018-01-12,243.9871368408203,56.80049133300781,41.019317626953125,84.7014389038086,88.346923828125,126.95999908447266,56.716026306152344,14.347074508666992
2018-01-16,243.1531219482422,56.74639892578125,40.861900329589844,84.74195098876953,88.42739868164062,127.16999816894531,56.82426452636719,14.279439926147461
2018-01-17,245.47079467773438,57.04005813598633,41.400428771972656,84.55564880371094,88.18607330322266,126.13999938964844,57.22108459472656,14.29634952545166
2018-01-18,245.05816650390625,56.97051239013672,41.450138092041016,84.28836822509766,87.84243774414062,125.86000061035156,56.48516845703125,14.29634952545166
2018-01-19,246.17315673828125,57.287353515625,41.789817810058594,84.06964874267578,87.57188415527344,126.41999816894531,56.78819274902344,14.270986557006836
2018-01-22,248.17465209960938,57.58100891113281,42.03009033203125,84.03723907470703,87.49149322509766,126.6500015258789,57.307655334472656,14.304804801940918
2018-01-23,248.7014617919922,57.7664909362793,42.22893524169922,84.28026580810547,87.8716812133789,127.27999877929688,58.101314544677734,14.406258583068848
2018-01-24,248.60488891601562,57.8669548034668,42.5851936340332,84.11824035644531,87.81315612792969,128.8300018310547,57.79826736450195,14.558436393737793
2018-01-25,248.710205078125,57.64283752441406,42.560333251953125,84.30457305908203,88.25923156738281,127.97000122070312,57.6972541809082,14.473893165588379
2018-01-26,251.58984375,58.152889251708984,43.14857864379883,84.05342102050781,88.1422348022461,128.07000732421875,57.495243072509766,14.583799362182617
2018-01-29,249.92184448242188,57.61966323852539,42.494056701660156,83.84285736083984,87.90824890136719,127.3499984741211,56.72323989868164,14.541526794433594
2018-01-30,247.35836791992188,57.14052963256836,41.914100646972656,83.6484603881836,87.60845947265625,126.80000305175781,56.31201934814453,14.44007396697998
2018-01-31,247.4811553955078,57.06325149536133,42.278648376464844,83.67273712158203,87.791259765625,127.6500015258789,57.32209396362305,14.456981658935547
2018-02-01,247.20021057128906,57.22553253173828,41.70697784423828,83.24114990234375,87.40343475341797,128.07000732421875,56.088348388671875,14.600706100463867
2018-02-02,241.81871032714844,56.066341400146484,40.63820266723633,82.93281555175781,86.95624542236328,126.38999938964844,55.61216735839844,14.363983154296875
2018-02-05,231.70521545410156,53.717041015625,39.21317672729492,83.61441040039062,87.00751495361328,126.70999908447266,53.95995330810547,14.228714942932129
2018-02-06,236.27027893066406,54.7757682800293,40.48906326293945,83.24925994873047,86.83159637451172,125.37999725341797,53.96717071533203,14.144169807434082
2018-02-07,234.9885711669922,54.19617462158203,39.21317672729492,83.00586700439453,86.58963012695312,124.79000091552734,53.73630142211914,13.983538627624512
2018-02-08,226.17445373535156,52.78196334838867,37.85441970825195,83.07891845703125,86.21576690673828,124.9800033569336,52.19232177734375,13.839812278747559
2018-02-09,229.57196044921875,53.00606918334961,38.459232330322266,82.93281555175781,85.93717956542969,124.7699966430664,53.498207092285156,13.636907577514648
2018-02-12,232.94309997558594,53.8175048828125,39.06404113769531,82.90851593017578,85.93717956542969,125.37000274658203,53.519866943359375,13.721452713012695
2018-02-13,233.5224609375,53.65522766113281,39.3623046875,83.04641723632812,85.9078140258789,126.08000183105469,53.8950309753418,13.746814727783203
2018-02-14,236.67420959472656,54.60576629638672,40.34822082519531,82.54340362548828,85.59259033203125,128.22999572753906,53.50543212890625,13.958174705505371
2018-02-15,239.69412231445312,54.94579315185547,41.176734924316406,82.5677261352539,85.99585723876953,128.3800048828125,54.02488708496094,13.983538627624512
2018-02-16,239.76441955566406,55.193077087402344,41.04417037963867,82.7624740600586,86.25243377685547,127.95999908447266,54.32069778442383,14.008901596069336
2018-02-20,238.2632293701172,54.6753044128418,40.48078918457031,82.67321014404297,85.8858642578125,126.23999786376953,53.6785888671875,14.05117416381836
2018-02-21,237.0780487060547,54.41256332397461,40.44764709472656,82.42979431152344,85.4166259765625,125.66000366210938,52.618003845214844,14.034266471862793
2018-02-22,237.38525390625,54.698486328125,40.472496032714844,82.54340362548828,85.53398132324219,126.30000305175781,53.216819763183594,14.161080360412598
2018-02-23,241.1690673828125,55.13125228881836,41.193302154541016,82.85980987548828,85.92984008789062,126.13999938964844,54.06819534301758,14.25407886505127
2018-02-26,243.96949768066406,55.64902114868164,41.574405670166016,82.95716857910156,86.03981018066406,126.44999694824219,54.219696044921875,14.330168724060059
2018-02-27,240.9231719970703,54.82213592529297,40.36479949951172,82.69754791259766,85.6659164428711,125.12999725341797,52.957115173339844,14.186444282531738
2018-02-28,238.482666015625,54.30437088012695,39.78484344482422,82.89229583740234,85.82719421386719,125.0,52.92101287841797,14.034266471862793
2018-03-01,235.01498413085938,53.392459869384766,39.71027755737305,83.24900817871094,85.73898315429688,124.72000122070312,52.97152328491211,14.059625625610352
2018-03-02,236.22645568847656,53.64746856689453,39.875980377197266,82.94020080566406,85.46692657470703,125.38999938964844,52.949886322021484,14.059625625610352
2018-03-05,238.95677185058594,53.93342971801758,39.933963775634766,82.83455657958984,85.43751525878906,125.18000030517578,53.54871368408203,14.144169807434082
2018-03-06,239.56246948242188,54.25027847290039,40.30680465698242,82.82643127441406,85.51107025146484,126.52999877929688,53.80122756958008,14.19489860534668
2018-03-07,239.47471618652344,54.23481369018555,40.34822082519531,82.82643127441406,85.48169708251953,125.72000122070312,54.13311004638672,14.042718887329102
2018-03-08,240.633544921875,54.350730895996094,40.35651397705078,82.99712371826172,85.65071868896484,125.41999816894531,54.234134674072266,13.958174705505371
2018-03-09,244.82115173339844,54.698486328125,41.21815490722656,82.8183364868164,85.34933471679688,125.54000091552734,54.52994155883789,14.093443870544434
2018-03-12,244.51380920410156,54.76032257080078,41.31757736206055,83.01335144042969,85.4595947265625,125.54000091552734,54.76803207397461,14.068081855773926
2018-03-13,242.93362426757812,54.3971061706543,40.94474411010742,83.1515121459961,85.46692657470703,125.77999877929688,54.81853103637695,14.025809288024902
2018-03-14,241.68695068359375,54.52846908569336,41.011024475097656,83.31398010253906,85.65808868408203,125.69999694824219,54.86903762817383,14.025809288024902
2018-03-15,241.4236297607422,54.49755096435547,40.861900329589844,83.28152465820312,85.74633026123047,124.9000015258789,54.8546142578125,14.017354011535645
2018-03-16,241.68545532226562,54.458927154541016,40.77075958251953,83.18395233154297,85.84188842773438,124.5999984741211,55.236995697021484,14.068081855773926
2018-03-19,238.4153594970703,54.01844024658203,40.33165740966797,83.10272216796875,85.55516052246094,124.87000274658203,54.76081848144531,13.97508430480957
2018-03-20,238.82083129882812,54.01070022583008,40.77904510498047,82.94020080566406,85.2537612915039,124.30999755859375,54.57321548461914,14.068081855773926
2018-03-21,238.36245727539062,54.0957145690918,41.019317626953125,82.99712371826172,85.2022705078125,126.4800033569336,54.16919708251953,14.321714401245117
2018-03-22,232.40408325195312,53.09107208251953,39.652286529541016,83.33837890625,85.34933471679688,125.9800033569336,53.85174560546875,14.211806297302246
2018-03-23,227.4504852294922,52.503753662109375,38.848628997802734,83.45214080810547,85.07730102539062,127.61000061035156,52.892154693603516,14.33862018585205
2018-03-26,233.67327880859375,53.44656753540039,40.10795974731445,83.22463989257812,85.37874603271484,128.27999877929688,53.49391555786133,14.347074508666992
2018-03-27,229.69808959960938,53.05243682861328,39.37887191772461,83.6958999633789,85.6875228881836,127.48999786376953,53.6978874206543,14.287896156311035
2018-03-28,229.01942443847656,53.36155319213867,39.18003463745117,83.6796875,85.91539764404297,125.7300033569336,55.045616149902344,14.228714942932129
2018-03-29,231.94569396972656,53.848419189453125,40.0002555847168,83.85030364990234,86.30509185791016,125.79000091552734,54.98004150390625,14.35552978515625
2018-04-02,226.93922424316406,53.10653305053711,39.279457092285156,83.93572998046875,86.25865173339844,127.26000213623047,54.23697280883789,14.161080360412598
2018-04-03,229.84799194335938,53.44656753540039,39.66884994506836,83.6671371459961,86.03005981445312,126.30000305175781,54.69593048095703,14.237168312072754
2018-04-04,232.30711364746094,53.63203048706055,39.6854248046875,83.6183090209961,86.03005981445312,126.44999694824219,55.27145004272461,14.17798900604248
2018-04-05,234.1404571533203,53.98751449584961,39.78484344482422,83.40667724609375,86.05957794189453,125.80000305175781,55.249595642089844,14.245623588562012
2018-04-06,228.92245483398438,53.63203048706055,39.00605392456055,83.77296447753906,86.31761169433594,126.38999938964844,54.8343620300293,14.144169807434082
2018-04-09,230.05062866210938,54.0725212097168,39.0474739074707,83.78925323486328,86.36188507080078,126.81999969482422,54.65950012207031,14.321714401245117
2018-04-10,233.70855712890625,54.652122497558594,39.809696197509766,83.64273834228516,86.38400268554688,127.12000274658203,54.60123825073242,14.566888809204102
2018-04-11,232.48336791992188,54.44346237182617,39.826263427734375,83.72415161132812,86.4429702758789,128.11000061035156,54.717803955078125,14.676797866821289
2018-04-12,234.39601135253906,54.652122497558594,39.809696197509766,83.42298889160156,86.20702362060547,126.62000274658203,54.10585021972656,14.617616653442383
2018-04-13,233.70855712890625,54.706214904785156,39.41200637817383,83.4962387084961,86.23652648925781,127.44999694824219,54.38998031616211,14.626069068908691
2018-04-16,235.630126953125,54.79122543334961,39.461727142333984,83.45552062988281,86.24390411376953,127.62999725341797,54.72507858276367,14.57534408569336
2018-04-17,238.1509552001953,55.03853225708008,39.54457092285156,83.50439453125,86.25129699707031,127.75,55.366153717041016,14.583799362182617
2018-04-18,238.32723999023438,55.32444763183594,39.884254455566406,83.17881774902344,85.80886840820312,127.8499984741211,55.249595642089844,14.854339599609375
2018-04-19,237.0050811767578,55.11580276489258,39.652286529541016,82.9509048461914,85.48448181152344,127.5999984741211,54.448246002197266,14.795157432556152
2018-04-20,234.99537658691406,54.90715026855469,39.15517044067383,82.67414855957031,85.13790893554688,126.62999725341797,53.9455680847168,14.769795417785645
2018-04-23,234.96017456054688,54.83760070800781,38.8403434753418,82.59273529052734,85.1010513305664,125.62000274658203,53.901859283447266,14.761338233947754
2018-04-24,231.79583740234375,54.61347961425781,38.65807342529297,82.49504852294922,84.8503646850586,126.2300033569336,54.10585021972656,14.685251235961914
2018-04-25,232.36886596679688,54.520748138427734,38.35981750488281,82.31602478027344,84.5849380493164,125.41000366210938,54.00386428833008,14.710612297058105
2018-04-26,234.7310333251953,54.79122543334961,38.91490936279297,82.55201721191406,84.83560180664062,124.97000122070312,54.71050262451172,14.786703109741211
2018-04-27,234.95140075683594,54.8453254699707,39.15517044067383,82.6904067993164,85.02730560302734,125.5,55.650264739990234,14.778249740600586
2018-04-30,233.14451599121094,54.66758346557617,38.87348556518555,82.77993774414062,84.95357513427734,124.58999633789062,55.43171310424805,14.8458833694458
2018-05-01,233.5587615966797,54.47437286376953,38.68292999267578,82.6502685546875,84.72364044189453,123.70999908447266,55.93438720703125,14.761338233947754
2018-05-02,231.98980712890625,54.451194763183594,38.37638473510742,82.6666030883789,84.65709686279297,123.6500015258789,55.73040008544922,14.761338233947754
2018-05-03,231.4785614013672,54.6212158203125,38.29352569580078,82.87858581542969,84.67189025878906,124.27999877929688,55.69396209716797,14.854339599609375
2018-05-04,234.47543334960938,54.814414978027344,38.46752166748047,82.88678741455078,84.79016876220703,124.54000091552734,56.30591583251953,14.955790519714355
2018-05-07,235.26873779296875,54.82213592529297,38.24381637573242,82.84597778320312,84.69402313232422,124.56999969482422,56.68473815917969,14.947338104248047
2018-05-08,235.26873779296875,54.829856872558594,38.459232330322266,82.70732879638672,84.66447448730469,124.58999633789062,56.400634765625,14.989609718322754
2018-05-09,237.54281616210938,54.96125411987305,38.533790588378906,82.51980590820312,84.64962768554688,124.33000183105469,56.77944564819336,15.124876976013184
2018-05-10,239.76388549804688,55.31673049926758,39.33743667602539,82.69104766845703,85.07852172851562,125.18000030517578,57.22383499145508,15.200966835021973
2018-05-11,240.49545288085938,55.46356201171875,39.27116394042969,82.69921875,85.22648620605469,125.0,57.02714157104492,15.107972145080566
2018-05-14,240.61007690429688,55.564029693603516,39.32087326049805,82.51980590820312,85.07113647460938,124.48999786376953,56.53907012939453,15.217876434326172
2018-05-15,238.95306396484375,55.16215896606445,38.50894546508789,82.06309509277344,84.42784118652344,122.4800033569336,55.621150970458984,15.234785079956055
2018-05-16,239.9578399658203,55.23945236206055,39.088897705078125,81.8918685913086,84.31694793701172,122.29000091552734,55.45356369018555,15.319331169128418
2018-05-17,239.75511169433594,55.32444763183594,38.49237060546875,81.84294128417969,84.15425872802734,122.36000061035156,55.1767463684082,15.336236953735352
2018-05-18,239.15577697753906,55.12352752685547,38.169254302978516,82.16097259521484,84.5018081665039,122.41000366210938,55.249595642089844,15.344691276550293
2018-05-21,240.9538116455078,55.47127914428711,38.40123748779297,82.21804809570312,84.55354309082031,122.4800033569336,55.905250549316406,15.463055610656738
2018-05-22,240.28399658203125,55.4017333984375,38.533790588378906,82.18546295166016,84.46479797363281,122.41000366210938,55.985374450683594,15.479962348937988
2018-05-23,240.94496154785156,54.79122543334961,38.51721954345703,82.56060028076172,84.82715606689453,122.54000091552734,56.546329498291016,15.564506530761719
2018-05-24,240.45143127441406,54.6212158203125,38.310096740722656,82.77262115478516,85.06375122070312,123.58999633789062,56.429779052734375,15.463055610656738
2018-05-25,239.87847900390625,54.26572036743164,38.46752166748047,83.09878540039062,85.31517791748047,123.20999908447266,56.626468658447266,15.234785079956055
2018-05-29,237.1197509765625,53.1606330871582,37.572731018066406,83.99584197998047,85.76618957519531,123.19000244140625,56.895999908447266,15.091059684753418
2018-05-30,240.28399658203125,53.97205352783203,37.870994567871094,83.63702392578125,85.43348693847656,123.37000274658203,57.66823959350586,15.285512924194336
2018-05-31,238.81201171875,53.63203048706055,37.85441970825195,83.59625244140625,85.39647674560547,123.0999984741211,57.47153091430664,15.243242263793945
2018-06-01,241.15660095214844,54.0957145690918,38.384666442871094,83.28736877441406,85.2325668334961,122.48999786376953,57.726505279541016,15.1417875289917
2018-06-04,242.30239868164062,54.257991790771484,38.774070739746094,82.99321746826172,85.03974151611328,122.37000274658203,58.229183197021484,14.964245796203613
2018-06-05,242.478759765625,54.1729850769043,38.47579574584961,83.20569610595703,85.09906005859375,122.8499984741211,58.07619857788086,14.989609718322754
2018-06-06,244.50595092773438,54.65985870361328,39.05575180053711,82.87060546875,84.78752899169922,122.91999816894531,58.214599609375,15.04033374786377
2018-06-07,244.47947692871094,54.350730895996094,38.459232330322266,83.2220230102539,85.06942749023438,122.86000061035156,58.214599609375,15.099517822265625
2018-06-08,245.2022705078125,54.41256332397461,38.384666442871094,83.10762023925781,84.92845916748047,123.01000213623047,58.425865173339844,15.091059684753418
2018-06-11,245.52845764160156,54.76032257080078,38.384666442871094,83.02587127685547,84.84690856933594,123.2300033569336,58.338436126708984,15.082608222961426
2018-06-12,245.84573364257812,54.41256332397461,38.28524398803711,82.97688293457031,84.85429382324219,122.81999969482422,58.688106536865234,15.074152946472168
2018-06-13,245.0612030029297,54.489830017089844,38.02841567993164,82.87882232666016,84.7726821899414,123.19000244140625,57.54435348510742,15.133333206176758
2018-06-14,245.67820739746094,54.37392044067383,37.771568298339844,83.14030456542969,85.1584243774414,123.37999725341797,58.090755462646484,14.964245796203613
2018-06-15,245.3648681640625,54.0957145690918,37.47331237792969,83.20569610595703,85.03974151611328,121.33999633789062,58.05432891845703,14.600706100463867
2018-06-18,244.8601531982422,53.709312438964844,37.01762771606445,83.24652862548828,84.95069122314453,121.11000061035156,58.07051467895508,14.727522850036621
2018-06-19,243.92169189453125,53.21591567993164,36.60902404785156,83.46715545654297,84.9952163696289,120.80000305175781,58.011680603027344,14.57534408569336
2018-06-20,244.33779907226562,53.255340576171875,36.767459869384766,83.19751739501953,84.5205307006836,120.26000213623047,58.65869903564453,14.558436393737793
2018-06-21,242.80606079101562,52.87702941894531,36.250423431396484,83.41812896728516,84.45377349853516,120.05000305175781,58.93810272216797,14.448529243469238
2018-06-22,243.24876403808594,53.43661880493164,36.62568283081055,83.43447875976562,84.5575942993164,120.33999633789062,59.40132141113281,14.735977172851562
2018-06-25,239.93743896484375,52.69574737548828,36.13368225097656,83.5488510131836,84.47602081298828,119.88999938964844,59.246910095214844,14.566888809204102
2018-06-26,240.46873474121094,52.79032897949219,35.991905212402344,83.58969116210938,84.75785827636719,119.26000213623047,59.43809127807617,14.710612297058105
2018-06-27,238.4766387939453,52.293785095214844,35.29976272583008,83.90839385986328,85.04721069335938,118.58000183105469,59.21015167236328,14.786703109741211
2018-06-28,239.84014892578125,52.49082946777344,35.5999755859375,83.82669830322266,84.9359130859375,118.22000122070312,59.73955535888672,14.778249740600586
2018-06-29,240.18539428710938,52.78243637084961,36.13368225097656,83.76132202148438,84.9803695678711,118.6500015258789,59.88656997680664,14.947338104248047
2018-07-02,240.6988525390625,52.30167770385742,35.77509689331055,83.70397186279297,84.99151611328125,117.45999908447266,59.555721282958984,14.634523391723633
2018-07-03,239.8489532470703,52.45930480957031,35.800113677978516,83.91685485839844,85.3040542602539,118.6500015258789,60.00422286987305,14.617616653442383
2018-07-05,241.8055877685547,52.9794807434082,35.70838165283203,83.92501831054688,85.57189178466797,119.05000305175781,60.717445373535156,14.702159881591797
2018-07-06,243.85093688964844,53.26322555541992,36.20038604736328,83.99868774414062,85.69090270996094,118.86000061035156,61.040916442871094,14.769795417785645
2018-07-09,246.04649353027344,53.77552032470703,36.85084915161133,83.78584289550781,85.75043487548828,119.1500015258789,60.5556755065918,14.8458833694458
2018-07-10,246.9319610595703,53.751869201660156,36.767459869384766,83.72038269042969,85.6537094116211,118.93000030517578,60.680660247802734,14.812067985534668
2018-07-11,245.12574768066406,52.853389739990234,36.0502815246582,83.89228057861328,85.8248062133789,117.63999938964844,60.48215103149414,14.29634952545166
2018-07-12,247.3480987548828,53.26322555541992,36.54229736328125,83.85954284667969,86.01079559326172,118.12999725341797,60.665958404541016,14.37243938446045
2018-07-13,247.54286193847656,53.428733825683594,36.56731414794922,83.99868774414062,86.07774353027344,117.61000061035156,60.48215103149414,14.397804260253906
2018-07-16,247.32156372070312,53.40509033203125,36.36717987060547,83.85954284667969,85.93640899658203,117.55000305175781,60.15861129760742,14.093443870544434
2018-07-17,248.322021484375,53.49965286254883,36.634037017822266,83.81041717529297,85.87689208984375,116.27999877929688,59.761592864990234,14.110353469848633
2018-07-18,248.84434509277344,53.50754165649414,36.59232711791992,83.74492645263672,85.86200714111328,116.30999755859375,59.49690246582031,14.237168312072754
2018-07-19,247.90586853027344,53.39719772338867,36.14201736450195,83.97412872314453,85.99589538574219,115.80999755859375,60.195396423339844,14.220259666442871
2018-07-20,247.6225128173828,53.649417877197266,36.659053802490234,83.67947387695312,85.74299621582031,116.55999755859375,59.614540100097656,14.321714401245117
2018-07-23,248.08291625976562,53.649417877197266,36.41720962524414,83.27012634277344,85.4007568359375,116.0,59.48955154418945,14.37243938446045
2018-07-24,249.33128356933594,53.96467590332031,36.950923919677734,83.32745361328125,85.6685791015625,116.04000091552734,59.188079833984375,14.448529243469238
2018-07-25,251.4562530517578,54.36663055419922,37.551334381103516,83.27012634277344,85.78015899658203,116.68000030517578,59.658660888671875,14.642979621887207
2018-07-26,250.86302185058594,54.12229537963867,37.134376525878906,83.1800765991211,85.86200714111328,115.7699966430664,59.857173919677734,14.642979621887207
2018-07-27,249.1631317138672,54.224769592285156,37.26780700683594,83.31104278564453,85.9736328125,115.83000183105469,59.21748733520508,14.583799362182617
2018-07-30,247.86158752441406,54.21688461303711,37.20943069458008,83.20464324951172,85.85458374023438,115.6500015258789,59.25425720214844,14.668344497680664
2018-07-31,249.08349609375,54.28780746459961,37.40956497192383,83.3192367553711,86.12238311767578,115.98999786376953,60.246864318847656,14.583799362182617
2018-08-01,248.6673126220703,54.011962890625,37.07600021362305,83.12239074707031,85.81868743896484,115.13999938964844,60.67331314086914,14.37243938446045
2018-08-02,250.02191162109375,53.65729522705078,36.58399963378906,83.22078704833984,85.92314147949219,114.5199966430664,60.4306640625,14.456981658935547
2018-08-03,251.09327697753906,53.68882369995117,36.867530822753906,83.43409729003906,86.19178771972656,114.91999816894531,61.08506393432617,14.507708549499512
2018-08-06,252.0140380859375,53.460262298583984,36.58399963378906,83.4751205444336,86.27389526367188,114.33000183105469,61.004173278808594,14.533073425292969
2018-08-07,252.84629821777344,53.87798309326172,36.95925521850586,83.30280303955078,86.00527954101562,114.58999633789062,60.89387512207031,14.642979621887207
2018-08-08,252.74009704589844,53.830684661865234,36.909217834472656,83.37666320800781,85.87091827392578,114.91000366210938,60.54096221923828,14.465437889099121
2018-08-09,252.39468383789062,53.67306137084961,36.80080795288086,83.60635375976562,85.9380874633789,114.73999786376953,60.57038116455078,14.406258583068848
2018-08-10,250.7037353515625,52.601173400878906,36.01692581176758,83.96721649169922,86.0798110961914,114.69000244140625,60.1071662902832,14.406258583068848
2018-08-13,249.7651824951172,52.412017822265625,35.42484664916992,83.942626953125,86.05747985839844,112.95999908447266,59.9895133972168,14.330168724060059
2018-08-14,251.3588409423828,52.40413284301758,35.641658782958984,83.86060333251953,86.1694107055664,113.06999969482422,60.283634185791016,14.35552978515625
2018-08-15,249.48179626464844,51.64751052856445,34.61594009399414,84.0656509399414,86.34847259521484,111.19000244140625,60.7468376159668,14.042718887329102
2018-08-16,251.50051879882812,52.01005554199219,34.832759857177734,84.04104614257812,86.46041107177734,111.0999984741211,61.23945999145508,14.15262508392334
2018-08-17,252.38587951660156,52.31743621826172,35.19969177246094,84.07389831542969,86.5350341796875,112.12999725341797,61.805606842041016,14.211806297302246
2018-08-20,252.9259490966797,52.601173400878906,35.35812759399414,84.33636474609375,86.75890350341797,112.69000244140625,61.84971618652344,14.237168312072754
2018-08-21,253.51919555664062,52.92431640625,35.808448791503906,84.22150421142578,86.54248809814453,113.0199966430664,61.47474670410156,14.262533187866211
2018-08-22,253.36862182617188,53.12923049926758,36.09197998046875,84.37735748291016,86.5350341796875,113.2699966430664,61.129154205322266,14.465437889099121
2018-08-23,253.03221130371094,52.75092697143555,35.50823211669922,84.369140625,86.56485748291016,112.19999694824219,60.974769592285156,14.44007396697998
2018-08-24,254.55502319335938,53.05829620361328,36.16703414916992,84.39376068115234,86.73651123046875,114.16000366210938,61.33506393432617,14.549981117248535
2018-08-27,256.56488037109375,53.76763153076172,36.68407440185547,84.2050552368164,86.60216522216797,114.58999633789062,61.114463806152344,14.600706100463867
2018-08-28,256.68878173828125,53.72035217285156,36.55064392089844,84.01646423339844,86.27389526367188,113.68000030517578,61.93794250488281,14.541526794433594
2018-08-29,258.0700378417969,54.011962890625,36.77579116821289,83.9917984008789,86.18433380126953,114.19999694824219,61.95265197753906,14.702159881591797
2018-08-30,257.0252685546875,53.49965286254883,35.81679153442383,84.14769744873047,86.26641845703125,113.63999938964844,61.55561828613281,14.676797866821289
2018-08-31,257.0340576171875,53.074058532714844,36.000247955322266,84.16410827636719,86.13956451416016,113.51000213623047,61.798255920410156,14.693703651428223
2018-09-04,256.59136962890625,52.624820709228516,35.29976272583008,83.97178649902344,85.98089599609375,112.93000030517578,61.06299591064453,14.609162330627441
2018-09-05,255.9008026123047,52.14404296875,34.79106903076172,83.96353149414062,85.92848205566406,113.31999969482422,61.41590881347656,14.549981117248535
2018-09-06,255.13052368164062,51.98641586303711,34.82442092895508,84.13616943359375,86.1679916381836,113.54000091552734,61.59238052368164,14.465437889099121
2018-09-07,254.63473510742188,51.568695068359375,34.64930725097656,83.75807189941406,85.8087387084961,113.2300033569336,60.92330551147461,14.499256134033203
2018-09-10,255.07742309570312,51.88395309448242,34.307403564453125,83.80741119384766,86.09312438964844,113.1500015258789,61.19535446166992,14.549981117248535
2018-09-11,255.91845703125,51.93124771118164,34.382442474365234,83.50326538085938,85.8985595703125,113.22000122070312,61.18798065185547,14.693703651428223
2018-09-12,255.98048400878906,52.15192794799805,34.55756759643555,83.60193634033203,86.07071685791016,114.16999816894531,61.2173957824707,14.795157432556152
2018-09-13,257.4945373535156,52.53813171386719,35.02457046508789,83.59369659423828,86.25031280517578,113.76000213623047,61.51885986328125,14.634523391723633
2018-09-14,257.5387878417969,52.616943359375,34.99121856689453,83.43755340576172,86.14557647705078,113.0199966430664,61.129154205322266,14.541526794433594
2018-09-17,256.17529296875,52.66423034667969,34.67432403564453,83.45399475097656,86.09312438964844,113.61000061035156,61.32768630981445,14.524619102478027
2018-09-18,257.5653076171875,53.21591567993164,35.00788497924805,83.10881805419922,85.74137878417969,113.44000244140625,61.03357696533203,14.65988826751709
2018-09-19,257.8396911621094,53.40509033203125,35.49155807495117,82.96910858154297,85.6141586303711,113.87999725341797,60.32038497924805,14.752887725830078
2018-09-20,259.9293518066406,54.0671272277832,35.883506774902344,82.97727966308594,85.83869171142578,114.2699966430664,60.886539459228516,14.752887725830078
2018-09-21,259.6917724609375,54.09077072143555,36.0502815246582,83.01017761230469,85.85363006591797,113.48999786376953,60.86448287963867,14.786703109741211
2018-09-24,258.8291931152344,53.84645080566406,35.641658782958984,82.91975402832031,85.65904998779297,113.47000122070312,59.7714958190918,15.006516456604004
2018-09-25,258.58892822265625,54.11442184448242,35.78343963623047,82.83758544921875,85.65904998779297,113.6500015258789,59.77895736694336,15.04033374786377
2018-09-26,257.81524658203125,54.1380615234375,35.858489990234375,83.10881805419922,85.9659194946289,113.05000305175781,59.06321334838867,14.972699165344238
2018-09-27,258.5356750488281,54.02772903442383,36.033607482910156,83.10881805419922,86.07817840576172,112.05000305175781,59.346527099609375,15.04033374786377
2018-09-28,258.5621643066406,53.58635711669922,35.79176712036133,83.14990234375,86.01831817626953,112.76000213623047,60.151702880859375,15.192512512207031
2018-10-01,259.4606018066406,53.649417877197266,35.800113677978516,82.93905639648438,85.89968872070312,112.56999969482422,59.59256362915039,15.479962348937988
2018-10-02,259.3094482421875,53.373558044433594,35.349788665771484,83.1531753540039,85.97478485107422,113.87000274658203,59.45834732055664,15.53069019317627
2018-10-03,259.45172119140625,53.27898406982422,35.05792236328125,82.53551483154297,85.47174835205078,113.41999816894531,58.824642181396484,15.674412727355957
2018-10-04,257.4239501953125,52.656341552734375,34.182315826416016,82.32140350341797,85.1189193725586,113.4800033569336,58.33256530761719,15.505324363708496
2018-10-05,255.98312377929688,52.341087341308594,34.05721664428711,82.12377166748047,84.78860473632812,113.80000305175781,58.302711486816406,15.471508026123047
2018-10-08,255.98312377929688,52.0888786315918,34.10726547241211,82.15673065185547,84.69851684570312,112.54000091552734,59.14521408081055,15.429237365722656
2018-10-09,255.6095428466797,51.954891204833984,33.9821662902832,82.31316375732422,84.93873596191406,112.5999984741211,59.227237701416016,15.539144515991211
2018-10-10,247.51612854003906,50.85147476196289,32.973121643066406,82.3543472290039,84.70601654052734,112.87999725341797,58.34749221801758,15.234785079956055
2018-10-11,242.06427001953125,50.14213562011719,32.63956069946289,82.69197082519531,85.05887603759766,115.77999877929688,56.67741012573242,15.006516456604004
2018-10-12,245.42608642578125,50.32341766357422,33.59856414794922,82.59317016601562,85.07384490966797,115.2300033569336,56.52831268310547,15.124876976013184
2018-10-15,244.04754638671875,50.20518493652344,33.2399787902832,82.6425552368164,84.91622161865234,116.0,56.90852355957031,15.158698081970215
2018-10-16,249.38381958007812,51.06428527832031,34.07389831542969,82.63436889648438,85.13392639160156,115.80000305175781,58.079071044921875,15.226330757141113
2018-10-17,249.42825317382812,50.77265930175781,33.65694808959961,82.39554595947266,84.7135009765625,115.79000091552734,57.855403900146484,15.091059684753418
2018-10-18,245.82632446289062,49.95298767089844,32.77298355102539,82.54376983642578,84.7135009765625,115.91999816894531,57.743560791015625,14.92197322845459
2018-10-19,245.69293212890625,50.23672866821289,33.0815315246582,82.4449462890625,84.60843658447266,116.01000213623047,58.24311828613281,15.006516456604004
2018-10-22,244.59010314941406,50.01603317260742,33.44012451171875,82.46138000488281,84.50326538085938,115.70999908447266,57.43042755126953,15.023427963256836
2018-10-23,243.34494018554688,49.54314422607422,33.073204040527344,82.67552947998047,84.62342834472656,116.38999938964844,57.68391418457031,14.693703651428223
2018-10-24,235.97190856933594,48.14024353027344,32.00577926635742,83.12028503417969,84.74356842041016,116.66000366210938,58.22816848754883,14.592254638671875
2018-10-25,240.2053985595703,48.74711227416992,32.62288284301758,82.92257690429688,84.6384506225586,116.4000015258789,58.97373962402344,14.651434898376465
2018-10-26,235.98080444335938,48.41608810424805,32.247623443603516,83.29320526123047,84.78108978271484,116.7699966430664,57.55718231201172,14.761338233947754
2018-10-29,234.67333984375,48.28211212158203,31.688892364501953,83.2849349975586,84.68348693847656,116.30999755859375,58.287818908691406,14.609162330627441
2018-10-30,238.1509552001953,48.86533737182617,32.30599594116211,83.10377502441406,84.49581909179688,115.80000305175781,59.085575103759766,14.533073425292969
2018-10-31,240.69451904296875,49.22789764404297,32.65624237060547,82.89789581298828,84.25559997558594,115.1500015258789,58.39219284057617,14.33862018585205
2018-11-01,243.2559814453125,49.85840606689453,33.82372283935547,82.9688720703125,84.51092529296875,116.62999725341797,58.66807556152344,14.237168312072754
2018-11-02,241.81515502929688,49.92934036254883,34.04054260253906,82.50670623779297,84.17198181152344,116.6500015258789,58.18345260620117,14.203351020812988
2018-11-05,243.14927673339844,49.92934036254883,34.13227462768555,82.55619049072266,84.3226318359375,116.37000274658203,59.04827880859375,14.19489860534668
2018-11-06,244.68795776367188,50.13426208496094,34.07389831542969,82.4654312133789,84.46569061279297,116.04000091552734,59.346527099609375,14.13571548461914
2018-11-07,249.92637634277344,50.8041877746582,34.71602249145508,82.4654312133789,84.68414306640625,116.02999877929688,60.054805755615234,14.101899147033691
2018-11-08,249.4727783203125,50.30765151977539,33.81539535522461,82.34989166259766,84.43560791015625,115.77999877929688,60.09953308105469,14.017354011535645
2018-11-09,247.03585815429688,49.97663497924805,33.189945220947266,82.67172241210938,84.49586486816406,114.4800033569336,60.09208679199219,13.865177154541016
2018-11-12,242.4199676513672,49.156944274902344,32.72295379638672,82.91931915283203,84.4883041381836,113.66000366210938,60.21135330200195,13.831360816955566
2018-11-13,241.96633911132812,49.36975860595703,33.09821701049805,82.98534393310547,84.37533569335938,113.69999694824219,60.151702880859375,13.450911521911621
2018-11-14,240.3120880126953,49.40916061401367,33.29835510253906,83.15869903564453,84.1493911743164,114.63999938964844,60.00262451171875,13.5692720413208
2018-11-15,242.82017517089844,49.56678771972656,34.04054260253906,83.21644592285156,83.99117279052734,114.7699966430664,59.59256362915039,13.54391098022461
2018-11-16,243.45167541503906,49.62196350097656,34.10726547241211,83.4723129272461,84.15692901611328,115.62000274658203,60.23374557495117,13.62845516204834
2018-11-19,239.33377075195312,49.1884765625,33.648597717285156,83.59611511230469,84.07405090332031,115.66999816894531,60.31574630737305,13.62845516204834
2018-11-20,234.9046173095703,48.3372802734375,32.923095703125,83.57957458496094,83.87068939208984,115.66999816894531,59.69694519042969,13.214189529418945
2018-11-21,235.70509338378906,49.015079498291016,33.53184509277344,83.56307983398438,84.05148315429688,115.86000061035156,59.749114990234375,13.3240966796875
2018-11-23,234.13092041015625,48.69194412231445,33.13990783691406,83.61259460449219,84.08911895751953,115.7699966430664,59.62982940673828,12.935195922851562
2018-11-26,237.9107208251953,49.4249267578125,33.54853820800781,83.54657745361328,84.12678527832031,115.63999938964844,59.741668701171875,12.994376182556152
2018-11-27,238.7112579345703,49.23577117919922,33.78202438354492,83.62911224365234,84.0213394165039,114.94999694824219,59.995155334472656,12.943649291992188
2018-11-28,244.20762634277344,49.937225341796875,34.59092712402344,83.62083435058594,84.24732208251953,115.37999725341797,60.53195571899414,12.90137767791748
2018-11-29,243.6740264892578,49.68501281738281,34.29072189331055,83.8354263305664,84.00626373291016,115.73999786376953,60.54685974121094,12.985921859741211
2018-11-30,245.15928649902344,49.472206115722656,34.25736999511719,84.00050354003906,83.95358276367188,115.54000091552734,61.1209602355957,12.926740646362305
2018-12-03,248.40554809570312,50.126373291015625,34.94952392578125,84.18412780761719,84.2656021118164,116.41000366210938,61.448997497558594,13.222644805908203
2018-12-04,240.3565216064453,48.825927734375,34.20733642578125,84.57283020019531,84.2807388305664,117.12000274658203,60.53940200805664,13.231097221374512
2018-12-06,239.99191284179688,48.368797302246094,33.890438079833984,84.7878646850586,84.53761291503906,117.13999938964844,62.03797149658203,13.12119197845459
2018-12-07,234.41546630859375,47.88014602661133,33.256656646728516,85.03592681884766,84.54520416259766,118.08999633789062,61.225318908691406,13.273369789123535
2018-12-10,234.86019897460938,47.50971984863281,32.90641784667969,85.08556365966797,84.8021240234375,117.68000030517578,60.83017349243164,13.062010765075684
2018-12-11,234.9134979248047,47.65946578979492,33.156585693359375,84.87057495117188,84.95318603515625,117.54000091552734,60.860023498535156,13.138099670410156
2018-12-12,236.09642028808594,48.360923767089844,33.698631286621094,84.63898468017578,85.04388427734375,117.79000091552734,59.920589447021484,13.09582805633545
2018-12-13,236.01637268066406,48.27422332763672,33.69029998779297,84.6885986328125,85.27054595947266,117.52999877929688,60.26689529418945,13.264915466308594
2018-12-14,231.6583709716797,47.65158462524414,33.214969635009766,84.82093048095703,85.17984771728516,117.05999755859375,60.09337615966797,13.062010765075684
2018-12-17,227.11361694335938,47.27327346801758,32.90641784667969,85.06903839111328,85.27054595947266,117.87000274658203,57.82998275756836,12.909832000732422
2018-12-18,226.8646240234375,47.31150817871094,33.129878997802734,85.2787094116211,85.57527160644531,118.1500015258789,58.42599105834961,12.639291763305664
2018-12-19,223.4671173095703,46.85743713378906,32.57968521118164,85.57707977294922,85.50704956054688,117.43000030517578,57.78468322753906,12.690018653869629
2018-12-20,219.82958984375,46.6662483215332,32.8336181640625,85.46932983398438,85.2265853881836,119.23999786376953,56.91706466674805,12.571656227111816
2018-12-21,215.32530212402344,45.85368728637695,32.60508346557617,85.54389953613281,85.14321899414062,118.72000122070312,56.124855041503906,12.461749076843262
2018-12-24,209.6357879638672,45.319950103759766,32.300357818603516,85.75939178466797,84.94611358642578,120.0199966430664,54.125526428222656,12.323866844177246
2018-12-26,220.2276611328125,46.37149429321289,32.94365692138672,85.3532943725586,84.87791442871094,119.66000366210938,55.93625259399414,12.597921371459961
2018-12-27,221.91839599609375,46.506919860839844,32.90134048461914,85.56876373291016,84.87791442871094,120.56999969482422,55.9287109375,12.478022575378418
2018-12-28,221.632080078125,46.75387191772461,33.21451950073242,86.0328598022461,85.2796630859375,121.05999755859375,56.10977554321289,12.375251770019531
2018-12-31,223.57337951660156,46.82556915283203,33.062164306640625,86.35603332519531,85.5146255493164,121.25,56.260677337646484,12.40950870513916
2019-01-02,223.8059844970703,46.729976654052734,33.14680862426758,86.53839111328125,85.77992248535156,121.33000183105469,55.03843307495117,12.443764686584473
2019-01-03,218.46531677246094,46.307762145996094,32.54582977294922,87.22625732421875,85.81779479980469,122.43000030517578,55.4232177734375,12.54653549194336
2019-01-04,225.78297424316406,47.72575378417969,33.595420837402344,86.5218276977539,85.76477813720703,121.44000244140625,56.07206344604492,12.717820167541504
2019-01-07,227.56320190429688,47.90898513793945,33.671600341796875,86.28150177001953,85.77234649658203,121.86000061035156,56.622840881347656,12.81202507019043
2019-01-08,229.7012481689453,48.219661712646484,33.79856872558594,86.06600189208984,85.96183776855469,121.52999877929688,57.792236328125,12.940488815307617
2019-01-09,230.77474975585938,48.76136779785156,34.399539947509766,86.11573028564453,86.2877426147461,122.30999755859375,57.70924758911133,13.19741439819336
2019-01-10,231.58880615234375,48.952552795410156,34.64501190185547,86.07431030273438,86.06037139892578,121.58999633789062,58.493892669677734,13.16315746307373
2019-01-11,231.67823791503906,48.617977142333984,34.47572326660156,86.33120727539062,86.21955871582031,121.80000305175781,58.659881591796875,13.120335578918457
2019-01-14,230.2648162841797,48.394920349121094,34.18793487548828,86.28150177001953,85.99215698242188,122.08999633789062,58.46372604370117,13.009000778198242
2019-01-15,232.90383911132812,48.64983367919922,34.4249382019043,86.19866180419922,86.045166015625,121.87999725341797,59.02199935913086,13.111771583557129
2019-01-16,233.46749877929688,48.78525924682617,34.84815979003906,86.1489028930664,86.21195220947266,122.2699966430664,59.436981201171875,13.180286407470703
2019-01-17,235.2386474609375,48.96052551269531,35.00051498413086,85.99141693115234,86.38628387451172,122.11000061035156,59.72367477416992,13.188849449157715
2019-01-18,238.36976623535156,49.45442581176758,35.1698112487793,85.71796417236328,86.53785705566406,121.0199966430664,59.92739486694336,13.325878143310547
2019-01-22,235.1492156982422,48.689659118652344,34.56037139892578,86.01628875732422,86.68189239501953,121.44999694824219,59.74633026123047,13.231670379638672
2019-01-23,235.64126586914062,48.912723541259766,34.91586685180664,85.97488403320312,86.90170288085938,121.27999877929688,59.75384521484375,13.214542388916016
2019-01-24,235.7664794921875,48.96849060058594,35.25444793701172,86.24836730957031,87.1291275024414,121.08999633789062,59.95758056640625,13.248799324035645
2019-01-25,237.76141357421875,49.526119232177734,35.71999740600586,86.04944610595703,87.20490264892578,122.86000061035156,60.704490661621094,13.317313194274902
2019-01-28,235.9543914794922,49.255271911621094,35.347557067871094,86.07431030273438,87.1897201538086,123.29000091552734,61.300540924072266,13.137465476989746
2019-01-29,235.64126586914062,49.36680603027344,35.40681457519531,86.32295227050781,87.37923431396484,123.9800033569336,61.78337097167969,13.265928268432617
2019-01-30,239.37158203125,49.908504486083984,36.17707443237305,86.5218276977539,87.7809829711914,124.69000244140625,62.28131866455078,13.36013412475586
2019-01-31,241.47386169433594,49.932411193847656,36.48179626464844,86.91961669921875,88.39492797851562,124.75,62.93016815185547,13.291620254516602
2019-02-01,241.59019470214844,49.91647720336914,36.19401168823242,86.45458984375,88.18431091308594,124.5,62.530296325683594,13.411519050598145
2019-02-04,243.28988647460938,50.099693298339844,36.253257751464844,86.26354217529297,88.06267547607422,123.95999908447266,62.99807357788086,13.420083999633789
2019-02-05,244.309814453125,50.49003982543945,36.752662658691406,86.41304016113281,88.42002868652344,124.27999877929688,63.36021041870117,13.36013412475586
2019-02-06,243.9876708984375,50.23512649536133,36.253257751464844,86.4794921875,88.25276947021484,123.44000244140625,62.945255279541016,13.377262115478516
2019-02-07,241.6617431640625,49.565956115722656,35.889286041259766,86.76185607910156,88.23751831054688,123.73999786376953,63.46585464477539,13.248799324035645
2019-02-08,241.95692443847656,49.40663528442383,35.68614196777344,86.87814331054688,88.45804595947266,124.20999908447266,63.46585464477539,13.265928268432617
2019-02-11,242.09117126464844,49.35883331298828,35.5676383972168,86.7452392578125,88.2603530883789,123.5999984741211,63.63937759399414,13.188849449157715
2019-02-12,245.2042999267578,49.932411193847656,35.863887786865234,86.62899017333984,88.38199615478516,123.86000061035156,63.239501953125,13.265928268432617
2019-02-13,246.00047302246094,49.940372467041016,35.609962463378906,86.41304016113281,88.1539077758789,123.37000274658203,63.56393051147461,13.343005180358887
2019-02-14,245.4547882080078,49.95630645751953,35.67767333984375,86.81999969482422,88.25276947021484,124.05999755859375,63.76762771606445,13.377262115478516
2019-02-15,248.12965393066406,50.68122482299805,35.626895904541016,86.73693084716797,88.35921478271484,124.80000305175781,64.19766235351562,13.62562370300293
2019-02-19,248.5589599609375,50.87242126464844,35.90621566772461,86.88643646240234,88.41242218017578,126.69999694824219,64.1825942993164,13.659879684448242
2019-02-20,249.05992126464844,51.01581954956055,36.109371185302734,86.86981201171875,88.33637237548828,126.4800033569336,63.78273010253906,13.702701568603516
2019-02-21,248.17433166503906,50.91224670410156,36.0331916809082,86.61235046386719,88.08548736572266,125.05000305175781,63.84309005737305,13.745521545410156
2019-02-22,249.71295166015625,51.07954788208008,36.4310188293457,86.86981201171875,88.48084259033203,125.5,64.22030639648438,13.779778480529785
2019-02-25,250.05288696289062,51.230899810791016,36.83731460571289,86.73693084716797,88.450439453125,125.37000274658203,63.71482467651367,13.574238777160645
2019-02-26,249.8740234375,51.47785568237305,36.7103385925293,86.99439239501953,88.5872573852539,125.58000183105469,63.51865005493164,13.634187698364258
2019-02-27,249.76673889160156,51.27073287963867,36.397159576416016,86.68708038330078,88.33637237548828,124.69000244140625,63.2017707824707,13.702701568603516
2019-02-28,249.30140686035156,51.19903564453125,35.92314910888672,86.462890625,88.21472930908203,123.98999786376953,63.36775207519531,13.668445587158203
2019-03-01,250.85809326171875,51.47785568237305,35.96546936035156,86.17912292480469,88.0606689453125,121.87999725341797,63.17158126831055,13.514288902282715
2019-03-04,249.9456329345703,51.286659240722656,36.01625061035156,86.44539642333984,88.25895690917969,121.55999755859375,63.458309173583984,13.557109832763672
2019-03-05,249.60568237304688,51.3344612121582,36.37176513671875,86.49530029296875,88.28949737548828,121.72000122070312,63.631805419921875,13.62562370300293
2019-03-06,248.09375,51.20700454711914,36.16862106323242,86.73664855957031,88.37336730957031,121.61000061035156,63.33759689331055,13.548545837402344
2019-03-07,246.01841735839844,50.553768157958984,35.49993133544922,87.0278549194336,88.66315460205078,121.51000213623047,63.2017707824707,13.514288902282715
2019-03-08,245.52635192871094,50.56173324584961,35.24599075317383,87.15266418457031,88.77754211425781,122.83999633789062,63.269683837890625,13.505725860595703
2019-03-11,249.0867919921875,50.9998779296875,35.90621566772461,87.08607482910156,88.87674713134766,122.23999786376953,64.19766235351562,13.522852897644043
2019-03-12,250.0260772705078,50.968013763427734,36.09243392944336,87.32743835449219,89.12076568603516,122.9800033569336,64.491943359375,13.608495712280273
2019-03-13,251.68106079101562,51.40616226196289,36.13475799560547,87.29413604736328,88.97581481933594,123.83999633789062,64.80879974365234,13.694136619567871
2019-03-14,251.52003479003906,51.398189544677734,35.94007873535156,87.16934967041016,88.80045318603516,122.41000366210938,64.90687561035156,13.634187698364258
2019-03-15,252.76268005371094,51.95583724975586,36.464874267578125,87.44390106201172,89.12076568603516,122.97000122070312,64.70317840576172,13.634187698364258
2019-03-18,253.6791534423828,52.1390495300293,36.87115478515625,87.32743835449219,89.07502746582031,123.04000091552734,64.37875366210938,13.702701568603516
2019-03-19,253.74203491210938,52.242618560791016,36.888092041015625,87.26913452148438,89.09024810791016,123.37999725341797,64.1825942993164,13.736957550048828
2019-03-20,252.97833251953125,52.266510009765625,36.947349548339844,87.87657928466797,89.69268798828125,124.18000030517578,64.37875366210938,13.839728355407715
2019-03-21,255.83572387695312,52.234649658203125,36.99812698364258,87.83496856689453,89.86052703857422,123.68000030517578,65.52552795410156,13.77121639251709
2019-03-22,250.91175842285156,51.230899810791016,35.9146842956543,88.48399353027344,90.40958404541016,123.97000122070312,65.05023956298828,13.65131664276123
2019-03-25,250.7230987548828,51.30259323120117,35.99932861328125,88.70869445800781,90.5926284790039,124.91999816894531,65.13320922851562,13.702701568603516
2019-03-26,252.59194946289062,51.55752182006836,36.109371185302734,88.63378143310547,90.6307373046875,124.30000305175781,65.65380096435547,13.728394508361816
2019-03-27,251.27114868164062,51.5814094543457,35.71999740600586,88.89173889160156,90.75276184082031,123.6500015258789,65.46519470214844,13.65131664276123
2019-03-28,252.22364807128906,51.45395278930664,35.95700454711914,88.9000244140625,90.86714935302734,121.9000015258789,66.10044860839844,13.608495712280273
2019-03-29,253.8140106201172,51.66904830932617,36.32943344116211,88.75857543945312,90.79849243164062,122.01000213623047,66.03963470458984,13.617057800292969
2019-04-01,256.823974609375,52.33024215698242,36.93041229248047,88.14823913574219,90.46043395996094,121.52999877929688,66.00165557861328,13.745521545410156
2019-04-02,256.94976806640625,52.34617614746094,36.811912536621094,88.29834747314453,90.58279418945312,121.9800033569336,66.46515655517578,13.779778480529785
2019-04-03,257.354248046875,52.75246810913086,37.065853118896484,88.02316284179688,90.39158630371094,121.80000305175781,66.38916778564453,13.796907424926758
2019-04-04,258.0369873046875,52.64093017578125,37.29438781738281,88.11489868164062,90.53690338134766,122.11000061035156,66.28279876708984,13.805472373962402
2019-04-05,259.2859191894531,52.77635192871094,37.582183837890625,88.15658569335938,90.6822509765625,121.9800033569336,66.74630737304688,13.84829330444336
2019-04-08,259.48370361328125,52.80821990966797,37.582183837890625,88.01484680175781,90.55223083496094,122.51000213623047,66.37397766113281,13.899677276611328
2019-04-09,258.15380859375,52.47364044189453,37.50600051879883,88.17326354980469,90.74344635009766,123.1500015258789,66.02445220947266,13.873984336853027
2019-04-10,259.03436279296875,52.67279815673828,37.68375778198242,88.38172912597656,91.18714141845703,123.52999877929688,66.6323471069336,13.993884086608887
2019-04-11,258.96246337890625,52.56127166748047,37.27745819091797,88.18160247802734,91.09532165527344,121.94999694824219,66.58673858642578,13.925369262695312
2019-04-12,260.7145690917969,52.9277229309082,37.54832458496094,87.77305603027344,91.04177856445312,121.83000183105469,66.9058609008789,13.96819019317627
2019-04-15,260.5438537597656,52.95161056518555,37.353633880615234,87.8897705078125,90.89643859863281,121.5999984741211,66.56393432617188,13.942498207092285
2019-04-16,260.7145690917969,52.99143600463867,37.632957458496094,87.58963012695312,90.64396667480469,120.51000213623047,65.05941772460938,13.891112327575684
2019-04-17,260.0768127441406,53.142799377441406,37.743003845214844,87.6063003540039,90.62874603271484,120.27999877929688,64.46672821044922,13.839728355407715
2019-04-18,260.5887756347656,53.110931396484375,37.717613220214844,87.8147201538086,90.70521545410156,120.37000274658203,64.96063232421875,13.882549285888672
2019-04-22,260.8133850097656,53.02330780029297,37.47214126586914,87.68966674804688,90.55986022949219,120.37000274658203,64.2463607788086,13.951065063476562
2019-04-23,263.1586608886719,53.12687683105469,37.556785583496094,87.84808349609375,90.9346923828125,120.12000274658203,65.09741973876953,13.96819019317627
2019-04-24,262.5745849609375,52.76041793823242,37.048919677734375,88.18160247802734,91.24067687988281,120.47000122070312,65.57611846923828,13.916805267333984
2019-04-25,262.4128112792969,52.7205924987793,36.99812698364258,88.07322692871094,91.19473266601562,120.56999969482422,65.43936157226562,13.891112327575684
2019-04-26,263.6347961425781,52.9356689453125,37.14202117919922,88.30668640136719,91.51602172851562,121.37000274658203,65.9560546875,13.728394508361816
2019-04-29,264.0482177734375,53.150760650634766,37.21820068359375,88.12325286865234,91.156494140625,120.83000183105469,65.31017303466797,13.736957550048828
2019-04-30,264.1828918457031,53.18263244628906,37.184356689453125,88.29834747314453,91.19473266601562,121.19999694824219,65.93326568603516,13.779778480529785
2019-05-01,262.19708251953125,52.879913330078125,36.905025482177734,88.25823211669922,91.16561126708984,120.4000015258789,65.98644256591797,13.736957550048828
2019-05-02,261.63104248046875,52.800254821777344,36.98966979980469,88.00758361816406,90.83573150634766,119.94000244140625,66.05484008789062,13.582802772521973
2019-05-03,264.1918640136719,53.3658561706543,37.429813385009766,88.12458801269531,91.24231719970703,120.6500015258789,66.61713409423828,13.5913667678833
2019-05-06,263.1046447753906,52.76041793823242,36.659549713134766,88.35012817382812,91.36505889892578,120.80999755859375,66.40436553955078,13.634187698364258
2019-05-07,258.7108459472656,51.836334228515625,35.94007873535156,88.65086364746094,91.3573989868164,121.20999908447266,65.20379638671875,13.462904930114746
2019-05-08,258.35150146484375,51.900054931640625,35.889286041259766,88.48381805419922,91.05052947998047,120.91000366210938,65.13540649414062,13.480031967163086
2019-05-09,257.5698547363281,51.66107177734375,35.322166442871094,88.71775817871094,91.13492584228516,121.19999694824219,65.30256652832031,13.411519050598145
2019-05-10,258.8636169433594,52.043460845947266,35.533775329589844,88.65924835205078,91.1886215209961,121.43000030517578,66.00165557861328,13.437211036682129
2019-05-13,252.3582763671875,50.832584381103516,34.348758697509766,89.10208129882812,91.24231719970703,122.66999816894531,65.93326568603516,13.368698120117188
2019-05-14,254.64059448242188,51.34242248535156,34.831233978271484,89.01850128173828,91.37277221679688,122.45999908447266,66.17640686035156,13.548545837402344
2019-05-15,256.13214111328125,51.52565002441406,34.89894104003906,89.30257415771484,91.62591552734375,122.38999938964844,66.62471771240234,13.668445587158203
2019-05-16,258.5042419433594,51.93989181518555,34.72965621948242,89.12710571289062,91.48014068603516,121.51000213623047,66.89067840576172,13.745521545410156
2019-05-17,256.8330078125,51.597347259521484,34.1032829284668,89.16889953613281,91.48783111572266,120.6500015258789,66.7614974975586,13.617057800292969
2019-05-20,255.13473510742188,51.390228271484375,33.959388732910156,89.01850128173828,91.27301788330078,120.63999938964844,65.79647064208984,13.677009582519531
2019-05-21,257.4350280761719,51.73278045654297,34.39107894897461,88.91824340820312,91.34969329833984,120.36000061035156,66.35879516601562,13.685572624206543
2019-05-22,256.644287109375,51.52565002441406,34.2217903137207,89.18560028076172,91.4648208618164,120.23999786376953,66.55633544921875,13.48859691619873
2019-05-23,253.50851440429688,51.055641174316406,33.781639099121094,89.72866821289062,91.66429138183594,121.16999816894531,66.70833587646484,13.205978393554688
2019-05-24,254.0834503173828,51.60531997680664,33.81550216674805,89.7035903930664,91.85604858398438,121.30000305175781,66.9134750366211,13.385826110839844
2019-05-28,251.7204132080078,51.10344314575195,33.93400192260742,90.09625244140625,91.91744995117188,120.83000183105469,66.25240325927734,13.497160911560059
2019-05-29,250.03109741210938,50.77682876586914,34.15406799316406,90.06283569335938,91.955810546875,120.87000274658203,65.37095642089844,13.445775985717773
2019-05-30,250.71405029296875,50.968013763427734,34.340293884277344,90.38867950439453,92.48514556884766,121.69000244140625,65.64450073242188,13.308749198913574
2019-05-31,247.3356170654297,50.50597381591797,34.45878601074219,90.99020385742188,92.70000457763672,123.33000183105469,66.02445220947266,12.957616806030273
2019-06-03,246.7066650390625,50.80072021484375,34.77198791503906,91.42803192138672,92.98551177978516,125.11000061035156,66.18401336669922,12.914795875549316
2019-06-04,252.06182861328125,51.38226318359375,34.84815979003906,91.09318542480469,93.01627349853516,125.1500015258789,65.88764953613281,12.991873741149902
2019-06-05,254.2452850341797,51.36632537841797,34.56882858276367,91.09318542480469,92.9547119140625,125.47000122070312,67.26299285888672,12.7263822555542
2019-06-06,255.89862060546875,51.57344055175781,34.585758209228516,91.0764389038086,93.13169860839844,125.87999725341797,67.3921890258789,12.949051856994629
2019-06-07,258.45928955078125,52.226680755615234,34.85662078857422,91.43634033203125,93.54727172851562,126.58999633789062,67.64293670654297,12.991873741149902
2019-06-10,259.6454162597656,52.37007522583008,35.22060012817383,90.98434448242188,93.20865631103516,125.33000183105469,67.42259216308594,12.957616806030273
2019-06-11,259.58245849609375,52.63296127319336,35.61842727661133,90.98434448242188,93.2933349609375,125.18000030517578,67.6049575805664,13.043258666992188
2019-06-12,259.1242370605469,52.242618560791016,35.23752975463867,91.21871185302734,93.43182373046875,125.83000183105469,67.83293914794922,12.863410949707031
2019-06-13,260.1934509277344,52.2904052734375,35.178279876708984,91.44473266601562,93.6703872680664,126.5999984741211,68.12166595458984,13.026130676269531
2019-06-14,259.9059753417969,51.90803146362305,34.788902282714844,91.51171875,93.70887756347656,126.55999755859375,68.15962982177734,13.077515602111816
2019-06-17,260.0047607421875,51.94546127319336,34.926231384277344,91.4949951171875,93.75504302978516,126.4800033569336,68.8891372680664,13.017566680908203
2019-06-18,262.7272033691406,52.637203216552734,35.770599365234375,91.67076110839844,94.3783950805664,127.12000274658203,68.82074737548828,13.171721458435059
2019-06-19,263.3203125,52.96272659301758,36.06911087036133,91.9218978881836,94.97863006591797,127.88999938964844,69.19306945800781,13.14603042602539
2019-06-20,265.8362121582031,53.426597595214844,36.5979118347168,92.07252502441406,95.49421691894531,131.11000061035156,69.54261016845703,13.411519050598145
2019-06-21,265.44976806640625,53.1987419128418,36.4785041809082,91.69588470458984,95.14797973632812,131.97999572753906,68.5624008178711,13.445775985717773
2019-06-24,265.1246643066406,53.31266784667969,36.42732238769531,92.01398468017578,95.38651275634766,133.94000244140625,68.32684326171875,13.505725860595703
2019-06-25,262.5243835449219,52.99528503417969,36.05205535888672,92.15629577636719,95.1017837524414,134.1999969482422,67.31620788574219,13.548545837402344
2019-06-26,262.26251220703125,53.06038284301758,36.39320755004883,91.77960968017578,94.90936279296875,132.97000122070312,65.97123718261719,13.617057800292969
2019-06-27,263.19256591796875,53.19059753417969,36.64908218383789,92.05584716796875,95.4634780883789,132.83999633789062,66.82050323486328,13.617057800292969
2019-06-28,264.5467834472656,53.49171829223633,36.5979118347168,92.09770202636719,95.70973205566406,133.1999969482422,67.05065155029297,13.471467018127441
2019-07-01,266.94854736328125,53.74398422241211,37.03289031982422,91.98196411132812,95.89108276367188,130.6199951171875,67.01998138427734,13.462904930114746
2019-07-02,267.64385986328125,53.89860916137695,36.93907165527344,92.30902099609375,96.15350341796875,133.41000366210938,68.18606567382812,13.240235328674316
2019-07-03,269.7835998535156,54.26482391357422,36.87084197998047,92.48509216308594,96.41587829589844,133.6300048828125,68.999267578125,13.368698120117188
2019-07-05,269.4766540527344,53.84978485107422,36.61497116088867,91.89807891845703,95.56694793701172,132.13999938964844,68.75376892089844,13.394391059875488
2019-07-08,267.995849609375,53.54054260253906,36.39320755004883,91.80586242675781,95.43572998046875,131.2899932861328,68.999267578125,13.377262115478516
2019-07-09,268.3299865722656,53.31266784667969,36.28234100341797,91.74717712402344,95.23511505126953,131.75,69.22940826416016,13.420083999633789
2019-07-10,269.61199951171875,53.499847412109375,36.58938980102539,91.79747772216797,95.45121765136719,133.8300018310547,69.62834930419922,13.711265563964844
2019-07-11,270.2441101074219,53.483577728271484,36.521148681640625,91.34467315673828,94.88778686523438,132.6999969482422,68.72306823730469,13.719830513000488
2019-07-12,271.4539489746094,53.54867172241211,36.54673767089844,91.44528198242188,94.98042297363281,133.52999877929688,68.63101959228516,13.754084587097168
2019-07-15,271.5442199707031,53.597511291503906,36.68320083618164,91.63815307617188,95.14248657226562,133.52999877929688,68.57733917236328,13.608495712280273
2019-07-16,270.66845703125,53.377769470214844,36.632022857666016,91.4369125366211,94.94181060791016,132.39999389648438,68.41621398925781,13.462904930114746
2019-07-17,268.8265380859375,53.30453109741211,36.521148681640625,91.86457824707031,95.44346618652344,134.5800018310547,68.18606567382812,13.343005180358887
2019-07-18,269.8106689453125,53.4672966003418,36.74290084838867,92.09099578857422,95.66728210449219,136.47999572753906,68.18606567382812,13.248799324035645
2019-07-19,268.3118896484375,53.31266784667969,36.555267333984375,91.92321014404297,95.5206298828125,134.47000122070312,67.07366180419922,13.325878143310547
2019-07-22,268.97100830078125,53.3696403503418,36.56378173828125,91.96519470214844,95.81392669677734,134.4499969482422,67.0123062133789,13.28305721282959
2019-07-23,270.89410400390625,53.703304290771484,36.6064338684082,91.8142318725586,95.86792755126953,133.69000244140625,67.77178955078125,13.368698120117188
2019-07-24,272.167236328125,53.74398422241211,36.6661376953125,91.94841766357422,96.1380615234375,134.3699951171875,67.82551574707031,13.308749198913574
2019-07-25,270.8670349121094,53.1987419128418,36.342044830322266,91.78911590576172,95.82933807373047,133.4199981689453,67.42658233642578,13.257362365722656
2019-07-26,272.681884765625,53.30453109741211,36.41880416870117,91.77230072021484,95.96055603027344,133.63999938964844,67.73343658447266,13.274492263793945
2019-07-29,272.185302734375,53.41845703125,36.350563049316406,91.85619354248047,95.8988037109375,134.52999877929688,67.91754913330078,13.325878143310547
2019-07-30,271.5171203613281,52.799957275390625,36.06911087036133,91.89807891845703,95.86792755126953,134.97999572753906,68.46224212646484,13.402955055236816
2019-07-31,268.5466613769531,52.45002365112305,35.625606536865234,92.1329116821289,95.95281982421875,133.2100067138672,68.19374084472656,13.317313194274902
2019-08-01,266.2080383300781,52.30354309082031,34.926231384277344,93.17791748046875,96.73291015625,136.41000366210938,68.19374084472656,12.949051856994629
2019-08-02,264.2037048339844,51.83967208862305,34.58506774902344,93.37115478515625,96.83355712890625,135.88999938964844,68.52360534667969,12.966181755065918
2019-08-05,256.2583923339844,50.54572296142578,33.30571746826172,94.17756652832031,96.9031982421875,137.7899932861328,67.17340850830078,12.854846954345703
2019-08-06,259.85174560546875,50.887516021728516,33.78334045410156,94.32877349853516,97.5068588256836,138.91000366210938,67.91754913330078,12.786334037780762
2019-08-07,260.0053405761719,51.082828521728516,33.936866760253906,94.32877349853516,97.49137878417969,141.02000427246094,68.57733917236328,12.623613357543945
2019-08-08,265.1066589355469,51.579254150390625,34.35478210449219,94.33720397949219,97.75450134277344,141.72999572753906,69.78179168701172,12.692127227783203
2019-08-09,263.3009338378906,51.22117614746094,34.00509262084961,94.19439697265625,97.46815490722656,141.25999450683594,69.69739532470703,12.803462028503418
2019-08-12,260.0955810546875,50.814273834228516,33.595706939697266,94.79081726074219,98.07954406738281,142.6300048828125,69.51325988769531,12.70925521850586
2019-08-13,264.1405334472656,51.294429779052734,34.02215576171875,94.45478820800781,98.00218200683594,141.77999877929688,69.61300659179688,13.009000778198242
2019-08-14,256.3305358886719,49.886531829833984,33.04131317138672,95.0848159790039,98.28853607177734,142.75,68.55431365966797,12.81202507019043
2019-08-15,257.0076599121094,50.057430267333984,33.26306915283203,95.6896743774414,98.76835632324219,143.6999969482422,69.23709869384766,12.70925521850586
2019-08-16,260.7998046875,50.65965270996094,33.72364044189453,95.43769073486328,98.94635772705078,142.77999877929688,69.95056915283203,12.700691223144531
2019-08-19,263.9418640136719,50.96889877319336,33.860107421875,94.98400115966797,98.62129974365234,141.11000061035156,70.45687866210938,12.760641098022461
2019-08-20,261.91949462890625,50.79799270629883,33.92832946777344,95.40403747558594,99.19403839111328,142.2100067138672,69.95823669433594,12.794897079467773
2019-08-21,264.05023193359375,51.156070709228516,34.25243377685547,95.15200805664062,99.37203216552734,141.75999450683594,70.24974822998047,12.83771800994873
2019-08-22,263.96893310546875,51.05841064453125,33.808929443359375,94.94200897216797,99.00829315185547,141.39999389648438,70.57197570800781,12.777770042419434
2019-08-23,257.188232421875,50.423641204833984,33.30571746826172,95.58045959472656,99.37203216552734,144.1699981689453,69.58231353759766,12.683564186096191
2019-08-26,260.0323486328125,50.83869171142578,33.484825134277344,95.48805236816406,99.37977600097656,144.19000244140625,70.11933135986328,12.67499828338623
2019-08-27,259.0120849609375,50.79799270629883,33.54453659057617,95.89966583251953,99.9137954711914,145.57000732421875,69.91986083984375,12.760641098022461
2019-08-28,260.83599853515625,50.79799270629883,33.63834762573242,95.93328094482422,99.9137954711914,145.16000366210938,70.15000915527344,12.87197494506836
2019-08-29,264.1675720214844,51.23746109008789,34.01361846923828,95.74845886230469,99.69711303710938,144.1199951171875,70.69471740722656,12.906231880187988
2019-08-30,264.05023193359375,51.4409065246582,34.278018951416016,95.77367401123047,99.68159484863281,143.75,70.7484130859375,12.700691223144531
2019-09-03,262.5061950683594,51.34324645996094,34.064796447753906,95.9840316772461,99.58772277832031,145.75,71.4542007446289,12.632176399230957
2019-09-04,265.48577880859375,52.06753921508789,34.63624572753906,96.13548278808594,99.77394104003906,146.66000366210938,72.0525894165039,12.931923866271973
2019-09-05,268.898681640625,52.344234466552734,35.02857971191406,95.3613510131836,99.04450225830078,143.13999938964844,71.53092956542969,12.914795875549316
2019-09-06,269.1064147949219,52.51513671875,35.18208694458008,95.42028045654297,99.40145874023438,141.9199981689453,71.6920394897461,12.949051856994629
2019-09-09,269.2419128417969,52.669761657714844,35.2929801940918,94.83126068115234,98.6719970703125,141.38999938964844,71.3468017578125,13.068950653076172
2019-09-10,269.1786804199219,52.759281158447266,35.31856155395508,94.14127349853516,97.84169006347656,140.17999267578125,70.61033630371094,13.086080551147461
2019-09-11,271.0927429199219,53.052242279052734,35.5659065246582,94.0487060546875,97.7640151977539,141.02999877929688,70.6870346069336,12.991873741149902
2019-09-12,272.0318298339844,53.36149978637695,35.82176971435547,93.8383560180664,97.63211059570312,141.32000732421875,71.06295776367188,12.940488815307617
2019-09-13,271.8511962890625,53.66260528564453,36.02647018432617,92.98006439208984,96.75520324707031,140.14999389648438,70.30345916748047,12.940488815307617
2019-09-16,271.01153564453125,53.18245315551758,35.74501037597656,93.38394927978516,97.2441177368164,141.32000732421875,70.91719055175781,13.514288902282715
2019-09-17,271.69781494140625,53.36149978637695,35.74501037597656,93.62796020507812,97.49243927001953,141.60000610351562,71.68436431884766,13.257362365722656
2019-09-18,271.86029052734375,53.296390533447266,35.60002136230469,93.66163635253906,97.73297119140625,140.7100067138672,71.43887329101562,13.171721458435059
2019-09-19,271.8421325683594,53.47542953491211,35.45502853393555,93.70376586914062,98.01235961914062,141.27999877929688,71.6920394897461,13.240235328674316
2019-09-20,270.5577697753906,53.35335922241211,35.4891471862793,94.24222564697266,98.68749237060547,142.9499969482422,71.6920394897461,13.257362365722656
2019-09-23,270.4942626953125,53.21500778198242,35.52325439453125,94.37688446044922,98.61763763427734,143.75,71.80709075927734,13.291620254516602
2019-09-24,268.37176513671875,53.01155471801758,35.147972106933594,94.84807586669922,98.92804718017578,144.50999450683594,71.64781188964844,13.137465476989746
2019-09-25,269.9591064453125,52.856929779052734,35.12239456176758,94.22542572021484,98.36931610107422,141.8300018310547,71.78700256347656,13.060388565063477
2019-09-26,269.396728515625,53.052242279052734,35.113868713378906,94.42737579345703,98.5788345336914,141.7899932861328,72.39019012451172,13.060388565063477
2019-09-27,267.9455261230469,52.87321472167969,34.66182327270508,94.56197357177734,98.60211944580078,141.05999755859375,71.98806762695312,13.009000778198242
2019-09-30,269.18804931640625,53.06853103637695,34.857994079589844,94.63771057128906,98.92804718017578,138.8699951171875,72.11181640625,12.880538940429688
2019-10-01,265.9862060546875,52.54768371582031,34.61064910888672,94.89979553222656,99.04168701171875,139.6300048828125,71.43128204345703,12.87197494506836
2019-10-02,261.28765869140625,51.47345733642578,34.34626007080078,95.22845458984375,99.00276947021484,141.25999450683594,71.12969970703125,12.760641098022461
2019-10-03,263.4282531738281,51.815250396728516,34.789764404296875,95.7256851196289,99.39180755615234,141.89999389648438,71.81794738769531,12.743512153625488
2019-10-04,266.9930114746094,52.222164154052734,34.94327926635742,95.91109466552734,99.80421447753906,141.89999389648438,72.25098419189453,12.846282005310059
2019-10-07,265.8410949707031,52.15705490112305,34.653297424316406,95.59087371826172,99.2984390258789,140.69000244140625,72.09635925292969,12.829154014587402
2019-10-08,261.71392822265625,51.66877365112305,34.40596008300781,95.79312133789062,99.21287536621094,141.9199981689453,71.7174072265625,12.820590019226074
2019-10-09,264.1993713378906,52.043121337890625,34.67036056518555,95.54869842529297,99.25176239013672,142.0500030517578,71.85661315917969,12.854846954345703
2019-10-10,265.9862060546875,52.40933609008789,35.02857971191406,94.95037078857422,98.66819763183594,140.80999755859375,71.97258758544922,12.940488815307617
2019-10-11,268.74371337890625,53.345218658447266,35.59148406982422,94.30146026611328,98.48921203613281,140.02999877929688,71.9416732788086,13.094643592834473
2019-10-14,268.4444274902344,53.12548828125,35.437965393066406,94.56271362304688,98.81602478027344,140.58999633789062,71.97258758544922,13.034695625305176
2019-10-15,271.10198974609375,53.74398422241211,35.753536224365234,94.10763549804688,98.55145263671875,139.61000061035156,72.06539154052734,13.00043773651123
2019-10-16,270.6665954589844,53.825374603271484,35.85588073730469,94.29300689697266,98.6604232788086,140.41000366210938,72.07311248779297,13.017566680908203
2019-10-17,271.46490478515625,53.955589294433594,35.99235534667969,94.25932312011719,98.80048370361328,140.61000061035156,72.54487609863281,13.068950653076172
2019-10-18,270.2764587402344,53.9311637878418,35.80471420288086,94.34362030029297,98.92499542236328,140.4600067138672,73.10164642333984,13.060388565063477
2019-10-21,272.1088562011719,54.22413635253906,36.128814697265625,93.99810791015625,98.69932556152344,139.7899932861328,73.65843200683594,13.043258666992188
2019-10-22,271.2200012207031,54.09392547607422,36.154396057128906,94.21721649169922,98.8705062866211,140.1999969482422,73.44190979003906,13.060388565063477
2019-10-23,272.0090637207031,54.386898040771484,36.16292953491211,94.25086212158203,98.92499542236328,140.52999877929688,73.60430145263672,13.22310733795166
2019-10-24,272.45355224609375,54.48455047607422,36.16292953491211,94.23403930664062,99.14281463623047,141.52999877929688,73.41869354248047,13.291620254516602
2019-10-25,273.5691833496094,54.54151153564453,36.41880416870117,94.03179931640625,98.9716567993164,141.86000061035156,72.79231262207031,13.368698120117188
2019-10-28,275.1112060546875,54.785667419433594,36.632022857666016,93.6778564453125,98.676025390625,140.63999938964844,72.35152435302734,13.317313194274902
2019-10-29,275.0296630859375,54.76939392089844,36.44438552856445,93.76210021972656,98.41922760009766,140.25,72.79231262207031,13.291620254516602
2019-10-30,275.8731689453125,54.997257232666016,36.6064338684082,94.21721649169922,98.76935577392578,141.02000427246094,73.05523681640625,13.205978393554688
2019-10-31,275.13836669921875,54.867042541503906,36.31645202636719,94.8155517578125,99.36846160888672,142.42999267578125,72.92378997802734,13.128900527954102
2019-11-01,277.687255859375,55.35533142089844,36.8623161315918,94.6365966796875,99.46600341796875,142.55999755859375,72.90831756591797,13.368698120117188
2019-11-04,278.80291748046875,55.640167236328125,37.229061126708984,94.15553283691406,98.99788665771484,142.14999389648438,72.39791870117188,13.454339027404785
2019-11-05,278.49456787109375,55.53437423706055,37.44227981567383,93.64913177490234,98.4283447265625,139.85000610351562,71.1683349609375,13.48859691619873
2019-11-06,278.55810546875,55.50994873046875,37.322872161865234,93.91920471191406,98.98228454589844,140.4499969482422,71.32300567626953,13.343005180358887
2019-11-07,279.53765869140625,55.680850982666016,37.59580612182617,93.1680679321289,98.20989227294922,138.27000427246094,70.611572265625,13.334440231323242
2019-11-08,280.22705078125,55.64829635620117,37.254634857177734,93.04149627685547,98.07726287841797,137.38999938964844,70.44141387939453,13.368698120117188
2019-11-11,279.6918640136719,55.57506561279297,36.990238189697266,93.14276123046875,98.10845184326172,137.05999755859375,70.5960922241211,13.28305721282959
2019-11-12,280.2814636230469,55.5994758605957,36.751426696777344,93.1849594116211,98.20209503173828,137.42999267578125,70.06251525878906,13.291620254516602
2019-11-13,280.3721618652344,55.40415954589844,36.469966888427734,93.43814086914062,98.43614959716797,137.97999572753906,70.70436096191406,13.317313194274902
2019-11-14,280.7803955078125,55.249534606933594,36.49555587768555,93.91075134277344,98.95108795166016,138.55999755859375,71.25341033935547,13.274492263793945
2019-11-15,282.8121643066406,55.5994758605957,36.785552978515625,93.83483123779297,98.96668243408203,138.2100067138672,71.64006042480469,13.343005180358887
2019-11-18,283.0207824707031,55.664581298828125,36.7258415222168,93.99520111083984,99.07591247558594,138.6199951171875,71.98806762695312,13.205978393554688
2019-11-19,282.9391174316406,55.59132766723633,36.802608489990234,94.17242431640625,99.27094268798828,138.69000244140625,72.11181640625,13.086080551147461
2019-11-20,281.88702392578125,55.241390228271484,36.64054870605469,94.5184326171875,99.41139221191406,138.75999450683594,72.07311248779297,13.257362365722656
2019-11-21,281.4334411621094,55.16815948486328,36.56378173828125,94.2821273803711,99.17730712890625,138.0,71.0600814819336,13.377262115478516
2019-11-22,282.0594177246094,55.322776794433594,36.56378173828125,94.26527404785156,99.45037841796875,137.74000549316406,70.79716491699219,13.368698120117188
2019-11-25,284.2453308105469,55.762229919433594,36.93053436279297,94.30742645263672,99.793701171875,137.0800018310547,71.02141571044922,13.368698120117188
2019-11-26,284.889404296875,55.72969055175781,36.81966018676758,94.48463439941406,100.05111694335938,137.74000549316406,71.96485900878906,13.445775985717773
2019-11-27,286.1593017578125,55.87617111206055,36.8623161315918,94.2399673461914,100.04334259033203,137.00999450683594,72.30510711669922,13.377262115478516
2019-11-29,285.0979919433594,55.48553466796875,36.28234100341797,94.1639633178711,99.84049224853516,137.86000061035156,71.97258758544922,13.111771583557129
2019-12-02,282.67608642578125,55.20071029663086,36.273807525634766,93.82587432861328,99.40711212158203,137.7899932861328,70.88224029541016,13.094643592834473
2019-12-03,280.7803955078125,54.997257232666016,36.08616638183594,94.66263580322266,100.17375946044922,139.11000061035156,71.33847045898438,13.103208541870117
2019-12-04,282.5128173828125,55.50181198120117,36.35909652709961,94.2991943359375,100.04075622558594,138.9199981689453,71.63233184814453,13.308749198913574
2019-12-05,283.0207824707031,55.39603042602539,36.521148681640625,94.07943725585938,99.93123626708984,139.0,71.67101287841797,13.334440231323242
2019-12-06,285.60595703125,55.90058517456055,36.734378814697266,93.79209899902344,99.87645721435547,137.6199951171875,71.81794738769531,13.420083999633789
2019-12-09,284.7079772949219,55.60761642456055,36.58938980102539,93.8681411743164,99.86083984375,137.5800018310547,71.9571304321289,13.402955055236816
2019-12-10,284.39044189453125,55.63203048706055,36.71731185913086,93.75830078125,99.86083984375,137.97000122070312,71.53954315185547,13.462904930114746
2019-12-11,285.1977233886719,55.92499923706055,37.254634857177734,94.14707946777344,100.25198364257812,138.9199981689453,70.81260681152344,13.402955055236816
2019-12-12,287.6558532714844,56.29935073852539,37.90284729003906,93.4032974243164,99.79041290283203,138.42999267578125,69.85371398925781,13.522852897644043
2019-12-13,287.8282165527344,56.689979553222656,37.885780334472656,93.95265197753906,100.4397201538086,139.0500030517578,69.86917114257812,13.5913667678833
2019-12-16,289.8056335449219,57.295692443847656,38.20723342895508,93.51312255859375,100.21287536621094,139.0399932861328,70.371826171875,13.685572624206543
2019-12-17,289.869140625,56.966495513916016,38.55567932128906,93.52164459228516,100.1346664428711,139.00999450683594,69.70677947998047,13.745521545410156
2019-12-18,289.88726806640625,56.892433166503906,38.76474380493164,93.26802062988281,100.06424713134766,139.02000427246094,70.55641174316406,13.754084587097168
2019-12-19,291.0755615234375,56.892433166503906,38.782169342041016,93.34085083007812,100.16300964355469,139.3800048828125,71.18167877197266,13.814034461975098
2019-12-20,292.3515625,56.933570861816406,38.860565185546875,93.34085083007812,100.13166809082031,139.52000427246094,71.5724868774414,13.796907424926758
2019-12-23,292.7981872558594,57.024112701416016,38.9128303527832,93.25619506835938,100.17875671386719,139.9499969482422,71.21294403076172,13.800387382507324
2019-12-24,292.80731201171875,56.966495513916016,38.82572555541992,93.41705322265625,100.28069305419922,141.27000427246094,71.40054321289062,13.861299514770508
2019-12-26,294.36602783203125,57.21338653564453,39.1044807434082,93.55245208740234,100.46110534667969,142.3800048828125,71.71318054199219,13.965713500976562
2019-12-27,294.2930908203125,57.31214904785156,39.261287689208984,93.68791961669922,100.6023178100586,142.3300018310547,71.9398422241211,13.991819381713867
2019-12-30,292.6705627441406,56.88420104980469,38.99994659423828,93.62860870361328,100.78270721435547,142.6300048828125,72.01020812988281,13.965713500976562
2019-12-31,293.3815612792969,57.147552490234375,39.08706283569336,93.29008483886719,100.36698913574219,142.89999389648438,72.52605438232422,13.878700256347656
2020-01-02,296.1253967285156,57.72364807128906,39.879783630371094,93.72174835205078,100.57877349853516,143.9499969482422,71.67411804199219,13.896103858947754
2020-01-03,293.8829650878906,57.00764465332031,39.13932800292969,94.34806823730469,100.92388153076172,145.86000061035156,72.11963653564453,14.061429023742676
2020-01-06,295.0041198730469,57.229854583740234,39.04350662231445,94.24650573730469,100.58658599853516,147.38999938964844,72.20561218261719,14.08753490447998
2020-01-07,294.1746826171875,57.073486328125,39.017372131347656,94.11107635498047,100.32777404785156,147.97000122070312,71.40054321289062,14.078832626342773
2020-01-08,295.74249267578125,57.23808670043945,39.24386215209961,93.89103698730469,100.18660736083984,146.86000061035156,71.61939239501953,13.869998931884766
2020-01-09,297.747802734375,57.3697509765625,39.50519943237305,93.95869445800781,100.66504669189453,146.02999877929688,71.58030700683594,13.809089660644531
2020-01-10,296.8909912109375,57.15577697753906,39.714263916015625,94.16182708740234,100.94740295410156,146.91000366210938,72.12744140625,13.809089660644531
2020-01-13,298.932861328125,57.45205307006836,40.332759857177734,94.05181884765625,100.70428466796875,145.82000732421875,72.99504852294922,13.704672813415527
2020-01-14,298.4769592285156,57.50965881347656,40.106266021728516,94.23800659179688,100.82975006103516,145.69000244140625,72.72145080566406,13.765583038330078
2020-01-15,299.1515197753906,57.50965881347656,39.79265594482422,94.47502136230469,101.04936218261719,146.5399932861328,73.37802124023438,13.695971488952637
2020-01-16,301.6400146484375,57.748321533203125,40.045284271240234,94.28038787841797,101.1905517578125,146.30999755859375,73.9642333984375,13.678569793701172
2020-01-17,302.5788269042969,57.921138763427734,40.27177810668945,94.20413970947266,101.17488861083984,146.5800018310547,74.03458404541016,13.722075462341309
2020-01-21,301.9864501953125,57.46029281616211,39.25257873535156,94.57658386230469,101.66120147705078,146.74000549316406,74.738037109375,13.643763542175293
2020-01-22,302.0228271484375,57.57551574707031,39.574886322021484,94.593505859375,101.716064453125,146.7899932861328,74.23779296875,13.461034774780273
2020-01-23,302.3691711425781,57.43559646606445,39.16544723510742,94.83052825927734,101.8494644165039,147.1199951171875,74.86312103271484,13.347917556762695
2020-01-24,299.6802062988281,57.1887092590332,38.85185241699219,95.16908264160156,102.02198028564453,147.97999572753906,74.60514831542969,13.147784233093262
2020-01-27,294.87646484375,56.00361251831055,37.51034164428711,95.81231689453125,102.21809387207031,148.99000549316406,74.24561309814453,12.904146194458008
2020-01-28,297.9665222167969,56.53031921386719,37.823936462402344,95.4906997680664,102.1631851196289,147.66000366210938,74.5426254272461,12.965056419372559
2020-01-29,297.7204284667969,56.53854751586914,38.006874084472656,95.94772338867188,102.49263000488281,148.4600067138672,74.26907348632812,12.904146194458008
2020-01-30,298.6866455078125,56.48917007446289,37.44063949584961,96.04085540771484,102.55533599853516,148.47000122070312,74.32378387451172,12.791028022766113
2020-01-31,293.26312255859375,55.534523010253906,36.682777404785156,96.52330780029297,102.822021484375,149.3300018310547,73.4171142578125,12.68661117553711
2020-02-03,295.441650390625,55.666202545166016,37.092201232910156,96.44110870361328,102.74101257324219,148.36000061035156,73.65939331054688,12.451674461364746
2020-02-04,299.944580078125,56.596160888671875,38.05043029785156,95.8817367553711,102.48941040039062,146.42999267578125,74.41756439208984,12.469077110290527
2020-02-05,303.40826416015625,57.13932800292969,38.26820373535156,95.46646118164062,102.42649841308594,146.61000061035156,74.4644546508789,12.660507202148438
2020-02-06,304.42926025390625,57.295692443847656,38.30305480957031,95.53427124023438,102.37930297851562,147.39999389648438,74.71459197998047,12.712716102600098
2020-02-07,302.80670166015625,56.75252151489258,37.77166748046875,95.99188995361328,102.7724838256836,147.7899932861328,74.69898223876953,12.64310359954834
2020-02-10,305.0672607421875,56.867740631103516,37.980735778808594,96.1783676147461,103.01628875732422,148.1699981689453,75.53528594970703,12.529986381530762
2020-02-11,305.5959777832031,57.25453567504883,38.477272033691406,95.94953155517578,102.86688232421875,147.66000366210938,76.10586547851562,12.573493003845215
2020-02-12,307.56488037109375,57.45205307006836,38.99994659423828,95.70374298095703,102.81967163085938,147.5399932861328,76.55918884277344,12.747520446777344
2020-02-13,307.2366943359375,57.04879379272461,38.485984802246094,95.78849792480469,102.7489013671875,148.3800048828125,77.02033996582031,12.75622272491455
2020-02-14,307.72906494140625,56.95003128051758,38.50340270996094,96.02580261230469,103.00055694580078,149.0,77.81761169433594,12.747520446777344
2020-02-18,306.9359130859375,56.58792495727539,38.250789642333984,96.1783676147461,103.19717407226562,150.91000366210938,77.73162841796875,12.843236923217773
2020-02-19,308.4034423828125,56.77721405029297,38.52954864501953,96.16141510009766,103.05560302734375,151.7899932861328,76.68425750732422,12.965056419372559
2020-02-20,307.136474609375,56.439788818359375,37.92847442626953,96.44110870361328,103.40162658691406,152.41000366210938,77.59874725341797,12.912846565246582
2020-02-21,303.97344970703125,56.17644500732422,37.710689544677734,96.8309326171875,103.60606384277344,154.6999969482422,77.8254165649414,12.860639572143555
2020-02-24,293.8920593261719,53.929710388183594,36.29948806762695,97.58527374267578,103.62178802490234,156.08999633789062,76.7624282836914,12.617000579833984
2020-02-25,284.98651123046875,53.04088592529297,36.01201629638672,97.8564682006836,103.72401428222656,153.3000030517578,74.68333435058594,12.382062911987305
2020-02-26,283.93829345703125,53.106727600097656,36.29948806762695,97.8056640625,103.33868408203125,153.97000122070312,73.87826538085938,12.260244369506836
2020-02-27,271.1861877441406,51.53484344482422,35.42836380004883,98.28026580810547,102.78823852539062,154.0,69.94673919677734,12.051410675048828
2020-02-28,270.04669189453125,51.22211837768555,35.29769515991211,99.38203430175781,103.94419860839844,148.3800048828125,68.2584457397461,11.842577934265137
2020-03-02,281.7414855957031,51.88050079345703,36.064273834228516,99.31413269042969,103.84092712402344,149.1999969482422,71.17388153076172,12.112320899963379
2020-03-03,273.674560546875,51.460777282714844,35.82036590576172,100.46820831298828,105.0235824584961,153.88999938964844,71.00972747802734,12.13842487335205
2020-03-04,285.1779479980469,52.99974060058594,36.45628356933594,100.24757385253906,105.17347717285156,154.16000366210938,73.69068145751953,12.147125244140625
2020-03-05,275.69818115234375,51.592445373535156,35.689697265625,101.13853454589844,105.13400268554688,157.49000549316406,72.1118392944336,12.016605377197266
2020-03-06,271.1405944824219,50.8188591003418,34.95796585083008,102.16527557373047,105.86730194091797,157.5500030517578,70.8690414428711,11.625042915344238
2020-03-09,249.9659423828125,46.87679672241211,32.571102142333984,103.08170318603516,103.296875,157.80999755859375,65.40555572509766,10.720100402832031
2020-03-10,262.9004821777344,48.60505294799805,34.226219177246094,101.18948364257812,100.97095489501953,154.47999572753906,68.16886901855469,11.059453964233398
2020-03-11,250.08444213867188,46.12788009643555,32.632076263427734,100.17965698242188,97.65145874023438,153.92999267578125,64.07273864746094,10.859321594238281
2020-03-12,226.1570587158203,41.058345794677734,29.365385055541992,100.23060607910156,92.99165344238281,147.7899932861328,57.58197784423828,10.4242525100708
2020-03-13,245.4903564453125,43.54373550415039,31.482194900512695,99.57723236083984,97.02069091796875,143.27999877929688,62.60759735107422,10.537371635437012
2020-03-16,218.62789916992188,39.0502815246582,27.5534610748291,102.20774841308594,95.64087677001953,141.63999938964844,51.50868225097656,9.902170181274414
2020-03-17,230.43211364746094,40.95135498046875,29.452497482299805,99.64510345458984,91.72221374511719,143.55999755859375,54.48624801635742,9.74554443359375
2020-03-18,218.7646484375,38.60586929321289,26.908832550048828,98.261962890625,87.13334655761719,140.6999969482422,49.3030891418457,9.423593521118164
2020-03-19,219.22950744628906,39.20664596557617,27.117897033691406,98.58440399169922,82.82831573486328,138.0399932861328,49.476383209228516,9.623725891113281
2020-03-20,209.78199768066406,38.72108840942383,27.318260192871094,101.09612274169922,84.16083526611328,140.11000061035156,47.01082992553711,9.519309043884277
2020-03-23,204.41824340820312,38.26844787597656,26.664918899536133,102.2925796508789,90.3818359375,146.3000030517578,44.828861236572266,9.632427215576172
2020-03-24,222.939208984375,41.510986328125,28.668487548828125,101.59674835205078,92.2347183227539,153.39999389648438,48.86196517944336,9.84126091003418
2020-03-25,226.2766571044922,42.86066818237305,29.67898178100586,101.65616607666016,96.65011596679688,151.3000030517578,51.492942810058594,10.006587028503418
2020-03-26,239.48892211914062,44.7781982421875,30.802734375,101.90223693847656,96.72896575927734,153.24000549316406,55.12430191040039,9.971780776977539
2020-03-27,232.35556030273438,43.502586364746094,29.051782608032227,102.65746307373047,96.53184509277344,152.25,55.179439544677734,9.936975479125977
2020-03-30,239.90150451660156,44.38317108154297,29.530900955200195,102.89506530761719,97.7066650390625,152.9199981689453,56.384647369384766,9.910872459411621
2020-03-31,236.32568359375,43.996368408203125,29.731252670288086,103.08170318603516,97.38336944580078,148.0500030517578,55.021888732910156,9.78905200958252
2020-04-01,225.68983459472656,42.04591751098633,28.45941734313965,103.50140380859375,95.96846008300781,149.4499969482422,51.406280517578125,9.510607719421387
2020-04-02,230.89772033691406,42.868900299072266,29.417654037475586,103.51841735839844,96.22142791748047,151.89999389648438,51.57958221435547,9.693337440490723
2020-04-03,227.56028747558594,41.889556884765625,28.860136032104492,103.59481811523438,95.72342681884766,152.64999389648438,50.83125305175781,9.936975479125977
2020-04-06,242.84461975097656,44.11158752441406,30.436859130859375,103.1275863647461,97.61263275146484,156.8800048828125,54.59652328491211,9.98918342590332
2020-04-07,243.09226989746094,44.35848617553711,30.593660354614258,102.66885375976562,97.76278686523438,156.0399932861328,55.10067367553711,10.058795928955078
2020-04-08,251.25245666503906,44.7205924987793,30.90726089477539,102.54135131835938,99.5255126953125,154.64999389648438,58.85806655883789,10.03269100189209
2020-04-09,255.07583618164062,45.73285675048828,30.79401397705078,102.76225280761719,104.20499420166016,158.69000244140625,62.15860366821289,10.058795928955078
2020-04-13,252.7470245361328,45.29668045043945,30.837575912475586,102.54135131835938,103.19317626953125,161.41000366210938,59.54338073730469,10.23282241821289
2020-04-14,260.201171875,46.10319137573242,31.543174743652344,102.67733764648438,102.68731689453125,162.67999267578125,61.21333312988281,10.145808219909668
2020-04-15,254.6724090576172,44.662986755371094,30.733034133911133,103.59481811523438,103.37501525878906,161.85000610351562,58.787174224853516,9.936975479125977
2020-04-16,255.90103149414062,44.68767166137695,30.898555755615234,103.7052993774414,102.86122131347656,161.7100067138672,58.11760711669922,9.910872459411621
2020-04-17,262.81427001953125,45.87276077270508,31.586734771728516,103.43342590332031,103.20109558105469,158.57000732421875,59.95298385620117,9.954378128051758
2020-04-20,258.18408203125,45.1896858215332,31.186017990112305,103.7052993774414,102.6161880493164,159.6999969482422,57.723758697509766,9.78905200958252
2020-04-21,250.34469604492188,44.30910873413086,30.3236083984375,103.99414825439453,102.25255584716797,158.61000061035156,56.676090240478516,9.32787799835205
2020-04-22,255.90103149414062,45.05801773071289,31.151172637939453,103.67133331298828,102.31578826904297,161.72999572753906,57.54258728027344,9.458399772644043
2020-04-23,255.8826904296875,44.91810607910156,31.037933349609375,103.73925018310547,102.75051879882812,163.33999633789062,57.06208419799805,9.432295799255371
2020-04-24,259.4494323730469,45.43658447265625,30.994373321533203,103.76476287841797,102.67941284179688,162.63999938964844,57.30628204345703,9.310476303100586
2020-04-27,263.19012451171875,46.037357330322266,31.621578216552734,103.21258544921875,101.84942626953125,161.55999755859375,59.26768493652344,9.136449813842773
2020-04-28,261.97991943359375,46.38300704956055,31.682554244995117,103.6628189086914,102.12610626220703,160.83999633789062,59.75606918334961,9.145150184631348
2020-04-29,268.838134765625,47.54341506958008,32.60593795776367,103.61182403564453,102.7979736328125,161.72999572753906,60.654056549072266,9.310476303100586
2020-04-30,266.335205078125,46.55583572387695,31.917753219604492,103.36549377441406,102.10237121582031,158.8000030517578,59.95298385620117,9.484503746032715
2020-05-01,259.2842712402344,45.5435676574707,30.76787757873535,103.50831604003906,101.69824981689453,159.77999877929688,57.928565979003906,9.362685203552246
2020-05-04,259.99951171875,45.5271110534668,31.098915100097656,103.52533721923828,101.85675048828125,160.33999633789062,57.644996643066406,9.475802421569824
2020-05-05,262.40167236328125,45.609413146972656,31.27313995361328,103.44880676269531,101.7220230102539,161.02000427246094,57.928565979003906,9.719441413879395
2020-05-06,260.62298583984375,45.31313705444336,31.177305221557617,103.06612396240234,100.58096313476562,158.9499969482422,56.888790130615234,9.528011322021484
2020-05-07,263.76788330078125,45.9962043762207,31.429941177368164,103.69544982910156,100.850341796875,161.38999938964844,57.700130462646484,9.588920593261719
2020-05-08,268.1321716308594,46.778038024902344,32.09198760986328,103.35527038574219,100.36700439453125,160.4199981689453,59.07075119018555,9.78905200958252
2020-05-11,268.18719482421875,46.73689651489258,31.882917404174805,103.06612396240234,99.4874038696289,159.4199981689453,58.21213912963867,9.658531188964844
2020-05-12,262.8418273925781,46.14434814453125,31.760953903198242,103.40628051757812,100.44623565673828,160.0399932861328,55.56541442871094,9.580219268798828
2020-05-13,258.19329833984375,45.790470123291016,31.699983596801758,103.6189193725586,100.67601776123047,161.5800018310547,54.218421936035156,9.484503746032715
2020-05-14,261.28314208984375,45.35428237915039,31.821937561035156,103.78047943115234,101.50807189941406,163.00999450683594,54.40747833251953,9.64983081817627
2020-05-15,262.4842224121094,45.39543533325195,31.386369705200195,103.71245574951172,101.86463928222656,163.92999267578125,54.19479751586914,9.74554443359375
2020-05-18,270.47943115234375,47.230674743652344,32.614646911621094,103.07461547851562,102.443115234375,162.69000244140625,57.400794982910156,10.0239896774292
2020-05-19,267.7012634277344,46.58052062988281,32.35331726074219,103.3637924194336,102.52233123779297,164.25999450683594,56.628822326660156,9.997884750366211
2020-05-20,272.2489929199219,47.551639556884766,32.780174255371094,103.38927459716797,103.6475830078125,164.64999389648438,57.13296127319336,10.171913146972656
2020-05-21,270.36932373046875,47.000244140625,32.40558624267578,103.45733642578125,103.56834411621094,162.25,57.18022918701172,10.128406524658203
2020-05-22,270.8828430175781,46.86856460571289,31.73482322692871,103.6529312133789,103.56834411621094,163.2100067138672,57.95220184326172,10.050094604492188
2020-05-26,274.22021484375,48.210025787353516,32.43172073364258,103.38077545166016,103.42568969726562,160.88999938964844,60.11840057373047,10.154509544372559
2020-05-27,278.3003234863281,48.79433822631836,32.53624725341797,103.46581268310547,103.85360717773438,161.17999267578125,61.31574249267578,10.0239896774292
2020-05-28,277.78692626953125,49.25519561767578,32.30976486206055,103.37226867675781,103.94076538085938,161.72000122070312,61.607208251953125,10.076197624206543
2020-05-29,279.0247497558594,49.082374572753906,32.867279052734375,103.70394897460938,104.61431121826172,162.91000366210938,60.992774963378906,10.250224113464355
2020-06-01,280.1523742675781,50.176937103271484,33.625152587890625,103.66309356689453,104.5682601928711,163.66000366210938,62.40278625488281,10.311136245727539
2020-06-02,282.47216796875,50.646034240722656,34.426578521728516,103.49278259277344,104.90185546875,162.60000610351562,62.90692901611328,10.4242525100708
2020-06-03,286.2314147949219,51.85580825805664,35.22801208496094,102.8798828125,104.83829498291016,159.60000610351562,64.9234619140625,10.4242525100708
2020-06-04,285.4795227050781,51.63360595703125,34.731475830078125,102.47128295898438,104.5206069946289,161.27999877929688,64.27754974365234,10.511265754699707
2020-06-05,292.79620361328125,52.52241516113281,35.64614486694336,101.9604263305664,105.06074523925781,158.00999450683594,66.71160888671875,10.720100402832031
2020-06-08,296.3354187011719,53.20549392700195,35.86391830444336,102.07115173339844,105.41029357910156,159.72000122070312,68.36579132080078,10.650487899780273
2020-06-09,294.1257629394531,52.51418685913086,35.6200065612793,102.43718719482422,105.18789672851562,161.25999450683594,67.23146057128906,10.685295104980469
2020-06-10,292.48455810546875,52.39897537231445,35.88134765625,103.20340728759766,105.8788833618164,163.57000732421875,65.52215576171875,10.754904747009277
2020-06-11,275.6230773925781,49.592613220214844,34.00844192504883,103.5694580078125,104.61587524414062,162.38999938964844,61.31574249267578,10.40684986114502
2020-06-12,278.9238586425781,50.448516845703125,34.731475830078125,103.33956146240234,105.12425231933594,162.6199951171875,63.513450622558594,10.450357437133789
2020-06-15,281.52777099609375,50.65550994873047,34.41604995727539,103.25448608398438,106.6176986694336,162.3300018310547,64.41145324707031,10.546072959899902
2020-06-16,286.946533203125,51.28150177001953,34.635093688964844,103.04163360595703,106.32376098632812,162.25,65.67965698242188,10.633086204528809
2020-06-17,285.754638671875,51.47347640991211,34.968040466308594,103.20340728759766,106.11721801757812,162.55999755859375,64.7265396118164,10.580877304077148
2020-06-18,285.86456298828125,51.19804382324219,34.98556137084961,103.43321228027344,106.35556030273438,162.24000549316406,64.01760864257812,10.6417875289917
2020-06-19,284.2309265136719,50.9476432800293,34.9767951965332,103.46733093261719,106.43496704101562,164.02999877929688,63.08808135986328,10.728801727294922
2020-06-22,286.0542907714844,51.55694580078125,35.406124114990234,103.37364196777344,106.33171081542969,165.08999633789062,63.02505874633789,10.8419189453125
2020-06-23,287.3712158203125,51.84072494506836,35.747825622558594,103.33956146240234,106.13314056396484,166.47999572753906,62.76514434814453,10.78971004486084
2020-06-24,280.0407409667969,50.51361846923828,35.274696350097656,103.53539276123047,105.83916473388672,165.89999389648438,60.977012634277344,10.519968032836914
2020-06-25,283.04296875,51.23143005371094,35.42364501953125,103.55244445800781,105.95042419433594,165.8000030517578,61.755821228027344,10.615682601928711
2020-06-26,276.3202819824219,50.488582611083984,34.99432373046875,103.83332824707031,106.04570007324219,166.5399932861328,60.57050704956055,10.485161781311035
2020-06-29,280.3815002441406,50.89756393432617,35.15202713012695,103.93550872802734,106.53819274902344,166.6300048828125,61.73991394042969,10.659189224243164
2020-06-30,283.97308349609375,50.80575180053711,35.03813171386719,103.74823760986328,106.8401107788086,167.3699951171875,62.4717903137207,10.71139907836914
2020-07-01,285.96221923828125,50.997718811035156,35.43241500854492,103.58628845214844,107.2620849609375,166.6199951171875,63.91168975830078,10.798412322998047
2020-07-02,287.53704833984375,51.55694580078125,36.238487243652344,103.71411895751953,107.52482604980469,166.97999572753906,63.72870635986328,10.8419189453125
2020-07-06,291.9758605957031,52.39994812011719,37.79807662963867,103.56078338623047,107.80345916748047,167.97999572753906,63.69689178466797,10.928933143615723
2020-07-07,288.9643859863281,51.6320686340332,37.1672248840332,103.89305877685547,107.94683074951172,169.0399932861328,62.43202590942383,10.937634468078613
2020-07-08,291.17462158203125,52.06608963012695,38.13101577758789,103.7311782836914,107.77165222167969,170.08999633789062,62.34453201293945,11.076855659484863
2020-07-09,289.5170593261719,51.47347640991211,38.13101577758789,104.06344604492188,108.376708984375,169.6300048828125,61.95470428466797,10.946335792541504
2020-07-10,292.4731140136719,52.024356842041016,37.88569259643555,103.85900115966797,108.17769622802734,169.19000244140625,62.14563751220703,11.015946388244629
2020-07-13,289.9406433105469,51.69049072265625,37.631595611572266,103.96977233886719,107.89102935791016,169.39999389648438,61.405792236328125,10.902828216552734
2020-07-14,293.6979675292969,52.45002746582031,37.684173583984375,103.96124267578125,108.5200424194336,170.19000244140625,61.922889709472656,10.955038070678711
2020-07-15,296.3962707519531,53.042640686035156,37.79807662963867,103.92713165283203,108.7350082397461,170.33999633789062,62.5274772644043,11.08555793762207
2020-07-16,295.4200744628906,52.70043182373047,37.26360321044922,104.00383758544922,109.03753662109375,168.72999572753906,61.77970886230469,10.998544692993164
2020-07-17,296.2765197753906,53.00925827026367,37.47389221191406,103.9782485961914,109.33214569091797,170.1199951171875,62.58315658569336,11.015946388244629
2020-07-20,298.6708984375,53.268001556396484,37.955787658691406,104.04643249511719,109.63467407226562,170.94000244140625,61.835391998291016,11.007244110107422
2020-07-21,299.3063049316406,53.37651062011719,38.30625534057617,104.1572036743164,109.77804565429688,173.0,61.98652648925781,11.163869857788086
2020-07-22,301.01007080078125,53.518402099609375,38.139774322509766,104.1913070678711,110.13628387451172,175.6300048828125,62.933189392089844,11.233480453491211
2020-07-23,297.4183654785156,53.09272003173828,37.83312225341797,104.29352569580078,110.21595764160156,177.17999267578125,62.67066955566406,11.207377433776855
2020-07-24,295.5029602050781,52.80058670043945,37.79807662963867,104.2424087524414,109.96910858154297,178.6999969482422,62.209266662597656,11.224780082702637
2020-07-27,297.6579284667969,53.49334716796875,38.38511276245117,104.08051300048828,109.63467407226562,182.22999572753906,62.79795837402344,11.32919692993164
2020-07-28,295.77001953125,53.15114212036133,38.069679260253906,104.32760620117188,109.52323913574219,183.75,64.04692840576172,11.26828670501709
2020-07-29,299.4075622558594,53.710365295410156,38.68301010131836,104.46392822265625,110.12034606933594,185.1300048828125,65.28791046142578,11.32919692993164
2020-07-30,298.33935546875,52.91743850708008,38.19234848022461,104.60881805419922,110.00094604492188,183.75999450683594,64.8663101196289,11.198676109313965
2020-07-31,300.6968078613281,51.7906494140625,37.92949676513672,104.63435363769531,110.15220642089844,185.42999267578125,64.74696350097656,11.259584426879883
2020-08-03,302.7873229980469,52.80058670043945,38.19234848022461,104.58317565917969,110.29987335205078,185.63999938964844,63.88782501220703,11.372702598571777
2020-08-04,303.9568786621094,53.09272003173828,38.70052719116211,104.94132232666016,110.70673370361328,189.58999633789062,64.84243774414062,11.433613777160645
2020-08-05,305.84478759765625,53.268001556396484,39.12109375,104.59175872802734,110.55519104003906,191.35000610351562,64.51626586914062,11.529328346252441
2020-08-06,307.8892517089844,53.32642364501953,39.24375915527344,104.71112823486328,111.02588653564453,193.88999938964844,64.61967468261719,11.616342544555664
2020-08-07,308.1102600097656,53.109413146972656,38.43767547607422,104.48938751220703,110.71475219726562,190.80999755859375,65.54248046875,11.459716796875
2020-08-10,309.0311584472656,53.284690856933594,38.5340576171875,104.3785171508789,110.47537231445312,190.14999389648438,65.64590454101562,11.520626068115234
2020-08-11,306.4801940917969,53.47666549682617,38.42892074584961,104.0203857421875,109.78121948242188,179.94000244140625,64.69924926757812,11.337897300720215
2020-08-12,310.7532653808594,54.66188430786133,38.945858001708984,103.71337890625,109.5099105834961,179.10000610351562,65.35157775878906,11.459716796875
2020-08-13,310.19146728515625,54.41982650756836,38.83195877075195,103.50019836425781,108.5205078125,183.3300018310547,64.54808044433594,11.520626068115234
2020-08-14,310.20074462890625,54.08596420288086,38.76185989379883,103.55134582519531,108.04182434082031,182.5399932861328,64.55603790283203,11.520626068115234
2020-08-17,311.1860656738281,54.49494552612305,39.252525329589844,103.72188568115234,108.26522064208984,186.5,65.08108520507812,11.712058067321777
2020-08-18,311.8583984375,54.46156311035156,39.208709716796875,103.90095520019531,108.57640838623047,188.17999267578125,64.77083587646484,11.738160133361816
2020-08-19,310.5599060058594,54.21950912475586,38.726810455322266,103.76454162597656,108.28912353515625,182.24000549316406,63.633235931396484,11.70335578918457
2020-08-20,311.5269775390625,54.044227600097656,38.60414505004883,104.06299591064453,108.67215728759766,183.5,64.23784637451172,11.685953140258789
2020-08-21,312.6319580078125,53.7687873840332,38.796905517578125,104.13978576660156,108.87161254882812,182.02999877929688,64.34123992919922,11.572834968566895
2020-08-24,315.7998962402344,54.47825241088867,39.226234436035156,103.9947738647461,108.68011474609375,181.0,64.75492095947266,11.633745193481445
2020-08-25,316.9049987792969,54.51163864135742,39.620513916015625,103.74748992919922,108.20941162109375,181.22000122070312,64.9219741821289,11.729459762573242
2020-08-26,320.0821533203125,54.82881546020508,39.725650787353516,103.70482635498047,108.24927520751953,183.36000061035156,64.3253402709961,11.755563735961914
2020-08-27,320.7820129394531,54.269588470458984,39.392696380615234,103.3381576538086,107.38755798339844,181.24000549316406,65.27201080322266,11.712058067321777
2020-08-28,322.8540954589844,54.653533935546875,39.9096565246582,103.50872802734375,107.71466064453125,184.38999938964844,65.70158386230469,11.790369033813477
2020-08-31,321.6845703125,54.23619842529297,39.02471160888672,103.61957550048828,108.19341278076172,184.8300018310547,65.03335571289062,11.781667709350586
2020-09-01,324.71435546875,54.29462814331055,39.69060516357422,103.959228515625,108.87710571289062,185.0500030517578,65.08108520507812,11.799071311950684
2020-09-02,329.4110107421875,55.020782470703125,39.5854606628418,104.10428619384766,109.3088607788086,182.6199951171875,66.29027557373047,11.64244556427002
2020-09-03,318.0745849609375,53.777137756347656,38.83195877075195,104.24081420898438,109.06897735595703,181.13999938964844,65.49475860595703,11.538029670715332
2020-09-04,315.4775085449219,53.852256774902344,38.849483489990234,103.66057586669922,107.90956115722656,181.63999938964844,65.1526870727539,11.433613777160645
2020-09-08,306.85784912109375,53.19287872314453,38.17483139038086,103.88241577148438,108.01348114013672,181.2899932861328,64.35717010498047,11.155167579650879
2020-09-09,312.91741943359375,54.18612289428711,38.744346618652344,103.8311996459961,108.08543395996094,183.0500030517578,64.99356842041016,11.259584426879883
2020-09-10,307.48406982421875,53.55178451538086,38.122257232666016,103.959228515625,108.16539001464844,182.4600067138672,64.19805145263672,11.146467208862305
2020-09-11,307.64056396484375,54.08596420288086,38.4902458190918,104.12137603759766,108.24539184570312,182.4499969482422,63.84006881713867,11.224780082702637
2020-09-14,311.692626953125,54.37809371948242,39.112335205078125,104.02750396728516,108.51728057861328,183.88999938964844,65.39927673339844,11.233480453491211
2020-09-15,313.267333984375,54.72864532470703,39.52413558959961,103.97627258300781,108.63716888427734,183.4499969482422,66.18684387207031,11.294389724731445
2020-09-16,312.024169921875,54.72864532470703,39.47156524658203,103.91656494140625,108.70918273925781,183.97000122070312,66.53688049316406,11.50322437286377
2020-09-17,309.27978515625,54.803775787353516,39.3138542175293,103.95066833496094,108.7331771850586,182.9600067138672,65.24018096923828,11.633745193481445
2020-09-18,305.7191467285156,54.36139678955078,39.00719451904297,103.85680389404297,108.53323364257812,183.1999969482422,63.76847457885742,11.685953140258789
2020-09-21,302.3165588378906,52.984214782714844,38.64796447753906,104.04454803466797,108.4292984008789,179.52000427246094,61.85129165649414,11.398807525634766
2020-09-22,305.3955993652344,52.9675178527832,38.358821868896484,104.04454803466797,108.49325561523438,178.64999389648438,62.59111785888672,11.346599578857422
2020-09-23,298.3131408691406,52.525150299072266,37.76302719116211,104.04454803466797,107.70964050292969,174.7899932861328,60.70573806762695,11.216079711914062
2020-09-24,299.1082458496094,52.475067138671875,37.587791442871094,104.09577941894531,107.43775939941406,175.44000244140625,61.03190612792969,11.26828670501709
2020-09-25,303.9439697265625,52.65035629272461,37.62283706665039,104.18109130859375,107.3258285522461,174.94000244140625,62.29054260253906,11.26828670501709
2020-09-28,308.99224853515625,53.443275451660156,38.043399810791016,104.16405487060547,107.86956024169922,176.6999969482422,63.56523513793945,11.36400318145752
2020-09-29,307.3094787597656,53.38485336303711,38.017112731933594,104.24081420898438,107.7336196899414,178.19000244140625,63.10824966430664,11.233480453491211
2020-09-30,309.6394348144531,53.12610626220703,38.63043212890625,103.959228515625,107.71762084960938,177.1199951171875,63.3006706237793,11.36400318145752
2020-10-01,311.62738037109375,53.434932708740234,38.98966598510742,104.01814270019531,108.01734161376953,178.6999969482422,64.56732177734375,11.224780082702637
2020-10-02,308.668701171875,53.32642364501953,38.54282760620117,103.9156723022461,108.03341674804688,178.5399932861328,65.68167114257812,11.08555793762207
2020-10-05,314.1423034667969,54.136051177978516,39.05976104736328,103.2581558227539,107.67273712158203,179.41000366210938,66.05845642089844,11.372702598571777
2020-10-06,309.67645263671875,53.56012725830078,39.12985610961914,103.49726104736328,107.58457946777344,177.3000030517578,65.62553405761719,11.41620922088623
2020-10-07,315.06689453125,54.019195556640625,39.55918502807617,103.1983642578125,107.61666107177734,177.22000122070312,65.72174835205078,11.459716796875
2020-10-08,317.8591613769531,54.39478302001953,39.88336181640625,103.38623046875,107.8810806274414,177.85000610351562,66.8200454711914,11.572834968566895
2020-10-09,320.6977233886719,54.820457458496094,40.15498352050781,103.33497619628906,108.12952423095703,181.0800018310547,66.55548095703125,11.607640266418457
2020-10-12,325.8570556640625,55.137638092041016,40.50544357299805,103.44599914550781,108.7546157836914,180.55999755859375,66.8681411743164,11.485820770263672
2020-10-13,323.7303771972656,54.519996643066406,40.33897399902344,103.6765365600586,108.65044403076172,177.72000122070312,65.72174835205078,11.511924743652344
2020-10-14,321.6962585449219,54.42817306518555,40.06736373901367,103.71072387695312,108.7546157836914,178.27000427246094,64.92007446289062,11.590237617492676
2020-10-15,321.2987365722656,53.78548812866211,39.77821731567383,103.59969329833984,108.64242553710938,178.9199981689453,65.25676727294922,11.625042915344238
2020-10-16,321.1044921875,54.035884857177734,39.91841506958008,103.53993225097656,108.45809936523438,178.3000030517578,64.79180145263672,11.546731948852539
2020-10-19,316.22259521484375,53.835567474365234,39.804508209228516,103.36914825439453,108.24978637695312,178.38999938964844,63.78167724609375,11.555431365966797
2020-10-20,317.4893493652344,54.1026611328125,40.24259567260742,103.14714050292969,108.02538299560547,179.25,64.23860931396484,11.685953140258789
2020-10-21,316.8883361816406,53.84391403198242,40.35649108886719,103.01048278808594,107.84907531738281,180.60000610351562,64.04623413085938,11.590237617492676
2020-10-22,318.6265563964844,53.885650634765625,40.34773254394531,102.65184783935547,107.608642578125,178.8300018310547,64.0382080078125,11.625042915344238
2020-10-23,319.7083435058594,54.23619842529297,40.58430480957031,102.79701232910156,107.8810806274414,178.63999938964844,64.42301177978516,11.538029670715332
2020-10-26,313.8002014160156,53.259647369384766,40.058597564697266,103.07025909423828,108.10549926757812,178.5500030517578,63.50108337402344,11.372702598571777
2020-10-27,312.7184143066406,52.84231948852539,40.23383331298828,103.30084228515625,108.5462646484375,179.02000427246094,62.48295211791992,11.451016426086426
2020-10-28,302.030029296875,51.264808654785156,39.226234436035156,103.29231262207031,108.00935363769531,176.1300048828125,60.991825103759766,11.146467208862305
2020-10-29,305.0997314453125,51.506866455078125,39.620513916015625,102.85680389404297,107.72883605957031,175.39999389648438,61.809539794921875,11.007244110107422
2020-10-30,301.9190673828125,51.23978042602539,39.173667907714844,102.52375793457031,107.16789245605469,176.1999969482422,61.400672912597656,11.007244110107422
2020-11-02,305.3030700683594,51.90750503540039,39.6730842590332,102.69978332519531,107.58792114257812,177.91000366210938,62.86775207519531,11.207377433776855
2020-11-03,310.69354248046875,53.268001556396484,39.84831237792969,102.46907043457031,107.69232177734375,178.9199981689453,64.07829284667969,11.27698802947998
2020-11-04,317.6372375488281,53.852256774902344,41.10123825073242,103.33209228515625,109.30645751953125,178.82000732421875,64.19054412841797,11.398807525634766
2020-11-05,323.8320617675781,55.1459846496582,41.80217742919922,103.31501007080078,109.7160415649414,182.92999267578125,64.49516296386719,11.451016426086426
2020-11-06,323.75823974609375,55.262840270996094,41.99494171142578,102.96465301513672,109.3707046508789,183.19000244140625,64.05425262451172,11.40750789642334
2020-11-09,327.8263244628906,56.87373352050781,42.2840690612793,102.20419311523438,108.54352569580078,175.0800018310547,66.32300567626953,11.546731948852539
2020-11-10,327.3455810546875,57.382869720458984,41.80217742919922,101.91360473632812,108.26251983642578,175.66000366210938,67.29303741455078,11.772966384887695
2020-11-11,329.7772521972656,57.86697006225586,42.07379150390625,102.07600402832031,108.46328735351562,174.89999389648438,67.5495834350586,11.764266014099121
2020-11-12,326.5780944824219,57.02396011352539,41.75837326049805,102.65703582763672,108.89691162109375,175.9600067138672,66.66773986816406,11.668549537658691
2020-11-13,331.099365234375,57.900360107421875,42.34540557861328,102.52035522460938,109.02537536621094,177.16000366210938,68.44744110107422,11.616342544555664
2020-11-16,335.23248291015625,58.501312255859375,42.87110900878906,102.44342803955078,109.37874603271484,177.14999389648438,69.21708679199219,11.720759391784668
2020-11-17,333.429443359375,58.442893981933594,42.827301025390625,102.70831298828125,109.73213195800781,176.5,69.28118896484375,11.755563735961914
2020-11-18,329.4166564941406,58.13406753540039,42.67835235595703,102.67412567138672,109.96499633789062,175.49000549316406,67.93437957763672,11.772966384887695
2020-11-19,330.80364990234375,58.54304885864258,42.74844741821289,102.78520965576172,110.57530975341797,175.16000366210938,68.19892883300781,11.772966384887695
2020-11-20,328.5382995605469,58.71833038330078,42.985015869140625,102.96465301513672,110.47900390625,175.69000244140625,67.83016204833984,11.833876609802246
2020-11-23,330.5076599121094,58.643218994140625,43.098915100097656,102.75957489013672,110.61551666259766,172.22999572753906,67.95841217041016,11.868681907653809
2020-11-24,335.83343505859375,59.51959228515625,43.67719268798828,102.59725952148438,110.36651611328125,169.58999633789062,68.31918334960938,12.12102222442627
2020-11-25,335.3155822753906,59.44447708129883,43.43186569213867,102.63141632080078,110.4307632446289,169.50999450683594,68.35926055908203,12.225439071655273
2020-11-27,336.2494812011719,59.85346603393555,43.843666076660156,102.93904113769531,110.82430267333984,167.7899932861328,68.05462646484375,12.199335098266602
2020-11-30,334.7608642578125,58.5514030456543,42.69587707519531,102.8707046508789,111.20977020263672,166.6699981689453,67.34114837646484,12.12972354888916
2020-12-01,338.42230224609375,59.9285888671875,43.53699493408203,102.32341766357422,110.78811645507812,170.17999267578125,68.20697021484375,12.094918251037598
2020-12-02,339.1342468261719,59.936927795410156,43.59832763671875,102.15242004394531,110.41796875,171.4600067138672,67.66983032226562,12.147125244140625
2020-12-03,339.04180908203125,60.03710174560547,44.097755432128906,102.42604064941406,110.85252380371094,172.80999755859375,68.239013671875,12.164527893066406
2020-12-04,341.9635009765625,60.54622268676758,44.5533561706543,102.02415466308594,110.24093627929688,172.32000732421875,69.28118896484375,12.216737747192383
2020-12-07,341.26080322265625,60.053768157958984,44.5533561706543,102.34052276611328,110.33747100830078,174.88999938964844,68.67994689941406,12.216737747192383
2020-12-08,342.2594909667969,60.26244354248047,44.57088088989258,102.4431381225586,110.208740234375,175.5,68.43943786621094,12.234139442443848
2020-12-09,339.18975830078125,60.345916748046875,44.185367584228516,102.29779052734375,109.80640411376953,172.5,68.01453399658203,12.242840766906738
2020-12-10,339.07879638671875,60.429386138916016,44.754878997802734,102.52865600585938,110.35360717773438,172.1699981689453,67.71791076660156,12.425569534301758
2020-12-11,338.68115234375,60.24574661254883,44.439456939697266,102.73387908935547,110.46627807617188,172.49000549316406,67.65380096435547,12.390764236450195
2020-12-14,337.1648864746094,60.282833099365234,44.20840835571289,102.67401123046875,110.38578033447266,171.5399932861328,67.35718536376953,12.425569534301758
2020-12-15,341.72308349609375,60.89805603027344,44.68643569946289,102.57142639160156,110.60302734375,173.94000244140625,68.73604583740234,12.521286010742188
2020-12-16,342.2594909667969,61.13402557373047,44.89888381958008,102.48590087890625,110.5145263671875,174.89999389648438,68.81623077392578,12.590897560119629
2020-12-17,344.1731872558594,61.56382751464844,45.19102096557617,102.41146087646484,110.67579650878906,176.74000549316406,69.48162078857422,12.73882007598877
2020-12-18,342.7991027832031,61.243587493896484,45.137908935546875,102.32593536376953,110.59512329101562,176.44000244140625,68.08670806884766,12.782326698303223
2020-12-21,341.5733337402344,60.459808349609375,44.47398376464844,102.39434814453125,110.37745666503906,175.8800048828125,67.70187377929688,12.651805877685547
2020-12-22,340.9976806640625,60.30811309814453,44.11989212036133,102.56546020507812,110.68389892578125,174.49000549316406,68.17488098144531,12.51258373260498
2020-12-23,341.3041076660156,60.957054138183594,44.57135772705078,102.35155487060547,110.70805358886719,175.64999389648438,67.73396301269531,12.669209480285645
2020-12-24,342.6318359375,60.98233413696289,44.376609802246094,102.4970474243164,111.08699798583984,176.35000610351562,68.32697296142578,12.704014778137207
2020-12-28,345.57537841796875,61.479557037353516,44.50054168701172,102.50556182861328,111.15955352783203,175.7100067138672,68.73426055908203,12.625702857971191
2020-12-29,344.9161376953125,61.87564468383789,45.16447448730469,102.48847198486328,111.20793914794922,176.35000610351562,68.14777374267578,12.660507202148438
2020-12-30,345.4082946777344,61.95992660522461,45.766422271728516,102.55690002441406,111.35311126708984,177.6999969482422,68.52247619628906,12.73882007598877
2020-12-31,347.1632385253906,61.48798751831055,45.7398567199707,102.62533569335938,111.3772964477539,178.36000061035156,69.18228149414062,12.791028022766113
2021-01-04,342.43695068359375,61.808223724365234,46.0319938659668,102.65104675292969,110.81285095214844,182.3300018310547,66.93403625488281,12.721417427062988
2021-01-05,344.79541015625,62.448726654052734,47.13853073120117,102.41146087646484,110.45809173583984,182.8699951171875,67.03177642822266,13.07817268371582
2021-01-06,346.8567199707031,63.16508102416992,46.74017333984375,101.81258392333984,109.56303405761719,179.89999389648438,67.14584350585938,13.095576286315918
2021-01-07,352.01025390625,63.23249435424805,47.182796478271484,101.45323181152344,109.54692077636719,179.47999572753906,67.01551818847656,13.156485557556152
2021-01-08,354.0158386230469,63.822444915771484,48.430965423583984,101.16230773925781,109.46627044677734,173.33999633789062,67.66716766357422,13.260902404785156
2021-01-11,351.6295166015625,62.98809814453125,47.77589797973633,100.965576171875,108.99864196777344,173.0,66.7711181640625,13.16518783569336
2021-01-12,351.7037658691406,63.27465057373047,48.245059967041016,100.94842529296875,109.23248291015625,174.1199951171875,66.92589569091797,13.417527198791504
2021-01-13,352.6508483886719,63.190372467041016,48.35129165649414,101.29920196533203,110.0791015625,173.3699951171875,67.74048614501953,13.382721900939941
2021-01-14,351.4159851074219,63.696022033691406,48.80276107788086,101.06819152832031,109.6033935546875,173.27999877929688,68.1396255493164,13.504541397094727
2021-01-15,348.8531799316406,62.701576232910156,48.112274169921875,101.34202575683594,109.77272033691406,171.1300048828125,68.9216079711914,13.313111305236816
2021-01-19,351.5923156738281,63.15666198730469,48.90898895263672,101.40188598632812,109.96621704101562,172.5800018310547,68.72611999511719,13.356618881225586
2021-01-20,356.4579162597656,63.58647155761719,49.76767349243164,101.44466400146484,109.93395233154297,175.38999938964844,70.03758239746094,13.365320205688477
2021-01-21,356.78289794921875,63.63703155517578,49.85618209838867,101.29920196533203,109.49855041503906,175.27999877929688,69.70365142822266,13.356618881225586
2021-01-22,355.52008056640625,63.33363342285156,49.422420501708984,101.45323181152344,109.41796875,173.89999389648438,69.86652374267578,13.130382537841797
2021-01-25,356.92218017578125,63.257789611816406,49.794219970703125,101.86388397216797,109.88557434082031,174.0500030517578,70.39599609375,13.269604682922363
2021-01-26,356.3650817871094,63.350502014160156,49.431278228759766,101.8296890258789,109.8775634765625,173.6199951171875,70.89289855957031,13.295708656311035
2021-01-27,347.6552734375,61.90094757080078,48.05916213989258,101.94942474365234,109.68401336669922,172.52000427246094,69.63843536376953,13.260902404785156
2021-01-28,350.64520263671875,62.29703903198242,48.39554977416992,101.68423461914062,109.50664520263672,172.67999267578125,70.01315307617188,13.199993133544922
2021-01-29,343.62542724609375,61.00761413574219,47.19163131713867,101.50457000732422,109.33728790283203,172.61000061035156,69.20672607421875,13.217395782470703
2021-02-01,349.34539794921875,61.732391357421875,48.466373443603516,101.63127136230469,109.55301666259766,174.22999572753906,70.7869873046875,13.469734191894531
2021-02-02,354.28509521484375,62.35603332519531,49.09488296508789,101.37444305419922,109.26216125488281,172.11000061035156,71.21058654785156,13.574151992797852
2021-02-03,354.56365966796875,62.507728576660156,49.34275436401367,101.12613677978516,109.00363159179688,171.85000610351562,71.03137969970703,13.669867515563965
2021-02-04,358.59356689453125,62.57514572143555,49.36044692993164,101.09186553955078,109.18939971923828,168.14999389648438,71.52013397216797,13.73947811126709
2021-02-05,360.0049133300781,62.96282958984375,49.785369873046875,100.87788391113281,108.89861297607422,169.80999755859375,71.77264404296875,13.809089660644531
2021-02-08,362.6048889160156,63.401065826416016,49.87388229370117,100.92068481445312,109.36713409423828,171.52000427246094,72.16364288330078,14.026625633239746
2021-02-09,362.3634948730469,63.7465934753418,50.405029296875,100.99772644042969,109.19751739501953,172.0800018310547,72.41616821289062,14.078832626342773
2021-02-10,362.20562744140625,63.5274658203125,50.58207702636719,101.25457763671875,109.4560317993164,172.7100067138672,72.80715942382812,14.052727699279785
2021-02-11,362.7904968261719,63.957279205322266,51.122066497802734,101.17748260498047,109.16519165039062,171.2100067138672,72.96192932128906,14.026625633239746
2021-02-12,364.5826416015625,64.31124114990234,51.16632843017578,100.84362030029297,108.80973052978516,170.69000244140625,72.97821807861328,14.200652122497559
2021-02-16,364.26690673828125,64.77476501464844,51.290260314941406,100.11592102050781,108.0422134399414,168.24000549316406,72.41616821289062,14.392082214355469
2021-02-17,364.3504638671875,64.39552307128906,51.30795669555664,100.18444061279297,108.58354949951172,166.3300018310547,72.3265609741211,14.435589790344238
2021-02-18,362.7998352050781,64.07527160644531,50.59977722167969,100.17587280273438,108.37344360351562,166.32000732421875,72.01701354980469,14.383380889892578
2021-02-19,362.15911865234375,64.26068115234375,50.927310943603516,99.7734375,107.58978271484375,167.00999450683594,72.43246459960938,14.374679565429688
2021-02-22,359.37347412109375,64.10053253173828,49.431278228759766,99.61076354980469,106.91921997070312,169.50999450683594,73.03524017333984,14.696629524230957
2021-02-23,359.8099365234375,64.1595458984375,49.6525764465332,99.68787384033203,106.99999237060547,169.1199951171875,73.49140930175781,14.766240119934082
2021-02-24,363.77490234375,64.36181640625,49.333900451660156,99.5508804321289,107.16161346435547,169.0,74.05345916748047,14.992476463317871
2021-02-25,355.0093994140625,63.26621627807617,48.20965576171875,98.2238540649414,105.4649429321289,165.82000732421875,72.63610076904297,14.870657920837402
2021-02-26,353.18011474609375,62.37289810180664,47.563438415527344,99.10569763183594,106.86267852783203,161.80999755859375,71.5771484375,14.557406425476074
2021-03-01,361.7413330078125,63.54431915283203,48.838165283203125,98.99430084228516,106.96707153320312,161.52999877929688,71.89482116699219,14.435589790344238
2021-03-02,358.91851806640625,63.47690963745117,48.36015319824219,99.1742172241211,106.84566497802734,162.41000366210938,71.20243835449219,14.496499061584473
2021-03-03,354.1644592285156,63.089237213134766,48.26277160644531,98.64307403564453,106.05231475830078,160.6199951171875,70.795166015625,14.583512306213379
2021-03-04,349.78179931640625,62.49087142944336,47.13853073120117,98.15479278564453,105.18607330322266,159.0399932861328,69.98870086669922,14.809748649597168
2021-03-05,356.216552734375,62.8953971862793,47.65195846557617,98.01773071289062,105.04843139648438,159.13999938964844,70.7544174194336,15.114297866821289
2021-03-08,354.44305419921875,62.67627716064453,46.36837387084961,97.63224792480469,104.06888580322266,157.49000549316406,71.36534881591797,14.905463218688965
2021-03-09,359.5035400390625,63.519046783447266,47.38639450073242,98.0948486328125,104.85414123535156,160.83999633789062,71.83782196044922,14.905463218688965
2021-03-10,361.7413330078125,63.78872299194336,47.1739387512207,98.3004379272461,105.34798431396484,161.66000366210938,72.55462646484375,15.001179695129395
2021-03-11,365.4090881347656,64.1258316040039,48.66112518310547,98.26617431640625,105.41278839111328,161.52000427246094,73.40180206298828,15.227415084838867
2021-03-12,365.90118408203125,64.28595733642578,47.79359817504883,97.55512237548828,104.1983871459961,161.49000549316406,74.6318130493164,15.15780258178711
2021-03-15,368.0832824707031,64.3365249633789,47.90867233276367,97.67506408691406,104.55457305908203,162.1999969482422,75.73963928222656,15.105596542358398
2021-03-16,367.61907958984375,64.44609069824219,48.112274169921875,97.65794372558594,104.48174285888672,162.35000610351562,75.43011474609375,15.044684410095215
2021-03-17,368.8725280761719,64.82532501220703,48.17424774169922,97.49516296386719,104.57889556884766,163.50999450683594,75.49529266357422,15.044684410095215
2021-03-18,363.50555419921875,64.23539733886719,47.28901290893555,96.88694763183594,103.97982788085938,162.55999755859375,74.72958374023438,14.331171989440918
2021-03-19,362.8330078125,64.4123764038086,47.87327194213867,96.82698059082031,104.13359832763672,163.24000549316406,73.71134948730469,14.644421577453613
2021-03-22,365.7301940917969,64.47136688232422,47.731632232666016,97.14395141601562,104.50602722167969,163.0,74.23265838623047,14.618317604064941
2021-03-23,362.8515930175781,63.57804870605469,46.81984329223633,97.6236572265625,104.81369018554688,161.80999755859375,74.12679290771484,14.20935344696045
2021-03-24,361.0070495605469,63.257789611816406,45.748722076416016,97.75218200683594,105.12937927246094,162.3699951171875,73.71134948730469,14.583512306213379
2021-03-25,363.0379333496094,63.729732513427734,45.9611701965332,97.6236572265625,105.00798034667969,161.77999877929688,74.46186065673828,14.252860069274902
2021-03-26,368.8882751464844,64.5556411743164,47.15623474121094,97.29814910888672,104.93510437011719,162.24000549316406,76.06777954101562,14.592214584350586
2021-03-29,368.701904296875,64.30282592773438,46.82870101928711,96.96406555175781,104.68409729003906,160.30999755859375,75.62533569335938,14.609618186950684
2021-03-30,367.7237854003906,64.21853637695312,46.97918701171875,96.87840270996094,105.00798034667969,157.57000732421875,75.72366333007812,14.374679565429688
2021-03-31,369.21429443359375,63.940425872802734,47.21819305419922,96.74134826660156,105.28321075439453,159.9600067138672,75.26483154296875,14.45299243927002
2021-04-01,373.2014465332031,64.77476501464844,47.67851638793945,97.16990661621094,105.94345092773438,161.97999572753906,76.63313293457031,14.696629524230957
2021-04-05,378.5580139160156,65.71865844726562,47.864418029785156,96.89561462402344,105.42435455322266,161.9199981689453,76.92808532714844,14.479095458984375
2021-04-06,378.3344421386719,65.0191650390625,48.129981994628906,97.36702728271484,106.1300277709961,163.22000122070312,77.12472534179688,14.531305313110352
2021-04-07,378.772216796875,65.15399932861328,47.42179489135742,97.30706787109375,105.91914367675781,162.75999450683594,77.18206024169922,14.574811935424805
2021-04-08,380.5703125,65.52481079101562,47.81129837036133,97.6413803100586,106.30847930908203,164.50999450683594,76.89531707763672,14.653122901916504
2021-04-09,383.3370666503906,65.72708129882812,47.404090881347656,97.38420104980469,106.08946990966797,163.27000427246094,76.80519104003906,14.600915908813477
2021-04-12,383.476806640625,65.36469268798828,47.120819091796875,97.32421875,106.06514739990234,162.27999877929688,77.25582885742188,14.609618186950684
2021-04-13,384.61328125,65.74393463134766,47.31557846069336,97.72710418701172,106.53563690185547,163.42999267578125,77.64092254638672,14.766240119934082
2021-04-14,383.29986572265625,65.79450225830078,47.55458450317383,97.60710906982422,106.38961029052734,162.72000122070312,77.23124694824219,15.105596542358398
2021-04-15,387.4173583984375,66.3423080444336,47.98834991455078,98.23281860351562,107.04662322998047,165.35000610351562,78.58316802978516,15.201311111450195
2021-04-16,388.71234130859375,66.82267761230469,48.112274169921875,97.96707916259766,106.31658935546875,166.35000610351562,78.7552261352539,15.175206184387207
2021-04-19,386.8025207519531,66.70469665527344,47.935237884521484,97.8642578125,106.04082489013672,165.88999938964844,78.910888671875,15.192608833312988
2021-04-20,383.97052001953125,65.5079574584961,47.54573059082031,98.15567779541016,106.24358367919922,166.47999572753906,79.55818939208984,15.166505813598633
2021-04-21,387.603759765625,66.18217468261719,47.83786392211914,98.20709991455078,106.60860443115234,168.1300048828125,80.08255004882812,15.105596542358398
2021-04-22,384.063720703125,65.96305847167969,47.66966247558594,98.28424835205078,106.71404266357422,167.0399932861328,79.6482925415039,15.227415084838867
2021-04-23,388.2279357910156,66.63726043701172,48.36015319824219,98.15567779541016,106.80326843261719,166.39999389648438,80.11531829833984,15.34923267364502
2021-04-26,389.0383605957031,66.68782806396484,48.422115325927734,98.05281066894531,106.7546157836914,166.83999633789062,80.35293579101562,15.45365047454834
2021-04-27,388.95452880859375,66.4687271118164,48.39554977416992,97.66706085205078,106.27604675292969,166.4199981689453,80.34474182128906,15.584172248840332
2021-04-28,388.8427429199219,66.63726043701172,48.75849914550781,97.7956771850586,106.2922592163086,166.91000366210938,80.17268371582031,15.610275268554688
2021-04-29,391.32073974609375,66.66255950927734,48.64341735839844,97.62419891357422,106.16249084472656,166.22000122070312,80.86093139648438,15.714691162109375
2021-04-30,388.7495422363281,65.82820892333984,47.784751892089844,97.70993041992188,106.38150787353516,165.66000366210938,81.18046569824219,15.584172248840332
2021-05-03,389.5880126953125,66.5530014038086,47.784751892089844,97.87635803222656,106.63750457763672,167.80999755859375,81.02479553222656,15.758198738098145
2021-05-04,387.1845703125,65.56696319580078,47.2447509765625,98.0050048828125,106.7025375366211,166.5800018310547,80.50042724609375,16.0018367767334
2021-05-05,387.30560302734375,66.46028137207031,47.466064453125,98.1250991821289,106.83257293701172,167.27000427246094,79.16490173339844,16.062746047973633
2021-05-06,390.3984680175781,67.00808715820312,47.91753005981445,98.16793823242188,107.03570556640625,170.05999755859375,79.60736846923828,16.14105796813965
2021-05-07,393.2397766113281,67.76658630371094,48.41325759887695,98.20226287841797,107.07633972167969,171.58999633789062,80.6561050415039,16.29768180847168
2021-05-10,389.3458557128906,67.40418243408203,47.54573059082031,98.0050048828125,106.49933624267578,172.11000061035156,80.63152313232422,16.184566497802734
2021-05-11,385.8709411621094,66.51927185058594,47.4129524230957,97.842041015625,106.10922241210938,172.13999938964844,79.61553192138672,16.358592987060547
2021-05-12,377.673095703125,65.4573974609375,46.102806091308594,97.37029266357422,105.5322036743164,170.42999267578125,77.59994506835938,16.341190338134766
2021-05-13,382.2098693847656,65.94620513916016,46.040836334228516,97.69619750976562,105.93041229248047,171.1300048828125,78.60774230957031,15.88871955871582
2021-05-14,388.0788879394531,67.05020904541016,46.87295913696289,97.91063690185547,106.50748443603516,172.69000244140625,79.54178619384766,16.019241333007812
2021-05-17,387.09136962890625,66.92381286621094,46.82870101928711,97.8162841796875,106.38555145263672,174.6999969482422,79.62373352050781,16.219369888305664
2021-05-18,383.75634765625,67.06707763671875,47.457210540771484,97.8162841796875,106.03608703613281,175.0399932861328,79.6401138305664,16.14105796813965
2021-05-19,382.7500915527344,66.47714233398438,47.31557846069336,97.52464294433594,105.84916687011719,175.16000366210938,79.3861083984375,15.810405731201172
2021-05-20,386.8678283691406,67.35360717773438,47.589988708496094,97.92781829833984,106.57247161865234,175.9600067138672,80.27920532226562,15.645079612731934
2021-05-21,386.551025390625,67.4463119506836,47.0411491394043,97.96210479736328,106.64562225341797,176.0399932861328,80.19725799560547,15.79300308227539
2021-05-24,390.4916687011719,67.8592758178711,47.43064880371094,98.05647277832031,106.93816375732422,176.35000610351562,81.19685363769531,16.01053810119629
2021-05-25,389.625244140625,67.87613677978516,47.89982604980469,98.41670989990234,107.33643341064453,177.9499969482422,81.17227935791016,15.958329200744629
2021-05-26,390.3984680175781,67.83399200439453,48.25390625,98.30520629882812,107.2795639038086,177.63999938964844,81.53279876708984,15.98443603515625
2021-05-27,390.60345458984375,67.96041107177734,48.26277160644531,98.13365936279297,106.9544677734375,177.7100067138672,81.34435272216797,16.236774444580078
2021-05-28,391.3021545410156,68.12052917480469,48.57259750366211,98.1250991821289,107.04383850097656,178.3800048828125,81.8359603881836,16.184566497802734
2021-06-01,390.95745849609375,68.36492919921875,49.57291030883789,98.10706329345703,107.05772399902344,177.89999389648438,83.31076049804688,16.471712112426758
2021-06-02,391.57232666015625,68.59247589111328,49.6525764465332,98.21866607666016,107.22872161865234,178.77000427246094,84.28579711914062,16.558727264404297
2021-06-03,390.1189880371094,68.25536346435547,49.121437072753906,97.9697265625,106.80526733398438,175.27000427246094,83.97444152832031,16.419504165649414
2021-06-04,393.6869812011719,68.83688354492188,49.56406021118164,98.51049041748047,107.5625991821289,177.16000366210938,84.01539611816406,16.602231979370117
2021-06-07,393.3050537109375,69.06442260742188,49.316192626953125,98.43323516845703,107.4730224609375,177.8699951171875,85.0068130493164,16.628337860107422
2021-06-08,393.3888854980469,69.03071594238281,49.077178955078125,98.71648406982422,107.88016510009766,177.32000732421875,85.71144104003906,16.793663024902344
2021-06-09,392.80194091796875,68.8453140258789,48.935543060302734,99.02544403076172,108.27108001708984,176.97999572753906,85.8261489868164,16.715351104736328
2021-06-10,394.6278381347656,69.03496551513672,49.32762908935547,99.37739562988281,108.7596206665039,177.74000549316406,86.44066619873047,16.776262283325195
2021-06-11,395.27996826171875,69.19728088378906,49.158714294433594,99.23146057128906,108.84915161132812,175.74000549316406,86.09652709960938,16.724050521850586
2021-06-14,396.1650390625,69.31687927246094,49.29206848144531,98.9224624633789,108.45016479492188,174.7100067138672,86.43245697021484,16.628337860107422
2021-06-15,395.4383544921875,69.40230560302734,48.9542121887207,98.9396743774414,108.53158569335938,174.0500030517578,85.506591796875,16.558727264404297
2021-06-16,393.23040771484375,68.97515869140625,48.287391662597656,98.26158142089844,108.22218322753906,171.11000061035156,84.94945526123047,16.463010787963867
2021-06-17,393.1000671386719,68.49675750732422,48.55411911010742,98.61347961425781,108.82481384277344,165.85000610351562,84.84293365478516,16.03664207458496
2021-06-18,387.7970275878906,67.0786361694336,48.21625518798828,99.17137145996094,109.39471435546875,164.92999267578125,83.40088653564453,16.201969146728516
2021-06-21,393.3486633300781,67.95856475830078,48.420753479003906,98.85381317138672,108.7596206665039,166.9499969482422,85.12149047851562,16.402101516723633
2021-06-22,395.45159912109375,67.96709442138672,48.19847106933594,99.0340576171875,108.93881225585938,166.25,84.67906951904297,16.428203582763672
2021-06-23,394.9749755859375,67.53141784667969,48.491878509521484,98.83661651611328,108.76777648925781,166.13999938964844,84.53158569335938,16.532621383666992
2021-06-24,397.3114929199219,68.18067169189453,48.936431884765625,98.81947326660156,108.97954559326172,166.0399932861328,84.34922790527344,16.593528747558594
2021-06-25,398.7227783203125,68.32589721679688,49.34542465209961,98.61347961425781,108.69449615478516,166.58999633789062,84.91859436035156,16.5239200592041
2021-06-28,399.52667236328125,67.89022064208984,49.38987350463867,98.9224624633789,109.15865325927734,166.5800018310547,84.6710433959961,16.51521873474121
2021-06-29,399.7415771484375,67.90730285644531,49.354305267333984,98.97396087646484,109.2889633178711,164.8300018310547,84.43998718261719,16.593528747558594
2021-06-30,400.0780334472656,67.38618469238281,49.03424072265625,99.12848663330078,109.41105651855469,165.6300048828125,83.99440002441406,16.750154495239258
2021-07-01,402.2930908203125,67.54849243164062,48.758609771728516,99.05717468261719,109.31558990478516,166.1999969482422,84.35748291015625,16.811067581176758
2021-07-02,405.3680419921875,67.7791519165039,48.70526123046875,99.41793823242188,109.6256332397461,167.2899932861328,84.61327362060547,16.967689514160156
2021-07-06,404.629638671875,67.33493041992188,47.851722717285156,99.94187927246094,110.02544403076172,168.1199951171875,85.23216247558594,16.506515502929688
2021-07-07,406.0596923828125,67.7022705078125,47.79836654663086,100.23388671875,110.40069580078125,168.75999450683594,85.52921295166016,16.306385040283203
2021-07-08,402.7510986328125,66.83090209960938,46.802574157714844,100.4915542602539,110.45781707763672,168.64999389648438,85.28992462158203,16.445608139038086
2021-07-09,407.0503234863281,67.96709442138672,47.611663818359375,99.98481750488281,109.9927978515625,169.2100067138672,86.6927261352539,16.637039184570312
2021-07-12,408.5084228515625,68.257568359375,47.65610885620117,99.93329620361328,109.93567657470703,169.0,87.43537902832031,16.66314125061035
2021-07-13,407.11578369140625,67.89877319335938,47.7005729675293,99.62403106689453,109.52771759033203,169.22000122070312,86.214111328125,16.8023624420166
2021-07-14,407.7232666015625,68.05252838134766,47.90507125854492,100.05351257324219,110.03356170654297,171.0399932861328,86.81647491455078,16.637039184570312
2021-07-15,406.3307189941406,67.40327453613281,48.020652770996094,100.4743881225586,110.27011108398438,171.07000732421875,86.95677185058594,16.550025939941406
2021-07-16,403.1436767578125,66.90777587890625,47.6472282409668,100.45720672607422,110.11515045166016,169.41000366210938,86.89901733398438,16.550025939941406
2021-07-19,397.1900329589844,65.69469451904297,46.8470344543457,101.31610870361328,110.90650939941406,169.61000061035156,85.3146743774414,15.88871955871582
2021-07-20,402.88189697265625,66.17308807373047,46.9981803894043,101.187255859375,110.75150299072266,169.38999938964844,87.3281021118164,16.1236572265625
2021-07-21,406.143798828125,67.18115997314453,47.300479888916016,100.60322570800781,110.35991668701172,168.75999450683594,87.3198471069336,16.445608139038086
2021-07-22,406.9942626953125,67.20677947998047,47.38938903808594,100.83511352539062,110.8167953491211,169.08999633789062,86.62671661376953,16.576128005981445
2021-07-23,411.181396484375,67.67664337158203,46.68699645996094,100.68052673339844,110.76780700683594,168.55999755859375,87.3446044921875,16.66314125061035
2021-07-26,412.19091796875,67.77061462402344,45.79788589477539,100.61180877685547,110.52308654785156,168.16000366210938,87.38587188720703,16.784961700439453
2021-07-27,410.3122253417969,67.49724578857422,44.87322235107422,101.04124450683594,110.99625396728516,168.44000244140625,87.8809814453125,16.689245223999023
2021-07-28,410.1439514160156,67.78770446777344,46.09129333496094,101.12712860107422,111.19205474853516,169.2899932861328,87.5756607055664,16.76755714416504
2021-07-29,411.8450622558594,68.257568359375,46.32245635986328,100.81791687011719,110.8738784790039,171.1699981689453,87.5921401977539,17.063405990600586
2021-07-30,409.84490966796875,67.90730285644531,45.877906799316406,101.10137939453125,110.96365356445312,169.82000732421875,87.70767974853516,16.967689514160156
2021-08-02,408.9851379394531,68.24901580810547,46.20687484741211,101.54488372802734,111.28484344482422,169.61000061035156,87.51789093017578,16.784961700439453
2021-08-03,412.31231689453125,68.73594665527344,46.40248107910156,101.57059478759766,111.3992691040039,169.49000549316406,87.62516784667969,16.706647872924805
2021-08-04,410.2841796875,68.53092193603516,46.64253616333008,101.54488372802734,111.42375946044922,169.52999877929688,87.35285186767578,16.436904907226562
2021-08-05,412.88250732421875,68.86410522460938,46.57140350341797,101.17527770996094,110.96607208251953,168.86000061035156,88.37606048583984,16.680545806884766
2021-08-06,413.56475830078125,68.60779571533203,46.180206298828125,100.58224487304688,110.05891418457031,164.63999938964844,88.21929931640625,16.541322708129883
2021-08-09,413.2283020019531,68.57364654541016,46.331356048583984,100.36741638183594,109.58485412597656,161.72000122070312,87.74894714355469,16.306385040283203
2021-08-10,413.7423095703125,68.7274169921875,46.393585205078125,100.17832946777344,109.33968353271484,161.77000427246094,86.91551971435547,16.602231979370117
2021-08-11,414.7703857421875,69.19728088378906,46.518062591552734,100.2900161743164,109.51126861572266,164.0,87.42710876464844,16.750154495239258
2021-08-12,416.01348876953125,69.1374740600586,46.109073638916016,100.1869125366211,109.66655731201172,164.0399932861328,87.61690521240234,16.689245223999023
2021-08-13,416.7705383300781,69.55607604980469,45.99348831176758,100.76274871826172,110.40213012695312,166.38999938964844,88.09550476074219,16.593528747558594
2021-08-16,417.7519226074219,69.19728088378906,45.57561111450195,100.98622131347656,110.46749114990234,167.22000122070312,87.9882583618164,16.550025939941406
2021-08-17,415.0134582519531,68.54801177978516,44.73985290527344,100.93464660644531,110.27137756347656,166.97000122070312,87.89744567871094,16.36729621887207
2021-08-18,410.4711608886719,68.2831802368164,44.810977935791016,100.88307189941406,110.19778442382812,167.10000610351562,87.09705352783203,16.175865173339844
2021-08-19,411.106689453125,67.60829162597656,44.04635238647461,101.10652160644531,110.45121765136719,166.61000061035156,87.51789093017578,15.949628829956055
2021-08-20,414.37786865234375,67.87312316894531,44.010780334472656,101.01197814941406,110.52471160888672,166.6999969482422,87.95523834228516,15.575468063354492
2021-08-23,418.0229797363281,68.50530242919922,44.6776123046875,101.03777313232422,110.6064453125,168.72999572753906,87.79020690917969,16.14105796813965
2021-08-24,418.6865539550781,68.6505355834961,45.69119644165039,100.76274871826172,110.35308837890625,168.64999389648438,87.4023666381836,16.48041534423828
2021-08-25,419.5650634765625,68.67615509033203,45.74454116821289,100.36741638183594,110.06702423095703,167.47999572753906,87.3446044921875,16.628337860107422
2021-08-26,417.0882873535156,68.31736755371094,45.30887985229492,100.36741638183594,110.03435516357422,167.6699981689453,87.37761688232422,16.497814178466797
2021-08-27,420.8174743652344,68.94097900390625,45.869014739990234,100.69398498535156,110.64734649658203,170.19000244140625,88.29354858398438,16.706647872924805
2021-08-30,422.66802978515625,68.92390441894531,45.96681594848633,100.89166259765625,110.83531951904297,169.35000610351562,89.17650604248047,16.76755714416504
2021-08-31,422.0418395996094,68.88973236083984,46.598079681396484,100.70258331298828,110.58196258544922,169.69000244140625,89.59732055664062,16.689245223999023
2021-09-01,422.2661437988281,69.51335906982422,47.19377899169922,100.7456283569336,110.72439575195312,169.6999969482422,91.03312683105469,16.61093521118164
2021-09-02,423.5653381347656,69.79527282714844,46.98040008544922,100.8659896850586,110.9208984375,169.25,91.51171875,16.8023624420166
2021-09-03,423.46246337890625,70.11135864257812,47.22935104370117,100.62519836425781,110.51976013183594,171.05999755859375,91.52822875976562,16.819766998291016
2021-09-07,421.9483337402344,70.1626205444336,47.50497817993164,100.22956848144531,109.99578094482422,167.7100067138672,90.49677276611328,16.628337860107422
2021-09-08,421.4344177246094,69.60734558105469,46.811466217041016,100.50476837158203,110.3478012084961,167.2899932861328,90.95062255859375,16.750154495239258
2021-09-09,419.6305236816406,69.48773956298828,46.722557067871094,100.78858184814453,111.06827545166016,168.02999877929688,89.10222625732422,16.628337860107422
2021-09-10,416.32183837890625,69.3339614868164,46.66920852661133,100.4703598022461,110.74901580810547,167.17999267578125,87.79845428466797,16.845870971679688
2021-09-13,417.3874206542969,69.88070678710938,46.79368591308594,100.59077453613281,111.01915740966797,167.74000549316406,88.392578125,16.97639274597168
2021-09-14,415.1349792480469,69.59024047851562,46.40248107910156,100.96920013427734,111.35484313964844,168.82000732421875,88.23580169677734,16.967689514160156
2021-09-15,418.6023254394531,69.79527282714844,46.393585205078125,100.79718017578125,111.22383880615234,167.8300018310547,88.51634216308594,17.246135711669922
2021-09-16,417.9388427734375,69.6842269897461,45.869014739990234,100.47896575927734,111.06827545166016,164.02999877929688,88.59060668945312,17.12431526184082
2021-09-17,413.8677062988281,68.77013397216797,45.67341232299805,100.18657684326172,110.82261657714844,163.77000427246094,87.79845428466797,16.98509407043457
2021-09-20,406.9667053222656,67.49724578857422,44.446449279785156,100.69397735595703,111.1665267944336,164.94000244140625,87.26209259033203,16.784961700439453
2021-09-21,406.58233642578125,68.16358947753906,44.77541732788086,100.63380432128906,111.15830993652344,166.0399932861328,87.30335235595703,16.8023624420166
2021-09-22,410.5484924316406,68.50530242919922,45.33555603027344,100.7283706665039,111.46941375732422,165.4199981689453,88.15327453613281,16.99379539489746
2021-09-23,415.5366516113281,69.24852752685547,45.69119644165039,99.8167495727539,110.69989013671875,163.50999450683594,87.97997283935547,17.25483512878418
2021-09-24,416.22113037109375,68.59925842285156,45.148834228515625,99.51570129394531,110.46239471435547,163.3000030517578,87.03926849365234,17.333147048950195
2021-09-27,415.0303649902344,68.55655670166016,45.4422492980957,99.24911499023438,110.40511322021484,163.63999938964844,85.86857604980469,17.568084716796875
2021-09-28,406.6667175292969,67.06156158447266,44.855438232421875,98.87071990966797,109.22616577148438,162.0500030517578,85.28736114501953,17.428863525390625
2021-09-29,407.3512268066406,66.90777587890625,44.43754959106445,98.97389221191406,109.20158386230469,161.32000732421875,85.92667388916016,17.446266174316406
2021-09-30,402.3724060058594,66.64295959472656,44.79319763183594,99.09432220458984,108.9150161743164,164.22000122070312,84.50688934326172,17.559385299682617
2021-10-01,407.154296875,66.80525970458984,44.748741149902344,99.4988021850586,109.70663452148438,164.58999633789062,85.70250701904297,17.794321060180664
2021-10-04,401.9036560058594,66.10474395751953,44.09080123901367,99.37832641601562,109.52615356445312,165.36000061035156,85.71910858154297,18.08146858215332
2021-10-05,406.08538818359375,66.55753326416016,44.40198516845703,99.06848907470703,109.07495880126953,164.58999633789062,85.12960815429688,18.307703018188477
2021-10-06,407.7730712890625,66.11328887939453,44.153038024902344,99.09432220458984,109.10779571533203,165.02999877929688,85.94329833984375,18.003156661987305
2021-10-07,411.29852294921875,66.6258544921875,45.01547622680664,98.69839477539062,108.62384033203125,164.16000366210938,86.17576599121094,18.22939109802246
2021-10-08,410.5484924316406,66.61732482910156,45.18440246582031,98.4832534790039,108.1234359741211,164.22999572753906,85.36207580566406,18.290300369262695
2021-10-11,407.5762634277344,66.40375518798828,45.095489501953125,98.24227142333984,107.91837310791016,163.9199981689453,85.57795715332031,18.412118911743164
2021-10-12,406.5729675292969,66.43791961669922,44.86431884765625,98.68981170654297,108.60742950439453,164.66000366210938,86.6988525390625,18.412118911743164
2021-10-13,408.03564453125,67.09571838378906,45.486698150634766,98.87911987304688,109.15703582763672,167.58999633789062,87.32986450195312,18.51653480529785
2021-10-14,414.89910888671875,67.7620620727539,45.62895965576172,99.11152648925781,109.67381286621094,168.0,88.39264678955078,18.707965850830078
2021-10-15,418.058837890625,68.32589721679688,46.180206298828125,98.62096405029297,109.28009033203125,165.3300018310547,88.32621765136719,18.864591598510742
2021-10-18,419.2965393066406,68.03543853759766,46.06462097167969,98.4832534790039,109.18985748291016,164.9199981689453,88.5504150390625,18.7514705657959
2021-10-19,422.53131103515625,68.44550323486328,46.6781005859375,98.13037109375,108.59103393554688,165.4499969482422,88.59191131591797,18.79498291015625
2021-10-20,424.19091796875,68.6846923828125,46.66920852661133,98.08734893798828,108.32852935791016,166.89999389648438,89.9867935180664,19.003812789916992
2021-10-21,425.29736328125,68.36006927490234,46.36691665649414,97.82913208007812,108.0988540649414,166.75,90.1113510131836,18.7166690826416
2021-10-22,424.85662841796875,68.77013397216797,46.269107818603516,98.07872772216797,108.5335922241211,167.77000427246094,90.53478240966797,18.803682327270508
2021-10-25,427.1351013183594,68.6334457397461,46.50917434692383,98.1992416381836,108.58279418945312,168.92999267578125,90.82538604736328,18.899396896362305
2021-10-26,427.51947021484375,68.77013397216797,46.269107818603516,98.31971740722656,109.05040740966797,167.67999267578125,91.07449340820312,18.925500869750977
2021-10-27,425.62554931640625,68.49675750732422,45.89568328857422,98.87056732177734,109.71485137939453,168.1199951171875,90.30229949951172,18.577444076538086
2021-10-28,429.7323303222656,69.16309356689453,45.94013977050781,98.61234283447266,109.55074310302734,168.0800018310547,91.56434631347656,18.673158645629883
2021-10-29,430.6042785644531,68.76158905029297,45.2733154296875,98.65538787841797,109.49333190917969,166.64999389648438,90.53478240966797,18.577444076538086
2021-11-01,431.344970703125,69.42794036865234,45.62895965576172,98.64762115478516,109.29774475097656,167.52000427246094,90.98313903808594,18.7166690826416
2021-11-02,433.08892822265625,69.28268432617188,45.21996307373047,98.88874816894531,109.7169418334961,167.16000366210938,91.41490173339844,18.768875122070312
2021-11-03,435.7330627441406,69.84651947021484,45.43335723876953,98.5787582397461,109.43748474121094,165.77000427246094,91.72209167480469,18.290300369262695
2021-11-04,437.7865295410156,69.80382537841797,45.32666015625,99.11273193359375,110.01277923583984,167.64999389648438,90.85030364990234,18.177183151245117
2021-11-05,439.3055419921875,69.90632629394531,45.2733154296875,99.65525817871094,110.8182144165039,169.83999633789062,91.31525421142578,18.429523468017578
2021-11-08,439.6805114746094,69.89778900146484,45.69119644165039,99.22465515136719,110.5634994506836,170.4499969482422,91.24053192138672,18.542640686035156
2021-11-09,438.2271728515625,69.7440185546875,45.513370513916016,99.6811294555664,110.85934448242188,171.2899932861328,91.39830017089844,18.690563201904297
2021-11-10,434.7016296386719,68.89827728271484,45.32666015625,98.82849884033203,109.7251205444336,173.14999389648438,90.97484588623047,18.455625534057617
2021-11-11,434.84234619140625,69.1460189819336,46.109073638916016,98.50979614257812,109.41276550292969,174.1199951171875,91.1242904663086,18.58614730834961
2021-11-12,438.1240234375,69.52189636230469,46.23354721069336,98.7165298461914,109.29774475097656,174.4499969482422,91.05786895751953,18.560043334960938
2021-11-15,438.2740478515625,69.39375305175781,46.08240509033203,98.32897186279297,108.46759033203125,174.17999267578125,91.69719696044922,18.568744659423828
2021-11-16,440.0086364746094,69.23999786376953,46.14463806152344,98.24280548095703,108.28675079345703,172.9199981689453,91.09109497070312,18.542640686035156
2021-11-17,438.9397888183594,69.15455627441406,45.904579162597656,98.595947265625,108.7223892211914,174.5,91.37337493896484,18.377315521240234
2021-11-18,440.43060302734375,69.222900390625,45.34444808959961,98.6562271118164,108.96895599365234,173.94000244140625,91.38998413085938,18.43822479248047
2021-11-19,439.6429443359375,68.6334457397461,45.2733154296875,98.92321014404297,109.37992095947266,172.61000061035156,90.85030364990234,18.142377853393555
2021-11-22,438.4052734375,68.23191833496094,44.908775329589844,98.19977569580078,108.426513671875,168.74000549316406,90.40193939208984,18.272899627685547
2021-11-23,438.98663330078125,68.16358947753906,44.86431884765625,97.79499053955078,107.65389251708984,167.27999877929688,91.13259887695312,18.60354995727539
2021-11-24,440.1587219238281,67.7108154296875,44.802093505859375,98.09644317626953,108.17172241210938,167.1199951171875,92.23686981201172,18.533939361572266
2021-11-26,430.3417663574219,65.89117431640625,43.29949951171875,99.36246490478516,109.0511703491211,166.85000610351562,89.67130279541016,17.428863525390625
2021-11-29,435.6205139160156,66.22435760498047,43.468421936035156,99.1385498046875,109.12510681152344,166.6199951171875,90.33552551269531,17.428863525390625
2021-11-30,427.1445007324219,65.6434326171875,43.42397689819336,99.73278045654297,109.36348724365234,165.5,88.6251220703125,16.950286865234375
2021-12-01,422.40008544921875,65.2675552368164,43.58401107788086,99.9206771850586,109.37914276123047,166.16000366210938,87.16382598876953,16.8023624420166
2021-12-02,428.86968994140625,66.07911682128906,44.11747360229492,99.70520782470703,109.6343765258789,165.24000549316406,89.77922821044922,16.950286865234375
2021-12-03,425.1378479003906,65.80575561523438,43.49509811401367,100.29131317138672,110.54833221435547,166.6300048828125,89.48031616210938,16.967689514160156
2021-12-06,430.1730041503906,66.43791961669922,43.83295822143555,99.79141998291016,109.98838806152344,166.22000122070312,91.04957580566406,17.263538360595703
2021-12-07,439.0710144042969,67.83897399902344,44.526458740234375,99.41211700439453,110.037841796875,166.80999755859375,92.3614273071289,17.524578094482422
2021-12-08,440.2336730957031,67.96709442138672,44.70428466796875,99.0932846069336,109.30500793457031,166.89999389648438,93.0256576538086,17.75951385498047
2021-12-09,437.2614440917969,67.40327453613281,44.49089813232422,99.34323120117188,109.21443176269531,165.8800048828125,91.68058013916016,17.489770889282227
2021-12-10,441.3775634765625,67.54849243164062,44.526458740234375,99.41211700439453,109.33794403076172,166.5800018310547,91.96288299560547,17.689905166625977
2021-12-13,437.4677429199219,66.91576385498047,43.82032775878906,99.8862075805664,109.83195495605469,167.0,92.82640838623047,17.602890014648438
2021-12-14,434.45782470703125,66.55941009521484,43.721126556396484,99.7138442993164,109.33794403076172,165.44000244140625,91.63907623291016,17.446266174316406
2021-12-15,441.246337890625,67.46331787109375,43.59486389160156,99.5672836303711,109.47793579101562,166.14999389648438,92.92601776123047,17.533281326293945
2021-12-16,437.35516357421875,67.47200775146484,43.64897918701172,99.85719299316406,109.47462463378906,168.16000366210938,92.89281463623047,17.637699127197266
2021-12-17,432.700439453125,66.62024688720703,43.43253707885742,100.08148193359375,109.73037719726562,167.8000030517578,92.77656555175781,17.428863525390625
2021-12-20,428.099365234375,66.47248840332031,42.783206939697266,99.99520874023438,109.25188446044922,167.08999633789062,92.05422973632812,17.307043075561523
2021-12-21,435.7019958496094,67.21126556396484,43.504676818847656,99.59838104248047,109.46640014648438,167.02000427246094,93.09207153320312,17.672502517700195
2021-12-22,440.0584716796875,67.83705139160156,43.71210479736328,99.69327545166016,109.63963317871094,168.58999633789062,94.0468978881836,17.881336212158203
2021-12-23,442.79656982421875,68.23686981201172,43.937564849853516,99.48623657226562,109.47462463378906,168.97000122070312,93.94728088378906,17.97705078125
2021-12-27,449.0630187988281,68.76705169677734,44.13597106933594,99.520751953125,109.79637908935547,169.3699951171875,95.54216766357422,18.203285217285156
2021-12-28,448.696044921875,68.79312133789062,43.99166488647461,99.5034408569336,109.65612030029297,168.63999938964844,95.89414978027344,18.168479919433594
2021-12-29,449.27008056640625,68.76705169677734,43.79326629638672,98.9944839477539,109.05387115478516,168.58999633789062,96.53950500488281,18.2554931640625
2021-12-30,448.0279846191406,68.5867691040039,44.29496765136719,99.32231140136719,109.49113464355469,169.8000030517578,96.95854187011719,18.168479919433594
2021-12-31,446.89892578125,68.52579498291016,44.078399658203125,99.21015167236328,109.32615661621094,170.9600067138672,97.22673797607422,18.08146858215332
2022-01-03,449.4863586425781,68.96998596191406,44.39421463012695,98.28705596923828,108.1629409790039,168.3300018310547,96.46406555175781,18.151077270507812
2022-01-04,449.3359069824219,69.36189270019531,44.240821838378906,98.23529815673828,108.25365447998047,169.57000732421875,96.34673309326172,18.368614196777344
2022-01-05,440.7076721191406,68.75224304199219,43.518959045410156,97.82120513916016,107.61840057373047,169.05999755859375,93.58940887451172,18.290300369262695
2022-01-06,440.293701171875,68.40386962890625,43.71747589111328,97.57966613769531,107.47817993164062,166.99000549316406,93.6732177734375,18.44692611694336
2022-01-07,438.5529479980469,68.60418701171875,44.11449432373047,97.26046752929688,107.01619720458984,167.75,93.05305480957031,18.48172950744629
2022-01-10,438.0072937011719,67.96839904785156,44.11449432373047,97.23460388183594,106.91722869873047,168.25999450683594,92.51665496826172,18.403417587280273
2022-01-11,441.9967346191406,68.70869445800781,45.13412094116211,97.46752166748047,107.23893737792969,170.2899932861328,92.65914916992188,18.760173797607422
2022-01-12,443.191650390625,69.37932586669922,45.8830451965332,97.48477935791016,107.1646957397461,170.74000549316406,92.76809692382812,18.908098220825195
2022-01-13,437.0850830078125,68.87417602539062,45.233375549316406,97.79532623291016,107.5029296875,170.16000366210938,92.58370971679688,18.707965850830078
2022-01-14,437.26385498046875,68.80450439453125,45.21533203125,97.1224365234375,106.55418395996094,169.6699981689453,91.7456283569336,18.95160484313965
2022-01-18,429.5201110839844,67.7942123413086,44.41226577758789,96.38912963867188,105.53947448730469,169.38999938964844,90.78181457519531,19.099529266357422
2022-01-19,425.0601501464844,67.73323822021484,44.60174560546875,96.62205505371094,105.70448303222656,172.0800018310547,89.55821228027344,19.20394515991211
2022-01-20,420.3555908203125,67.40229034423828,44.86342239379883,96.8291244506836,105.64672088623047,171.64999389648438,88.4100341796875,19.13433265686035
2022-01-21,412.10369873046875,66.48778533935547,44.213748931884766,97.3898696899414,106.33971405029297,171.08999633789062,88.19212341308594,19.151735305786133
2022-01-24,413.85382080078125,65.82586669921875,43.59115219116211,97.3035888671875,106.00971984863281,172.02999877929688,88.35974884033203,19.10822868347168
2022-01-25,408.80108642578125,65.42523193359375,43.50994110107422,97.17423248291016,105.71273040771484,172.5800018310547,88.00773620605469,19.282257080078125
2022-01-26,407.7756042480469,65.17266082763672,42.95952606201172,96.48406219482422,104.9949951171875,169.7899932861328,86.6332778930664,19.325763702392578
2022-01-27,405.7619934082031,64.86782836914062,42.4632453918457,96.88951873779297,105.2342529296875,167.60000610351562,85.20014953613281,19.421480178833008
2022-01-28,415.8392028808594,65.0855712890625,42.6707878112793,97.11380004882812,105.34974670410156,167.10000610351562,87.95743560791016,19.43888282775879
2022-01-31,423.3288879394531,66.03489685058594,44.069374084472656,97.11380004882812,105.39924621582031,168.08999633789062,89.03858947753906,19.50849151611328
2022-02-01,426.1892395019531,66.66197967529297,44.3400764465332,96.98255920410156,105.57447814941406,168.22999572753906,88.72012329101562,19.58680534362793
2022-02-02,430.3293762207031,67.15841674804688,44.26789474487305,97.18116760253906,105.58271026611328,168.83999633789062,89.8515396118164,19.665117263793945
2022-02-03,420.2145080566406,66.09586334228516,43.798683166503906,96.76667022705078,104.73139953613281,168.60000610351562,88.8961181640625,19.70862579345703
2022-02-04,422.19036865234375,66.25263214111328,43.90696334838867,96.02403259277344,103.68994903564453,168.86000061035156,88.01612091064453,19.865249633789062
2022-02-07,420.83544921875,66.3658447265625,43.81672668457031,96.0499267578125,103.88005065917969,170.11000061035156,87.89041137695312,19.908756256103516
2022-02-08,424.29803466796875,66.70551300048828,44.240821838378906,95.73906707763672,103.4915771484375,170.6300048828125,87.47975158691406,19.734729766845703
2022-02-09,430.50811767578125,67.7854995727539,44.935611724853516,95.86859130859375,103.83872985839844,171.2100067138672,89.4576187133789,19.934860229492188
2022-02-10,422.7737731933594,66.92325592041016,44.63784408569336,94.98783111572266,102.42534637451172,170.55999755859375,87.34564971923828,19.830446243286133
2022-02-11,414.4372253417969,65.91297149658203,43.96110153198242,95.97221374511719,103.18575286865234,173.80999755859375,86.54947662353516,20.12628936767578
2022-02-14,413.082275390625,65.4862060546875,43.65431213378906,95.30730438232422,102.268310546875,174.74000549316406,85.76165771484375,20.2307071685791
2022-02-15,419.7440185546875,66.68809509277344,44.60174560546875,95.02233123779297,101.75584411621094,173.0800018310547,86.53269958496094,19.900054931640625
2022-02-16,420.2145080566406,66.94068145751953,44.92658996582031,95.22097778320312,101.90462493896484,174.86000061035156,86.93498992919922,19.926158905029297
2022-02-17,411.2381591796875,65.86071014404297,44.40324020385742,95.73042297363281,101.97900390625,177.25,86.01309204101562,20.09148597717285
2022-02-18,408.5753173828125,65.58200073242188,43.96110153198242,96.04129791259766,102.22696685791016,177.1199951171875,85.49347686767578,20.169797897338867
2022-02-22,404.19061279296875,64.81558227539062,43.3385009765625,96.03266143798828,102.09469604492188,177.49000549316406,85.18338775634766,20.456945419311523
2022-02-23,397.0208740234375,64.28429412841797,42.83320236206055,95.53184509277344,101.16897583007812,178.2899932861328,83.775390625,20.648374557495117
2022-02-24,402.9956359863281,63.42206954956055,41.94893264770508,95.75634765625,101.64840698242188,177.13999938964844,85.18338775634766,20.735387802124023
2022-02-25,411.8872985839844,65.0071792602539,42.724918365478516,95.73042297363281,102.0616683959961,176.5500030517578,87.23670196533203,20.422136306762695
2022-02-28,410.83349609375,63.770450592041016,42.16548156738281,96.81848907470703,103.15270233154297,178.3800048828125,85.93766021728516,20.770193099975586
2022-03-01,404.5764465332031,62.37693405151367,41.60603713989258,97.76142883300781,103.5055160522461,181.6199951171875,85.4850845336914,21.605525970458984
2022-03-02,412.01904296875,63.16077423095703,41.678226470947266,96.2921371459961,101.93186950683594,179.72999572753906,87.08585357666016,22.310335159301758
2022-03-03,409.9678649902344,61.91532897949219,41.09172058105469,96.70701599121094,102.30455780029297,180.8000030517578,87.79823303222656,22.55397605895996
2022-03-04,406.63702392578125,60.12119674682617,40.26158142089844,97.66637420654297,102.40396118164062,183.67999267578125,88.20049285888672,23.50242805480957
2022-03-07,394.649658203125,58.213829040527344,38.754703521728516,97.25149536132812,101.16163635253906,186.41000366210938,86.457275390625,24.01580810546875
2022-03-08,391.657470703125,58.71897506713867,38.88103103637695,96.62055969238281,100.55699920654297,191.50999450683594,86.03823852539062,24.424772262573242
2022-03-09,402.1582336425781,61.17503356933594,39.981868743896484,96.02420043945312,100.7309341430664,185.82000732421875,87.36241912841797,22.484363555908203
2022-03-10,400.3423156738281,60.44343948364258,39.232933044433594,95.58338165283203,99.57968139648438,186.39999389648438,87.580322265625,22.21462059020996
2022-03-11,395.2519226074219,59.79024124145508,38.41182327270508,95.55743408203125,99.53823852539062,185.08999633789062,86.88471221923828,22.597482681274414
2022-03-14,392.3632507324219,60.338932037353516,37.4824333190918,94.34745025634766,98.09707641601562,182.3000030517578,86.20586395263672,21.936176300048828
2022-03-15,400.991455078125,60.91375732421875,37.53657150268555,94.30419921875,98.86737823486328,178.88999938964844,86.78412628173828,21.396690368652344
2022-03-16,409.88323974609375,63.099815368652344,40.559349060058594,94.174560546875,99.71217346191406,180.00999450683594,87.81499481201172,21.21396255493164
2022-03-17,415.0111999511719,63.631099700927734,40.35182189941406,93.99305725097656,100.68949890136719,180.88999938964844,89.17269897460938,22.232025146484375
2022-03-18,419.556640625,64.24946594238281,40.929298400878906,94.26962280273438,100.88827514648438,179.3000030517578,89.17269897460938,22.336442947387695
2022-03-21,419.4340515136719,63.84883117675781,40.297672271728516,93.04232788085938,99.48856353759766,180.6699981689453,88.62793731689453,23.17177391052246
2022-03-22,424.34197998046875,64.44977569580078,41.028560638427734,92.53238677978516,99.24836730957031,179.36000061035156,88.85419464111328,23.119565963745117
2022-03-23,418.87713623046875,63.613670349121094,40.75785827636719,93.15469360351562,99.52996826171875,181.80999755859375,87.85733032226562,23.693857192993164
2022-03-24,425.1915283203125,64.2059326171875,40.97441101074219,92.6361083984375,99.57139587402344,183.1300048828125,88.41350555419922,23.458919525146484
2022-03-25,427.267822265625,64.24076080322266,40.64958572387695,91.68541717529297,98.78451538085938,182.3800048828125,89.51740264892578,23.63294792175293
2022-03-28,430.30706787109375,64.0317153930664,40.78493118286133,91.89279174804688,99.3311767578125,179.05999755859375,90.46961212158203,22.606184005737305
2022-03-29,435.63031005859375,65.45137023925781,41.479713439941406,92.35088348388672,100.167724609375,179.13999938964844,93.1240463256836,22.693199157714844
2022-03-30,432.9404296875,65.1813735961914,41.36241912841797,92.71391296386719,100.39962768554688,180.5800018310547,92.44990539550781,23.102161407470703
2022-03-31,426.27691650390625,64.10140991210938,40.73981857299805,92.88676452636719,100.167724609375,180.64999389648438,91.32072448730469,22.67579460144043
2022-04-01,427.4850158691406,64.70234680175781,41.41655349731445,92.28192901611328,100.50384521484375,179.5,93.09878540039062,22.823720932006836
2022-04-04,431.1470642089844,64.96363067626953,42.14743423461914,92.22136688232422,100.85246276855469,180.3699951171875,92.64371490478516,23.2587890625
2022-04-05,425.7011413574219,64.083984375,41.371437072753906,91.12246704101562,99.08456420898438,179.24000549316406,92.18868255615234,23.067358016967773
2022-04-06,421.4444274902344,63.31753921508789,40.83004379272461,90.80228424072266,98.50359344482422,179.66000366210938,93.2841567993164,22.884628295898438
2022-04-07,423.5680236816406,63.456912994384766,40.50520706176758,90.57731628417969,98.04707336425781,180.33999633789062,92.3572006225586,22.962940216064453
2022-04-08,422.4354553222656,63.483036041259766,40.54130554199219,90.11872863769531,97.27519989013672,181.47000122070312,92.5088882446289,23.250085830688477
2022-04-11,415.21502685546875,62.81241226196289,40.036006927490234,89.6860580444336,96.32901000976562,182.3699951171875,91.51454162597656,23.058656692504883
2022-04-12,413.67657470703125,62.342098236083984,39.90967559814453,90.11872863769531,96.3953857421875,183.77000427246094,91.37971496582031,23.746063232421875
2022-04-13,418.4146728515625,63.01272964477539,40.43302536010742,90.31775665283203,96.89337921142578,184.64999389648438,92.02857208251953,24.26814842224121
2022-04-14,413.20465087890625,62.725311279296875,39.90967559814453,89.50439453125,95.76461029052734,184.0399932861328,91.63252258300781,24.450878143310547
2022-04-18,413.37451171875,62.35951614379883,39.77433776855469,89.24480438232422,95.0341567993164,184.61000061035156,91.26173400878906,24.72932243347168
2022-04-19,420.0475158691406,62.65563201904297,39.57582473754883,88.65641784667969,94.27891540527344,181.82000732421875,93.25045013427734,24.0941219329834
2022-04-20,419.7359619140625,63.07369613647461,39.34121322631836,89.34864807128906,95.2582778930664,182.7100067138672,94.80097961425781,24.120222091674805
2022-04-21,413.4595642089844,62.39436340332031,38.58325958251953,88.85543823242188,94.24571228027344,182.05999755859375,94.14369201660156,24.085420608520508
2022-04-22,402.114501953125,61.37535858154297,38.240386962890625,88.89868927001953,94.13778686523438,180.2899932861328,92.49203491210938,23.62424659729004
2022-04-25,404.44580078125,61.0792350769043,37.960662841796875,89.46976470947266,95.18359375,177.0500030517578,92.2560806274414,23.450220108032227
2022-04-26,392.7327880859375,59.37217712402344,37.130531311035156,90.06682586669922,95.13381958007812,177.32000732421875,90.73926544189453,23.77216911315918
2022-04-27,393.8370056152344,59.64218521118164,37.56364822387695,89.56494140625,94.22079467773438,175.97999572753906,90.1409912109375,23.9374942779541
2022-04-28,403.7850646972656,60.48698043823242,38.10503005981445,89.43516540527344,94.50301361083984,176.92999267578125,91.80104064941406,24.137624740600586
2022-04-29,388.8630065917969,59.781532287597656,38.240386962890625,88.95927429199219,93.45721435546875,176.91000366210938,87.58767700195312,23.954898834228516
2022-05-02,391.20367431640625,59.63346862792969,38.186248779296875,88.29650115966797,92.9032211303711,173.6300048828125,85.4725570678711,24.320358276367188
2022-05-03,392.99700927734375,60.07765579223633,38.46596908569336,88.40045928955078,93.5020980834961,174.08999633789062,86.53433990478516,23.981002807617188
2022-05-04,404.9648742675781,61.131492614746094,38.88103103637695,88.97224426269531,94.41718292236328,175.8000030517578,87.5286865234375,24.72932243347168
2022-05-05,390.5713195800781,59.16315460205078,37.44633102416992,88.07994842529297,92.96974182128906,175.1300048828125,85.1944808959961,24.598800659179688
2022-05-06,388.2401428222656,58.58833694458008,36.9320182800293,87.57744598388672,92.1794662475586,175.4199981689453,84.18327331542969,24.624902725219727
2022-05-09,375.8096618652344,56.82032012939453,35.86727523803711,88.22720336914062,92.50389099121094,172.8800048828125,80.47549438476562,23.511127471923828
2022-05-10,376.6779479980469,57.24708557128906,36.038719177246094,88.52174377441406,92.8948745727539,171.4199981689453,79.0092544555664,23.371906280517578
2022-05-11,370.6940002441406,56.90740966796875,35.786067962646484,89.06756591796875,93.32746124267578,172.82000732421875,78.8406982421875,23.946197509765625
2022-05-12,370.3070373535156,56.76806640625,35.55146408081055,89.36213684082031,93.36904907226562,170.1699981689453,79.45585632324219,24.059314727783203
2022-05-13,379.16021728515625,58.3444709777832,36.534996032714844,88.89429473876953,92.87822723388672,168.7899932861328,81.55412292480469,24.38996696472168
2022-05-16,377.621826171875,58.39673614501953,36.390625,89.26679992675781,93.0030288696289,170.39999389648438,81.04007720947266,24.790231704711914
2022-05-17,385.3896789550781,59.485416412353516,37.28392028808594,88.59107971191406,92.47064208984375,169.3300018310547,82.14398956298828,24.520488739013672
2022-05-18,369.8539733886719,58.06576919555664,36.390625,89.22348022460938,92.81169891357422,169.4199981689453,79.75923156738281,23.989704132080078
2022-05-19,367.5887756347656,58.623165130615234,36.96811294555664,89.54403686523438,93.06124114990234,171.91000366210938,79.40531158447266,24.29425048828125
2022-05-20,367.7492370605469,59.0238037109375,37.12150192260742,89.95989227294922,93.51876068115234,172.02999877929688,79.91090393066406,24.329055786132812
2022-05-23,374.6298522949219,60.02539825439453,37.40122985839844,89.41410064697266,93.18605041503906,172.8300018310547,80.83783721923828,24.51178741455078
2022-05-24,371.77008056640625,59.92959213256836,36.75155258178711,90.18511199951172,94.40889739990234,174.1300048828125,81.5204086303711,24.494382858276367
2022-05-25,375.05450439453125,59.94700622558594,36.9320182800293,90.3670425415039,95.38217163085938,173.0800018310547,82.21138763427734,24.668411254882812
2022-05-26,382.5486145019531,60.608917236328125,37.50950241088867,90.3237533569336,95.4071044921875,172.75999450683594,82.3125228881836,24.938154220581055
2022-05-27,391.9399108886719,61.34052276611328,37.94261932373047,90.45368957519531,95.90621948242188,172.85000610351562,84.52033233642578,25.23400115966797
2022-05-31,389.74066162109375,60.97472381591797,38.4749870300293,89.50936889648438,95.19913482666016,171.13999938964844,83.48384094238281,25.059972763061523
2022-06-01,386.58831787109375,60.33021545410156,38.204288482666016,89.00541687011719,94.64379119873047,172.22999572753906,82.7928466796875,25.181795120239258
2022-06-02,393.9503173828125,61.584381103515625,38.86298751831055,89.13552856445312,94.68546295166016,174.35000610351562,83.93045806884766,25.756084442138672
2022-06-03,387.4849853515625,60.704715728759766,38.231361389160156,88.9620361328125,94.38529968261719,172.5800018310547,82.80970001220703,25.999723434448242
2022-06-06,388.6647644042969,60.94859313964844,38.438899993896484,88.29412841796875,93.71820068359375,171.82000732421875,82.5484619140625,26.11284065246582
2022-06-07,392.39288330078125,61.131492614746094,38.55619430541992,88.64976501464844,94.21852111816406,172.94000244140625,83.68608093261719,26.286865234375
2022-06-08,388.1267395019531,60.277957916259766,38.76373291015625,88.32012939453125,93.67649841308594,172.77999877929688,81.75635528564453,26.521804809570312
2022-06-09,378.89605712890625,59.0120849609375,37.846458435058594,88.24207305908203,93.05944061279297,172.22999572753906,79.81819152832031,26.565311431884766
2022-06-10,367.90972900390625,57.5877571105957,37.42786407470703,87.37470245361328,92.15888214111328,174.5399932861328,78.048583984375,26.304269790649414
2022-06-13,353.9408264160156,55.68268966674805,36.11747360229492,85.82199096679688,90.03247833251953,169.92999267578125,74.14701080322266,26.0084228515625
2022-06-14,352.87432861328125,55.157466888427734,36.617977142333984,85.13674926757812,89.56555938720703,168.57000732421875,73.58241271972656,25.72127914428711
2022-06-15,357.9049377441406,56.19012451171875,37.10027313232422,86.3250961303711,90.96643829345703,170.77000427246094,75.32672882080078,25.73868179321289
2022-06-16,346.0596923828125,54.95272445678711,35.96278381347656,86.888916015625,91.06651306152344,172.69000244140625,73.34648132324219,25.85179901123047
2022-06-17,346.80572509765625,54.73017501831055,36.09927749633789,86.91495513916016,91.24996185302734,171.27000427246094,73.90261840820312,24.92945098876953
2022-06-21,355.5361022949219,55.558067321777344,36.68167495727539,86.46388244628906,90.33269500732422,170.6300048828125,74.93069458007812,24.868541717529297
2022-06-22,354.8914794921875,55.184181213378906,36.026485443115234,87.55684661865234,90.99144744873047,171.30999755859375,75.8829116821289,24.424772262573242
2022-06-23,358.370361328125,55.121856689453125,36.13568115234375,88.05123901367188,91.69190979003906,170.25999450683594,77.32457733154297,23.876585006713867
2022-06-24,369.7643737792969,56.76875686645508,36.99106979370117,87.73898315429688,91.80033111572266,170.08999633789062,78.96978759765625,24.102821350097656
2022-06-27,368.3518981933594,56.52840042114258,37.03657531738281,87.24455261230469,90.95811462402344,169.89999389648438,78.85106658935547,24.050613403320312
2022-06-28,360.82537841796875,56.145606994628906,36.80907440185547,87.35733032226562,90.93307495117188,169.6199951171875,77.89278411865234,24.337759017944336
2022-06-29,360.5316467285156,55.93196487426758,36.663475036621094,88.0599365234375,91.47509002685547,169.49000549316406,77.40939331054688,23.92009162902832
2022-06-30,357.6025695800781,55.6292839050293,36.490577697753906,88.73650360107422,91.75027465820312,168.4600067138672,77.26522064208984,23.18047523498535
2022-07-01,361.3847351074219,55.762813568115234,36.2630729675293,89.68777465820312,92.90999603271484,168.32000732421875,78.65603637695312,23.293594360351562
2022-07-05,362.0672607421875,54.5699348449707,35.98098373413086,90.01788330078125,92.88490295410156,164.75,78.43553161621094,21.727344512939453
2022-07-06,363.2900085449219,54.61444091796875,35.7625846862793,89.25337982177734,92.42503356933594,162.13999938964844,78.29134368896484,21.4053955078125
2022-07-07,368.7310791015625,55.44233703613281,36.481475830078125,88.70610046386719,92.4166488647461,162.22999572753906,78.50336456298828,22.29293441772461
2022-07-08,368.42779541015625,55.50465393066406,36.481475830078125,88.16748809814453,92.26615142822266,162.3000030517578,78.08782196044922,22.68449592590332
2022-07-11,364.21905517578125,54.60554122924805,35.507789611816406,88.86247253417969,92.52536010742188,161.42999267578125,77.91820526123047,22.6409912109375
2022-07-12,360.9960632324219,54.596641540527344,35.37128829956055,89.07096862792969,92.65913391113281,160.8300018310547,77.61292266845703,21.614229202270508
2022-07-13,359.1002197265625,54.5699348449707,35.28939437866211,89.45320892333984,93.35314178466797,161.60000610351562,77.23978424072266,21.736047744750977
2022-07-14,358.2281494140625,53.804351806640625,34.97089385986328,88.95806884765625,92.75949096679688,159.3300018310547,76.54438018798828,21.53591537475586
2022-07-15,365.0721435546875,54.65895462036133,35.152889251708984,89.26206970214844,93.50360870361328,159.00999450683594,77.8418960571289,21.814359664916992
2022-07-18,362.05780029296875,54.881507873535156,35.39859390258789,89.00146484375,92.8514633178711,159.16000366210938,77.2906723022461,22.223323822021484
2022-07-19,371.84027099609375,56.37706756591797,35.98098373413086,88.59317779541016,93.11063385009766,159.5399932861328,79.29204559326172,22.310335159301758
2022-07-20,374.2101135253906,56.003177642822266,35.8262825012207,88.50628662109375,93.0102767944336,158.0399932861328,79.10546875,22.29293441772461
2022-07-21,378.020751953125,56.581809997558594,36.23577880859375,89.51403045654297,94.28121948242188,160.27000427246094,79.73302459716797,21.91877555847168
2022-07-22,374.513427734375,56.43937683105469,35.87178039550781,90.53913879394531,95.00865173339844,160.6699981689453,80.14859008789062,21.657732009887695
2022-07-25,374.9684753417969,56.875579833984375,35.99917984008789,90.2176742553711,94.20597839355469,160.22999572753906,80.28426361083984,22.04929542541504
2022-07-26,370.5321960449219,56.08329772949219,35.71708297729492,90.25244140625,94.18922424316406,160.0399932861328,80.36907196044922,22.092802047729492
2022-07-27,380.1535339355469,57.40970230102539,36.381378173828125,90.43487548828125,94.81633758544922,161.6699981689453,80.85244750976562,22.597482681274414
2022-07-28,384.92156982421875,57.70347595214844,36.53607940673828,91.32967376708984,95.6023178100586,163.63999938964844,83.47291564941406,22.614885330200195
2022-07-29,390.53326416015625,58.50466537475586,36.36317825317383,91.3643798828125,95.82806396484375,164.10000610351562,83.92236328125,22.719301223754883
2022-08-01,389.3768005371094,58.58477783203125,36.05378341674805,91.89876556396484,96.01747131347656,165.02999877929688,83.24393463134766,22.258129119873047
2022-08-02,386.80792236328125,57.65006637573242,35.880882263183594,90.62818908691406,94.84406280517578,164.0500030517578,82.17539978027344,22.14501190185547
2022-08-03,392.86517333984375,57.98834228515625,36.16297912597656,91.00238800048828,95.87498474121094,164.4499969482422,82.43829345703125,21.95357894897461
2022-08-04,392.59979248046875,58.28211975097656,36.41777801513672,91.4636459350586,96.02584075927734,167.1699981689453,82.3110580444336,21.718643188476562
2022-08-05,391.9361572265625,57.872615814208984,36.45417785644531,90.14083862304688,94.72673034667969,165.2899932861328,82.5400619506836,21.64033317565918
2022-08-08,391.48114013671875,58.00615310668945,36.49967575073242,90.67171478271484,95.10391235351562,166.69000244140625,83.2778549194336,21.9013729095459
2022-08-09,389.92669677734375,57.694576263427734,36.36317825317383,90.40191650390625,94.67644500732422,167.1999969482422,83.73579406738281,22.0841007232666
2022-08-10,398.11663818359375,58.99428176879883,36.81816864013672,90.45415496826172,95.5732421875,166.77999877929688,85.00785827636719,22.388647079467773
2022-08-11,398.11663818359375,58.97647476196289,36.96377182006836,89.85366821289062,94.65129852294922,166.33999633789062,84.80433654785156,22.823720932006836
2022-08-12,404.8563232421875,59.43048858642578,37.355064392089844,90.21047973632812,95.74925231933594,167.8699951171875,86.2629623413086,22.701900482177734
2022-08-15,406.5246276855469,59.07440185546875,37.18216323852539,90.49766540527344,95.68223571777344,165.7100067138672,86.61066436767578,22.42345428466797
2022-08-16,407.3208923339844,59.05659103393555,37.17306900024414,90.39321899414062,95.31341552734375,165.4199981689453,86.38170623779297,22.17111587524414
2022-08-17,404.4297790527344,58.58477783203125,37.01837158203125,89.78404235839844,94.4166030883789,164.35000610351562,85.8643798828125,22.258129119873047
2022-08-18,405.6051025390625,58.38893127441406,36.80907440185547,89.95807647705078,94.65970611572266,163.9199981689453,85.29619598388672,22.597482681274414
2022-08-19,400.1546325683594,57.5877571105957,36.30857849121094,89.18355560302734,93.53657531738281,162.72000122070312,84.39726257324219,22.58877944946289
2022-08-22,391.8223571777344,56.6085205078125,35.99008560180664,88.79196166992188,92.90792846679688,161.63999938964844,82.5570068359375,22.788915634155273
2022-08-23,390.8744812011719,56.63521957397461,36.18117904663086,88.57438659667969,93.00852966308594,162.77000427246094,81.4969711303711,23.163074493408203
2022-08-24,392.1257629394531,56.70643997192383,36.17207717895508,88.27849578857422,92.73194122314453,163.25,81.96337890625,23.40671157836914
2022-08-25,397.66168212890625,57.32958984375,36.95466995239258,88.84416198730469,93.68740844726562,163.75,83.18457794189453,23.076059341430664
2022-08-26,384.20111083984375,55.825130462646484,36.40867233276367,88.73974609375,93.12584686279297,161.75999450683594,81.08991241455078,23.17177391052246
2022-08-29,381.6607666015625,55.700504302978516,36.18117904663086,88.23499298095703,92.4385757446289,161.86000061035156,80.36058807373047,23.511127471923828
2022-08-30,377.470947265625,55.29990005493164,35.753482818603516,88.20889282226562,92.55594635009766,160.50999450683594,79.24964141845703,22.8585262298584
2022-08-31,374.5987548828125,54.92601776123047,35.880882263183594,87.8433837890625,91.58370971679688,159.27000427246094,78.87651824951172,22.379947662353516
2022-09-01,375.77423095703125,54.1871452331543,35.598785400390625,87.14505004882812,91.03234100341797,157.8699951171875,79.02069091796875,21.9013729095459
2022-09-02,371.8118896484375,53.83106231689453,35.27118682861328,87.63329315185547,91.09957122802734,159.25999450683594,77.91820526123047,22.04929542541504
2022-09-06,370.40899658203125,53.69752883911133,34.852596282958984,86.65686798095703,89.86405944824219,158.3300018310547,78.62210083007812,21.91877555847168
2022-09-07,377.0633850097656,54.16933822631836,35.161991119384766,87.22352600097656,91.09120178222656,159.94000244140625,80.15705871582031,21.396690368652344
2022-09-08,379.5279846191406,54.2049446105957,34.97089385986328,86.90096282958984,90.88105010986328,158.97999572753906,80.37754821777344,21.483707427978516
2022-09-09,385.42401123046875,55.58477020263672,35.489585876464844,86.90967559814453,91.09120178222656,159.82000732421875,81.25102233886719,22.092802047729492
2022-09-12,389.56640625,56.35926055908203,36.01738357543945,86.70043182373047,90.88944244384766,160.6300048828125,82.03970336914062,22.39735221862793
2022-09-13,372.6270751953125,54.40079116821289,34.90719985961914,86.2122573852539,90.23388671875,158.5399932861328,78.90196228027344,22.28423309326172
2022-09-14,374.0489501953125,54.57883834838867,35.0800895690918,86.2558364868164,90.66254425048828,157.92999267578125,78.0030288696289,22.379947662353516
2022-09-15,369.8022155761719,54.09812545776367,34.706993103027344,85.95941162109375,90.22550201416016,154.97999572753906,76.56134033203125,21.727344512939453
2022-09-16,366.9810485839844,53.768741607666016,34.38850402832031,86.02916717529297,90.01536560058594,155.83999633789062,76.56983947753906,21.649030685424805
2022-09-19,369.8270263671875,53.9556884765625,34.49769592285156,85.7850570678711,90.16666412353516,155.9600067138672,76.45957946777344,21.718643188476562
2022-09-20,365.5818786621094,53.03877258300781,34.30659866333008,85.25324249267578,89.2673568725586,155.07000732421875,74.60237121582031,21.69253921508789
2022-09-21,359.2047119140625,52.34441375732422,33.73331069946289,85.59326171875,89.60353088378906,155.7899932861328,73.42359924316406,21.5620174407959
2022-09-22,356.1875305175781,52.19306945800781,33.56950378417969,84.30301666259766,88.34281158447266,155.6999969482422,72.4907455444336,21.622928619384766
2022-09-23,350.2196960449219,50.52836990356445,32.741416931152344,84.40763854980469,88.0906753540039,153.00999450683594,71.52721405029297,20.892011642456055
2022-09-26,346.7550964355469,49.78059387207031,32.34102249145508,83.0040283203125,86.56100463867188,151.22999572753906,69.52130126953125,20.404733657836914
2022-09-27,345.8698425292969,49.44232177734375,32.30461883544922,82.43734741210938,85.25825500488281,151.5399932861328,68.5954818725586,20.622272491455078
2022-09-28,352.6753845214844,50.63520050048828,32.58672332763672,84.29427337646484,86.97282409667969,154.69000244140625,70.01849365234375,21.19655990600586
2022-09-29,345.3083190917969,50.03875732421875,31.858732223510742,83.90196990966797,86.32564544677734,154.66000366210938,67.9611587524414,21.066038131713867
2022-09-30,339.9686584472656,49.860713958740234,31.740432739257812,83.68403625488281,86.10710906982422,154.6699981689453,68.72408294677734,20.80499839782715
2022-10-03,348.9441833496094,50.84885025024414,32.25912094116211,84.67720031738281,87.70006561279297,158.42999267578125,69.94990539550781,21.27487564086914
2022-10-04,359.7568359375,52.88743209838867,33.31471633911133,84.85188293457031,88.10482025146484,160.6999969482422,71.36433410644531,21.849164962768555
2022-10-05,358.91925048828125,52.326602935791016,33.33291244506836,84.04827880859375,87.43865966796875,159.80999755859375,69.96705627441406,22.240726470947266
2022-10-06,355.2166748046875,51.40968704223633,33.13271713256836,83.58531188964844,87.23627471923828,159.6300048828125,68.0211410522461,22.379947662353516
2022-10-07,345.3083190917969,50.590694427490234,32.44112014770508,83.17477416992188,86.36771392822266,157.8800048828125,66.38384246826172,22.614885330200195
2022-10-10,342.6717529296875,50.30582809448242,31.98613166809082,82.68562316894531,85.59191131591797,155.47999572753906,65.758056640625,22.362548828125
2022-10-11,340.50164794921875,49.75389099121094,31.476531982421875,82.89524841308594,85.41478729248047,155.16000366210938,66.42669677734375,22.04059410095215
2022-10-12,339.37841796875,49.593658447265625,31.512928009033203,83.16605377197266,85.31361389160156,155.99000549316406,65.73234558105469,22.04059410095215
2022-10-13,348.33502197265625,50.61739730834961,31.603931427001953,82.81664276123047,85.46540832519531,154.91000366210938,66.9324722290039,22.345142364501953
2022-10-14,340.39697265625,49.860713958740234,31.130733489990234,82.35367584228516,84.64743041992188,152.97999572753906,65.26944732666016,21.9013729095459
2022-10-17,349.1441650390625,51.089202880859375,31.98613166809082,82.4410400390625,85.05219268798828,153.4199981689453,67.72969818115234,21.849164962768555
2022-10-18,353.2464599609375,51.454193115234375,31.995229721069336,82.65068054199219,85.55818939208984,153.75,68.4669189453125,21.614229202270508
2022-10-19,350.7431945800781,50.822147369384766,31.412832260131836,81.7859115600586,84.38600158691406,151.69000244140625,66.76100158691406,21.605525970458984
2022-10-20,347.8021240234375,50.70641326904297,31.613037109375,81.1744613647461,83.65235900878906,151.4499969482422,66.46955871582031,21.622928619384766
2022-10-21,356.254150390625,51.62333297729492,32.0953254699707,81.35787963867188,83.88849639892578,154.14999389648438,66.99246215820312,21.649030685424805
2022-10-24,360.6134033203125,51.63223648071289,30.875944137573242,81.25306701660156,83.84632873535156,153.64999389648438,66.98389434814453,21.709941864013672
2022-10-25,366.3719787597656,52.771705627441406,31.130733489990234,82.26632690429688,84.96788787841797,154.0,69.6156005859375,21.831762313842773
2022-10-26,363.6117248535156,53.27022933959961,31.640331268310547,82.68562316894531,85.35578918457031,154.97999572753906,69.57273864746094,22.240726470947266
2022-10-27,361.6699523925781,52.771705627441406,31.394636154174805,83.27084350585938,85.75212860107422,154.74000549316406,69.67558288574219,22.27553367614746
2022-10-28,370.27435302734375,53.29693603515625,31.203536987304688,82.8428726196289,85.92922973632812,153.16000366210938,71.21004486083984,22.014488220214844
2022-10-31,367.59967041015625,52.79841613769531,31.112539291381836,82.46722412109375,85.46540832519531,151.91000366210938,71.13288879394531,21.857866287231445
2022-11-01,365.9911804199219,53.21681213378906,31.68582534790039,82.45232391357422,86.080322265625,153.4600067138672,71.107177734375,22.188518524169922
2022-11-02,356.80621337890625,52.44233322143555,31.42193031311035,82.31228637695312,85.66587829589844,152.38999938964844,69.15267944335938,22.388647079467773
2022-11-03,353.1322021484375,51.997222900390625,31.603931427001953,81.95340728759766,85.36138153076172,151.80999755859375,69.05839538574219,22.371246337890625
2022-11-04,358.21484375,54.080318450927734,32.94161605834961,81.77830505371094,85.5305404663086,156.47000122070312,70.00135040283203,23.128267288208008
2022-11-07,361.64141845703125,54.249454498291016,32.95981979370117,81.48944091796875,85.21759033203125,155.85000610351562,70.00135040283203,22.92813491821289
2022-11-08,363.5926818847656,54.86369705200195,33.196414947509766,82.03218078613281,85.57283020019531,159.4499969482422,70.21565246582031,22.649690628051758
2022-11-09,356.1018371582031,54.09812545776367,32.62311935424805,82.31228637695312,85.3529052734375,158.64999389648438,69.49559020996094,22.127609252929688
2022-11-10,375.6711730957031,57.13374710083008,33.80611038208008,84.15933227539062,88.21182250976562,163.47999572753906,74.5789566040039,22.327739715576172
2022-11-11,379.3070983886719,58.27320861816406,34.725196838378906,83.98426818847656,88.44866180419922,164.55999755859375,74.57036590576172,22.754106521606445
2022-11-14,376.0804138183594,57.65896224975586,34.515899658203125,83.78289031982422,88.00038146972656,164.9199981689453,72.75305938720703,22.41475486755371
2022-11-15,379.2879638671875,58.04175567626953,35.307586669921875,84.40446472167969,89.2268295288086,165.5,73.54170227050781,22.67579460144043
2022-11-16,376.3945617675781,57.908226013183594,34.74339294433594,85.02597045898438,89.98808288574219,165.1199951171875,72.87305450439453,22.42345428466797
2022-11-17,375.24285888671875,57.88151550292969,34.807098388671875,84.44824981689453,89.50595092773438,163.9199981689453,72.37588500976562,22.04929542541504
2022-11-18,376.94659423828125,57.997249603271484,34.60689926147461,84.15061950683594,89.49748992919922,162.7899932861328,73.29310607910156,21.892671585083008
2022-11-21,375.5759582519531,57.56105041503906,34.17009735107422,84.09806060791016,89.36213684082031,161.8800048828125,73.6788558959961,21.814359664916992
2022-11-22,380.6300354003906,58.36222839355469,34.25200271606445,84.57952880859375,90.15726470947266,162.07000732421875,74.0817642211914,22.04059410095215
2022-11-23,383.0286865234375,59.00318908691406,34.534095764160156,85.03472900390625,91.06228637695312,163.0800018310547,74.14176177978516,21.736047744750977
2022-11-25,382.9430236816406,59.30585479736328,34.37030029296875,85.00849914550781,91.15532684326172,163.22000122070312,74.61323547363281,21.54461669921875
2022-11-28,376.8323974609375,58.5402717590332,34.21560287475586,85.0434799194336,90.49559783935547,161.92999267578125,72.61589813232422,21.414094924926758
2022-11-29,376.18511962890625,58.709407806396484,34.952693939208984,84.68458557128906,90.04728698730469,162.72999572753906,73.8160171508789,21.69253921508789
2022-11-30,388.03521728515625,59.750972747802734,35.96278381347656,85.44615936279297,91.14688873291016,164.80999755859375,75.50475311279297,22.17981719970703
2022-12-01,387.7496643066406,60.329593658447266,35.844482421875,86.37942504882812,92.28730010986328,167.83999633789062,75.34188079833984,22.066699981689453
2022-12-02,387.30230712890625,60.285091400146484,35.98098373413086,86.55484771728516,92.84735870361328,167.25999450683594,75.11900329589844,21.831762313842773
2022-12-05,380.33502197265625,59.492801666259766,35.57147979736328,85.67774200439453,92.0582046508789,164.38999938964844,73.7474365234375,21.266172409057617
2022-12-06,374.8525695800781,59.225738525390625,35.5259895324707,86.20401000976562,92.33818817138672,164.83999633789062,73.05308532714844,20.926815032958984
2022-12-07,374.21484375,59.225738525390625,35.31669235229492,86.95832824707031,93.36495971679688,166.3300018310547,73.19879913330078,20.822402954101562
2022-12-08,377.1464538574219,59.52840805053711,35.744380950927734,86.46711730957031,93.06794738769531,166.47000122070312,73.7131576538086,20.787595748901367
2022-12-09,374.3291015625,59.564022064208984,35.507789611816406,85.82685089111328,92.37216186523438,167.05999755859375,73.57598114013672,20.81369972229004
2022-12-12,379.7259216308594,59.7420539855957,35.39859390258789,85.70402526855469,92.25337219238281,165.67999267578125,74.14176177978516,21.039936065673828
2022-12-13,382.6003112792969,60.58936309814453,35.65172576904297,86.47590637207031,93.0594711303711,168.50999450683594,75.5133285522461,21.387990951538086
2022-12-14,380.1541442871094,60.535728454589844,35.670204162597656,86.71273040771484,93.14433288574219,168.10000610351562,74.9990005493164,21.55331802368164
2022-12-15,370.8550109863281,58.98949432373047,34.84796905517578,86.8814697265625,93.2226333618164,165.35000610351562,73.99604797363281,21.292274475097656
2022-12-16,366.4766540527344,58.471107482910156,34.9495964050293,86.66175842285156,92.8226089477539,166.7899932861328,72.08440399169922,21.022531509399414
2022-12-19,363.3689880371094,58.32809829711914,34.9773063659668,85.95872497558594,91.88638305664062,166.32000732421875,71.16716766357422,20.983139038085938
2022-12-20,363.8662414550781,58.560482025146484,34.96807098388672,85.33474731445312,90.80547332763672,169.0800018310547,70.9871597290039,21.07943344116211
2022-12-21,369.306884765625,59.16824722290039,35.28218460083008,85.44019317626953,91.4267807006836,168.8000030517578,71.59578704833984,21.350805282592773
2022-12-22,364.0383605957031,58.685611724853516,34.96807098388672,85.41383361816406,91.4012451171875,166.75999450683594,71.29499053955078,21.07943344116211
2022-12-23,366.13238525390625,58.89118194580078,34.921875,85.02713775634766,91.12039184570312,167.25999450683594,71.92961883544922,21.4646053314209
2022-12-27,364.6885681152344,58.980560302734375,35.439247131347656,84.3152847290039,89.94583892822266,168.6699981689453,71.9035415649414,21.65719223022461
2022-12-28,360.1562194824219,58.35491180419922,34.921875,84.11312103271484,89.66500091552734,167.91000366210938,70.67776489257812,21.41208267211914
2022-12-29,366.63916015625,59.275508880615234,35.503910064697266,84.52621459960938,90.30330657958984,168.85000610351562,72.22520446777344,21.385820388793945
2022-12-30,365.6734924316406,58.66773986816406,35.01426315307617,84.17466735839844,89.73307037353516,169.63999938964844,71.7035903930664,21.578407287597656
2023-01-03,364.13385009765625,59.186126708984375,35.30990219116211,84.83378601074219,90.3543930053711,171.05999755859375,71.77313995361328,21.061925888061523
2023-01-04,366.94512939453125,59.972652435302734,36.37233352661133,85.48412322998047,91.00973510742188,172.6699981689453,73.39881896972656,20.685508728027344
2023-01-05,362.7570495605469,59.37382507324219,36.261470794677734,85.36109924316406,90.941650390625,170.52000427246094,71.4253921508789,20.580461502075195
2023-01-06,371.0758361816406,60.89324951171875,37.019039154052734,86.45966339111328,92.43108367919922,173.7100067138672,73.3466567993164,20.69426155090332
2023-01-09,370.8655090332031,61.152435302734375,37.29619598388672,86.67933654785156,92.79707336425781,174.10000610351562,73.37273406982422,20.93937110900879
2023-01-10,373.46624755859375,61.331207275390625,37.564117431640625,86.13448333740234,92.48216247558594,174.74000549316406,73.53789520263672,20.93937110900879
2023-01-11,378.1898193359375,61.79597091674805,37.72117614746094,86.6881103515625,93.27368927001953,174.6199951171875,76.1720199584961,21.3157901763916
2023-01-12,379.5667724609375,62.70762634277344,37.90594482421875,87.46148681640625,94.3291015625,176.63999938964844,77.13701629638672,21.49086570739746
2023-01-13,381.039306640625,63.038330078125,38.1553840637207,86.9957275390625,94.02266693115234,178.75999450683594,76.65885925292969,21.700963973999023
2023-01-17,380.3412780761719,63.23495101928711,37.94289779663086,86.72327423095703,93.6822280883789,177.58999633789062,76.8761978149414,21.849777221679688
2023-01-18,374.3364562988281,63.01150894165039,37.68421936035156,87.90090942382812,94.78016662597656,177.0800018310547,75.7547378540039,21.613422393798828
2023-01-19,371.61126708984375,62.91319274902344,37.970611572265625,87.73394012451172,94.58440399169922,179.88999938964844,75.33745574951172,21.832271575927734
2023-01-20,378.53411865234375,63.46733856201172,38.55263900756836,87.1539306640625,94.09077453613281,179.2899932861328,76.2328872680664,21.963579177856445
2023-01-23,383.075927734375,63.72652816772461,38.82979965209961,86.87266540527344,93.81842041015625,179.6300048828125,76.58060455322266,22.016101837158203
2023-01-24,382.6647644042969,63.64608383178711,38.85752487182617,87.37362670898438,94.31207275390625,180.27999877929688,76.77188110351562,21.89354705810547
2023-01-25,382.8081970214844,64.06616973876953,38.894466400146484,87.47027587890625,94.35460662841797,181.11000061035156,76.80664825439453,21.832271575927734
2023-01-26,387.01544189453125,64.11979675292969,39.26401901245117,87.1539306640625,94.3205795288086,179.47000122070312,77.66730499267578,21.92856216430664
2023-01-27,387.9046936035156,63.99467468261719,39.07924270629883,87.0220947265625,94.04821014404297,179.22000122070312,78.5366439819336,21.683454513549805
2023-01-30,383.0377197265625,63.58353042602539,38.29396438598633,86.7496566772461,93.69074249267578,178.75999450683594,77.53690338134766,21.403329849243164
2023-01-31,388.66961669921875,63.94997024536133,38.2108154296875,87.18907165527344,94.36312866210938,179.41000366210938,79.16255950927734,21.770994186401367
2023-02-01,392.80035400390625,64.5219955444336,38.681983947753906,87.8161392211914,95.32102966308594,181.6699981689453,79.6494140625,21.359560012817383
2023-02-02,398.518310546875,64.43260192871094,38.45101547241211,87.78089904785156,95.45765686035156,177.89999389648438,81.45764923095703,21.20198631286621
2023-02-03,394.28240966796875,63.83378601074219,37.767364501953125,86.83856201171875,94.37340545654297,173.4600067138672,79.92759704589844,20.668001174926758
2023-02-06,391.872802734375,63.18134307861328,37.21304702758789,86.0899429321289,93.64767456054688,173.82000732421875,79.34513854980469,20.729276657104492
2023-02-07,396.998046875,63.71760559082031,37.360862731933594,85.87855529785156,93.34034729003906,173.97999572753906,79.17127227783203,21.123201370239258
2023-02-08,392.6568603515625,63.32432174682617,37.31467056274414,86.19560241699219,93.43427276611328,174.41000366210938,78.79744720458984,21.16697120666504
2023-02-09,389.2529602050781,63.440521240234375,37.49020767211914,85.80810546875,92.6488037109375,173.02999877929688,77.93679809570312,21.000648498535156
2023-02-10,390.1612854003906,63.16344451904297,37.12990188598633,85.39417266845703,91.99994659423828,173.36000061035156,78.20628356933594,21.298282623291016
2023-02-13,394.741455078125,63.798030853271484,37.434776306152344,85.59673309326172,92.34144592285156,172.47999572753906,78.90177917480469,21.254512786865234
2023-02-14,394.55975341796875,63.91422653198242,37.3701057434082,85.20921325683594,92.1109390258789,172.61000061035156,78.27583312988281,21.324542999267578
2023-02-15,395.8410339355469,63.62821960449219,37.055992126464844,84.95379638671875,91.76090240478516,170.88999938964844,78.58879852294922,21.096940994262695
2023-02-16,390.39080810546875,63.31538391113281,37.06523132324219,84.67195892333984,91.02668762207031,170.75,77.82379150390625,21.03566551208496
2023-02-17,389.4154968261719,63.47626876831055,36.65873336791992,84.9097900390625,91.38526916503906,171.25999450683594,77.5195083618164,20.878093719482422
2023-02-21,381.6034240722656,62.779117584228516,36.19680404663086,83.98504638671875,90.08753204345703,170.6199951171875,75.96337890625,20.904356002807617
2023-02-22,381.0775451660156,62.430545806884766,36.02127456665039,84.13475036621094,90.34366607666016,169.66000366210938,75.27659606933594,20.632984161376953
2023-02-23,383.10467529296875,62.752315521240234,36.19680404663086,84.46060180664062,91.05229949951172,169.57000732421875,75.84166717529297,20.79055404663086
2023-02-24,379.0121765136719,61.70659255981445,35.38380813598633,83.94977569580078,90.3692855834961,168.35000610351562,74.51158142089844,20.720523834228516
2023-02-27,380.3030090332031,62.439483642578125,35.56857681274414,84.2052001953125,90.39490509033203,169.00999450683594,74.62458801269531,20.73802947998047
2023-02-28,378.8974609375,61.9836540222168,35.31913375854492,84.33731079101562,90.42904663085938,169.77999877929688,74.52025604248047,20.799306869506836
2023-03-01,377.444091796875,62.314361572265625,36.076698303222656,83.66304016113281,89.86531066894531,170.75999450683594,73.58136749267578,21.158218383789062
2023-03-02,380.3795471191406,62.439483642578125,36.20603942871094,83.31888580322266,89.94242858886719,170.66000366210938,74.4420166015625,21.07943344116211
2023-03-03,386.47998046875,63.35114288330078,36.529396057128906,83.98959350585938,90.96195220947266,172.49000549316406,75.57217407226562,21.41208267211914
2023-03-06,386.7477111816406,63.19026184082031,36.400054931640625,83.83956146240234,90.71351623535156,171.6199951171875,75.27659606933594,21.307035446166992
2023-03-07,380.8193359375,62.135597229003906,35.790306091308594,83.84837341308594,90.45647430419922,168.6199951171875,73.52051544189453,20.869340896606445
2023-03-08,381.4408874511719,62.47523498535156,35.93812561035156,83.8218994140625,90.31083679199219,168.5399932861328,74.36378479003906,20.755537033081055
2023-03-09,374.40338134765625,62.01941680908203,35.14360809326172,84.34259033203125,90.22514343261719,170.1999969482422,72.65987396240234,20.501676559448242
2023-03-10,369.0009765625,61.358009338378906,34.958831787109375,85.89585876464844,91.51887512207031,173.8699951171875,70.25177764892578,20.720523834228516
2023-03-13,368.4749755859375,60.93794250488281,35.01426315307617,86.93721008300781,91.595947265625,177.86000061035156,71.17329406738281,20.589214324951172
2023-03-14,374.5659484863281,61.751277923583984,35.03274154663086,86.11647033691406,91.32179260253906,176.8300018310547,71.86007690429688,20.326595306396484
2023-03-15,372.22320556640625,59.838584899902344,34.43223190307617,87.36082458496094,92.19569396972656,178.2100067138672,71.80790710449219,19.853885650634766
2023-03-16,378.7539978027344,60.76811599731445,34.958831787109375,86.57537078857422,92.05860137939453,178.57000732421875,71.65142822265625,19.915163040161133
2023-03-17,374.32537841796875,60.044151306152344,34.746341705322266,87.59912109375,92.52125549316406,183.77000427246094,70.0257568359375,19.853885650634766
2023-03-20,377.9246826171875,60.982627868652344,34.87569046020508,87.24609375,92.2470703125,183.83999633789062,70.8255615234375,19.93267059326172
2023-03-21,382.8870849609375,61.903221130371094,35.18980026245117,86.48715209960938,92.69261169433594,180.3699951171875,70.5125961303711,20.002700805664062
2023-03-22,376.36016845703125,61.688720703125,35.32837677001953,87.62561798095703,93.23237609863281,183.44000244140625,67.87847900390625,20.055225372314453
2023-03-23,377.3775634765625,61.697654724121094,35.81801986694336,88.12861633300781,93.49797058105469,185.74000549316406,67.4524917602539,20.002700805664062
2023-03-24,379.8539733886719,61.509952545166016,35.72563171386719,88.15509033203125,93.78925323486328,183.64999389648438,69.18226623535156,20.0989933013916
2023-03-27,380.56427001953125,62.09092330932617,35.5316276550293,87.06963348388672,92.66690826416016,181.9499969482422,69.10323333740234,20.475414276123047
2023-03-28,379.7100524902344,62.11772155761719,36.03974533081055,87.01667785644531,92.51271057128906,183.44000244140625,68.9364242553711,20.571706771850586
2023-03-29,385.22906494140625,62.868499755859375,36.1413688659668,86.86662292480469,92.94108581542969,182.52999877929688,70.46421813964844,20.440397262573242
2023-03-30,387.4846496582031,63.60141372680664,36.50167465209961,86.99898529052734,93.06957244873047,184.17999267578125,71.38619232177734,20.589214324951172
2023-03-31,392.9461364746094,63.923160552978516,36.455482482910156,87.47555541992188,93.90919494628906,183.22000122070312,72.91401672363281,20.781801223754883
2023-04-03,394.4434509277344,64.43260192871094,36.529396057128906,87.88761901855469,94.4764404296875,184.5399932861328,72.33450317382812,21.123201370239258
2023-04-04,392.25506591796875,64.44155883789062,36.529396057128906,88.45356750488281,94.59671783447266,187.97999572753906,72.23789978027344,21.096940994262695
2023-04-05,391.22796630859375,63.99467468261719,36.24299621582031,88.82495880126953,94.90612030029297,187.8300018310547,71.85157775878906,21.17572784423828
2023-04-06,392.7541809082031,64.29854583740234,36.390811920166016,88.85147857666016,94.82018280029297,186.49000549316406,72.3432846069336,21.114450454711914
2023-04-10,393.1573181152344,64.25386047363281,36.427764892578125,87.9760513305664,94.38186645507812,185.11000061035156,72.67694091796875,21.114450454711914
2023-04-11,393.2628479003906,64.4683609008789,36.64949035644531,87.9406967163086,94.35608673095703,186.27999877929688,72.98426818847656,21.22825050354004
2023-04-12,391.659912109375,64.87950134277344,36.390811920166016,88.19711303710938,94.15843200683594,187.19000244140625,72.6330337524414,21.394577026367188
2023-04-13,396.8622131347656,65.71072387695312,36.88969802856445,87.90531921386719,94.32170867919922,189.72000122070312,72.41352844238281,21.394577026367188
2023-04-14,395.892822265625,65.44258880615234,36.69568634033203,87.47200012207031,94.01235961914062,186.36000061035156,71.28960418701172,21.42083740234375
2023-04-17,397.3133544921875,65.32640075683594,36.85274124145508,86.91493225097656,93.41932678222656,185.52999877929688,72.7735366821289,21.33329963684082
2023-04-18,397.572509765625,65.68390655517578,36.80655288696289,87.056396484375,93.72872924804688,186.25,72.606689453125,21.37706756591797
2023-04-19,397.5053405761719,65.47834777832031,36.437007904052734,86.87071228027344,93.26463317871094,185.36000061035156,73.03694152832031,21.07943344116211
2023-04-20,395.3360900878906,65.47834777832031,36.38157272338867,87.3747329711914,93.61700439453125,186.08999633789062,72.31694793701172,20.895601272583008
2023-04-21,395.64324951171875,65.80904388427734,36.03974533081055,87.16252136230469,93.67715454101562,184.25,72.32571411132812,20.851831436157227
2023-04-24,396.0559997558594,65.97886657714844,35.95659637451172,87.58699035644531,94.08968353271484,184.80999755859375,72.05352020263672,21.018156051635742
2023-04-25,389.7690734863281,65.05826568603516,35.28218460083008,88.45356750488281,94.5022201538086,185.75,71.34230041503906,20.720523834228516
2023-04-26,388.1181335449219,65.01358032226562,35.48543167114258,88.10868072509766,94.08968353271484,184.74000549316406,70.65740203857422,20.405380249023438
2023-04-27,395.8448486328125,65.82691955566406,35.96583938598633,87.5339126586914,93.74591827392578,184.75,72.25548553466797,20.431642532348633
2023-04-28,399.22344970703125,65.80011749267578,36.150604248046875,88.18830108642578,94.4764404296875,184.8000030517578,73.14231872558594,20.624231338500977
2023-05-01,398.82025146484375,65.7017822265625,36.03050994873047,87.15031433105469,92.9518051147461,183.97000122070312,72.59793853759766,20.44915199279785
2023-05-02,394.33782958984375,65.0403823852539,35.679439544677734,88.28490447998047,94.0728530883789,187.52000427246094,71.3686294555664,19.985193252563477
2023-05-03,391.6311340332031,65.21022033691406,35.6240119934082,88.8610610961914,94.22808074951172,189.11000061035156,71.08766174316406,19.73133087158203
2023-05-04,388.85723876953125,65.07614135742188,35.91040802001953,88.84332275390625,93.96936798095703,190.44000244140625,71.67595672607422,19.810115814208984
2023-05-05,396.0559997558594,66.03248596191406,36.390811920166016,88.36469268798828,93.59856414794922,187.4600067138672,72.8701171875,20.25656509399414
2023-05-08,396.1615905761719,66.05036163330078,36.40929412841797,87.823974609375,92.92591857910156,187.69000244140625,72.44863891601562,20.35285758972168
2023-05-09,394.4242248535156,65.78221130371094,36.18756103515625,87.71759796142578,92.89144897460938,189.02000427246094,72.14132690429688,20.414134979248047
2023-05-10,396.26715087890625,65.64816284179688,36.16908645629883,88.37355041503906,93.62440490722656,188.75,72.8349838256836,20.35285758972168
2023-05-11,395.5760803222656,65.48727416992188,36.03974533081055,88.7015151977539,93.98664093017578,187.1300048828125,72.03594970703125,20.002700805664062
2023-05-12,395.0577392578125,65.37108612060547,35.614768981933594,88.169677734375,93.40885925292969,186.80999755859375,72.02717590332031,19.84513282775879
2023-05-15,396.4206848144531,65.8716049194336,36.270713806152344,87.97465515136719,92.90869140625,187.2100067138672,71.90425109863281,20.07273292541504
2023-05-16,393.7716064453125,65.24595642089844,36.012027740478516,87.6910171508789,92.4429931640625,184.8699951171875,70.10423278808594,19.853885650634766
2023-05-17,398.551513671875,65.54984283447266,36.17831802368164,87.4073715209961,92.43443298339844,184.22999572753906,71.05252838134766,20.090242385864258
2023-05-18,402.3908996582031,65.45152282714844,35.984310150146484,86.86668395996094,92.04634094238281,181.83999633789062,70.71009826660156,19.906410217285156
2023-05-19,401.8053894042969,65.83586120605469,36.012027740478516,86.53868865966797,91.93424987792969,183.63999938964844,70.59593963623047,19.880146026611328
2023-05-22,401.9685363769531,65.85372924804688,36.30766296386719,86.37915802001953,91.8997802734375,183.2100067138672,71.02619934082031,19.897655487060547
2023-05-23,397.457275390625,64.88844299316406,35.744110107421875,86.52096557617188,92.08946990966797,183.42999267578125,70.35887145996094,19.976438522338867
2023-05-24,394.577880859375,63.941043853759766,35.4761962890625,86.29936981201172,91.72726440429688,181.9499969482422,68.8486099243164,19.985193252563477
2023-05-25,397.99481201171875,63.85166549682617,35.402286529541016,85.7586669921875,91.42544555664062,180.1999969482422,68.83982849121094,19.67005157470703
2023-05-26,403.149169921875,64.477294921875,36.03050994873047,85.9182357788086,91.81351470947266,180.9199981689453,69.63007354736328,19.985193252563477
2023-05-30,403.302734375,63.82485580444336,35.614768981933594,86.5918960571289,92.50337982177734,182.0399932861328,69.89349365234375,19.521236419677734
2023-05-31,401.06634521484375,63.16344451904297,35.28218460083008,86.91984558105469,92.80522155761719,182.32000732421875,70.24470520019531,19.302387237548828
2023-06-01,404.8768615722656,64.10192108154297,35.91040802001953,87.1614990234375,93.08983612060547,183.75999450683594,70.25350952148438,19.617528915405273
2023-06-02,410.73187255859375,64.9331283569336,36.529396057128906,86.46851348876953,92.83894348144531,181.0500030517578,71.9657211303711,19.871395111083984
2023-06-05,409.9447937011719,64.55775451660156,36.5201530456543,86.44185638427734,92.63997650146484,182.13999938964844,71.46521759033203,19.81886863708496
2023-06-06,410.8373718261719,65.0940170288086,36.843502044677734,86.49513244628906,92.82164001464844,182.33999633789062,72.15010070800781,19.84513282775879
2023-06-07,409.41680908203125,64.52152252197266,36.685218811035156,85.86430358886719,91.99109649658203,180.14999389648438,73.47598266601562,19.923917770385742
2023-06-08,411.89324951171875,65.20415496826172,36.94593048095703,86.44185638427734,92.60538482666016,182.52999877929688,73.0193862915039,19.95893096923828
2023-06-09,412.6323547363281,65.09492492675781,37.113521575927734,86.13087463378906,92.3631362915039,182.0399932861328,72.59793853759766,19.83637809753418
2023-06-12,416.3756408691406,65.3770751953125,37.18800735473633,86.27302551269531,92.65727233886719,181.8800048828125,72.61547088623047,19.565006256103516
2023-06-13,419.1207580566406,65.9959945678711,37.560447692871094,85.65996551513672,92.24199676513672,180.5399932861328,73.08085632324219,19.82762336730957
2023-06-14,419.619873046875,66.24172973632812,37.839778900146484,85.77547454833984,92.52748107910156,180.63999938964844,73.35305786132812,19.871395111083984
2023-06-15,424.8222351074219,66.94255065917969,38.19359588623047,86.44185638427734,93.33209991455078,181.91000366210938,73.7394027709961,20.291582107543945
2023-06-16,423.3751525878906,66.79693603515625,38.06324768066406,86.06867218017578,93.1677017211914,181.6300048828125,73.68671417236328,20.54544448852539
2023-06-20,421.1785888671875,65.91407012939453,37.318363189697266,86.32630157470703,93.50511932373047,179.75,72.81742858886719,20.36161231994629
2023-06-21,419.0206604003906,66.01419067382812,37.141456604003906,86.40626525878906,93.40131378173828,179.49000549316406,72.3783950805664,20.65924835205078
2023-06-22,420.53314208984375,65.60462188720703,37.0111083984375,85.9176254272461,92.91680908203125,177.7100067138672,71.34230041503906,20.27407455444336
2023-06-23,417.35394287109375,64.5852279663086,36.471065521240234,86.27302551269531,93.17637634277344,178.1999969482422,70.35887145996094,20.055225372314453
2023-06-26,415.64874267578125,64.66715240478516,36.59210968017578,86.48626708984375,93.28016662597656,178.50999450683594,71.98326873779297,20.08148765563965
2023-06-27,420.20562744140625,65.23146057128906,36.96454620361328,86.1841812133789,93.17637634277344,177.69000244140625,72.8701171875,19.757591247558594
2023-06-28,420.41748046875,65.2769546508789,36.74108123779297,86.53070831298828,93.5829849243164,177.27999877929688,72.97549438476562,19.696313858032227
2023-06-29,422.0745544433594,65.18594360351562,36.54555130004883,85.64218139648438,92.87357330322266,177.08999633789062,73.79064178466797,19.705068588256836
2023-06-30,427.05535888671875,65.98688507080078,36.834190368652344,85.82878112792969,93.55703735351562,178.27000427246094,74.1990966796875,19.871395111083984
2023-07-03,427.5466613769531,65.91407012939453,37.243873596191406,85.45648956298828,93.29490661621094,178.47000122070312,74.92725372314453,19.871395111083984
2023-07-05,426.9107666015625,65.17684173583984,37.020408630371094,85.04679870605469,92.6266098022461,177.83999633789062,75.09595489501953,19.993947982788086
2023-07-06,423.56781005859375,64.0482406616211,36.26622772216797,84.35206604003906,91.68920135498047,177.30999755859375,74.51878356933594,19.950178146362305
2023-07-07,422.4983825683594,64.5306167602539,36.675907135009766,84.24522399902344,91.6024169921875,178.63999938964844,74.3500747680664,20.11650276184082
2023-07-10,423.56781005859375,64.71266174316406,36.70383834838867,84.68161010742188,92.07975769042969,178.77999877929688,74.66973114013672,20.1602725982666
2023-07-11,426.26531982421875,65.29515075683594,37.0762825012207,84.85977172851562,92.51375579833984,179.4499969482422,75.73529815673828,20.39662742614746
2023-07-12,429.69500732421875,66.5420913696289,37.90495300292969,85.68804168701172,93.32959747314453,181.8800048828125,76.14376068115234,20.54544448852539
2023-07-13,433.10546875,67.60697174072266,38.3984375,86.40055084228516,93.98924255371094,182.00999450683594,76.63215637207031,20.834321975708008
2023-07-14,432.835693359375,67.2247085571289,38.18428039550781,85.9730453491211,93.26019287109375,181.42999267578125,76.481201171875,20.69426155090332
2023-07-17,434.338623046875,67.14279174804688,38.23084259033203,86.11555480957031,93.41641235351562,181.55999755859375,75.98394775390625,20.527936935424805
2023-07-18,437.5660095214844,67.57968139648438,37.95151138305664,86.21351623535156,93.65074157714844,183.63999938964844,75.56658935546875,20.799306869506836
2023-07-19,438.5390625,67.54327392578125,37.87702560424805,86.50743865966797,94.18021392822266,183.6699981689453,76.41903686523438,20.913108825683594
2023-07-20,435.6296081542969,67.1974105834961,37.59769058227539,85.8216323852539,93.54660034179688,182.74000549316406,76.17041015625,20.97438621520996
2023-07-21,435.6296081542969,67.33393096923828,37.54182815551758,85.8929214477539,93.71153259277344,182.17999267578125,76.52559661865234,21.08818817138672
2023-07-24,437.5756530761719,67.17010498046875,38.05392837524414,85.68804168701172,93.59867858886719,181.39999389648438,77.15606689453125,21.4646053314209
2023-07-25,438.770263671875,67.24291229248047,38.37049865722656,85.52775573730469,93.45113372802734,182.41000366210938,76.60551452636719,21.543392181396484
2023-07-26,438.83770751953125,67.4249496459961,38.593963623046875,85.8216323852539,93.88508605957031,183.3000030517578,76.95182800292969,21.438344955444336
2023-07-27,435.92822265625,67.27021789550781,38.119110107421875,84.88648986816406,92.7394027709961,180.4199981689453,75.28243255615234,21.385820388793945
2023-07-28,440.1961364746094,67.75260925292969,39.040897369384766,85.16259002685547,93.34695434570312,181.86000061035156,75.22029113769531,21.51712989807129
2023-07-31,441.0343017578125,67.77080535888672,39.05951690673828,85.26944732666016,93.60737609863281,182.35000610351562,75.70867156982422,21.60466957092285
2023-08-01,439.7721862792969,66.92435455322266,38.56603240966797,84.77122497558594,92.67461395263672,180.4600067138672,75.58433532714844,21.49086570739746
2023-08-02,433.65460205078125,65.67743682861328,37.64424514770508,84.6015625,92.10850524902344,179.60000610351562,75.14924621582031,21.16697120666504
2023-08-03,432.4117736816406,65.49539184570312,37.7932243347168,83.9765625,91.2811508178711,179.5399932861328,74.3322982788086,21.36831283569336
2023-08-04,430.4561462402344,65.67743682861328,37.74666976928711,84.86946105957031,92.23045349121094,180.19000244140625,73.72850036621094,21.403329849243164
2023-08-07,434.2134094238281,66.23262786865234,37.69080352783203,84.66404724121094,92.00398254394531,179.77999877929688,74.6519775390625,21.41208267211914
2023-08-08,432.3251647949219,65.83216857910156,37.23456573486328,85.0926513671875,92.36978149414062,178.63999938964844,74.17245483398438,21.385820388793945
2023-08-09,429.4349365234375,65.81395721435547,37.327674865722656,85.146240234375,92.45689392089844,177.7899932861328,74.16358947753906,21.534637451171875
2023-08-10,429.58905029296875,66.09610748291016,37.383541107177734,84.4944076538086,91.80370330810547,177.60000610351562,73.87944793701172,21.42083740234375
2023-08-11,429.338623046875,65.6501235961914,36.834190368652344,84.04798126220703,91.49015045166016,177.60000610351562,73.994873046875,21.385820388793945
2023-08-14,431.70855712890625,65.35887145996094,36.657283782958984,83.9140396118164,91.45533752441406,177.05999755859375,73.50647735595703,21.280773162841797
2023-08-15,426.67962646484375,64.548828125,36.23828887939453,83.75333404541016,90.976318359375,176.58999633789062,72.68067932128906,21.026912689208984
2023-08-16,423.5485534667969,64.02092742919922,35.91240692138672,83.43186950683594,90.56697845458984,175.57000732421875,71.78382110595703,20.93937110900879
2023-08-17,420.3211975097656,63.565853118896484,35.99620819091797,83.32471466064453,90.32310485839844,175.3000030517578,71.2066421508789,20.99189567565918
2023-08-18,420.52349853515625,63.565853118896484,35.754119873046875,83.5747299194336,90.66276550292969,175.3300018310547,71.42864227294922,21.140708923339844
2023-08-21,423.25958251953125,63.802490234375,35.83791732788086,83.05686950683594,90.12278747558594,175.80999755859375,70.77153015136719,21.08818817138672
2023-08-22,422.11309814453125,63.684165954589844,35.76343536376953,83.09256744384766,90.40149688720703,176.10000610351562,70.97576141357422,21.096940994262695
2023-08-23,426.814453125,64.37590026855469,36.33140563964844,83.9944076538086,91.67303466796875,177.88999938964844,72.09461212158203,21.140708923339844
2023-08-24,420.8992004394531,63.493038177490234,36.191734313964844,83.68186950683594,91.35952758789062,177.85000610351562,71.8193359375,21.158218383789062
2023-08-25,423.86651611328125,63.92081069946289,36.22898483276367,83.65509796142578,91.4117660522461,177.6199951171875,71.87261962890625,21.36831283569336
2023-08-28,426.55438232421875,64.5943374633789,36.58279800415039,83.88725280761719,91.69917297363281,178.1300048828125,72.5474624633789,21.33329963684082
2023-08-29,432.72015380859375,65.3952865600586,37.04834747314453,84.4854965209961,92.43074798583984,179.8699951171875,73.42656707763672,21.41208267211914
2023-08-30,434.5024108886719,65.35887145996094,36.92730712890625,84.47657012939453,92.30011749267578,180.32000732421875,73.69295501708984,21.438344955444336
2023-08-31,433.8665466308594,65.1040267944336,36.471065521240234,84.64622497558594,92.45689392089844,180.02000427246094,73.15130615234375,21.525882720947266
2023-09-01,434.67584228515625,65.06761932373047,36.899375915527344,84.12879943847656,91.7987060546875,180.11000061035156,73.27560424804688,21.779747009277344
2023-09-05,432.7971496582031,64.5033187866211,36.60142135620117,83.61856079101562,91.14322662353516,178.63999938964844,72.42316436767578,21.884794235229492
2023-09-06,429.8877258300781,64.36679077148438,36.39657974243164,83.4037094116211,91.05581665039062,177.8300018310547,72.27220153808594,21.93731689453125
2023-09-07,428.56787109375,64.1574478149414,35.9682731628418,83.6901626586914,91.45787811279297,178.02000427246094,72.72508239746094,21.89354705810547
2023-09-08,429.2132873535156,64.06644439697266,36.04276657104492,83.70808410644531,91.52779388427734,178.0800018310547,72.44092559814453,21.93731689453125
2023-09-11,432.0361328125,64.73086547851562,36.489681243896484,83.5648422241211,91.35297393798828,178.41000366210938,72.4498062133789,22.068626403808594
2023-09-12,429.6661682128906,64.46691131591797,36.377952575683594,83.68121337890625,91.3267593383789,177.49000549316406,72.4142837524414,22.147411346435547
2023-09-13,430.1671447753906,64.26667785644531,36.33140563964844,83.7796630859375,91.52779388427734,177.0800018310547,71.62398529052734,22.217443466186523
2023-09-14,433.87615966796875,65.1131362915039,36.573482513427734,83.59170532226562,91.3617172241211,177.1699981689453,72.9204330444336,22.401275634765625
2023-09-15,428.6486511230469,64.9675064086914,36.43381881713867,83.33209228515625,91.22188568115234,178.33999633789062,72.6451416015625,22.348752975463867
2023-09-18,428.90008544921875,64.73995971679688,36.387271881103516,83.41265869140625,91.39668273925781,179.38999938964844,71.9969482421875,22.339998245239258
2023-09-19,428.01068115234375,64.79457092285156,36.173118591308594,83.1082992553711,91.0907974243164,179.22000122070312,71.66838073730469,22.357505798339844
2023-09-20,424.0758056640625,64.63983917236328,36.02413558959961,83.0456314086914,91.1257553100586,179.35000610351562,71.73053741455078,22.173673629760742
2023-09-21,417.06646728515625,63.565853118896484,35.40030288696289,82.42796325683594,90.2080307006836,178.0500030517578,69.28861236572266,22.1036434173584
2023-09-22,416.1287536621094,63.62046432495117,35.81930160522461,82.75023651123047,90.75865173339844,178.6199951171875,68.76471710205078,22.121150970458984
2023-09-25,417.8785705566406,63.33831024169922,35.6610107421875,82.14149475097656,89.87589263916016,177.6999969482422,68.70256042480469,22.016101837158203
2023-09-26,411.7394104003906,62.519168853759766,35.15821838378906,82.11465454101562,89.62242889404297,176.27999877929688,67.45051574707031,21.98984146118164
2023-09-27,411.90374755859375,62.400840759277344,35.21408462524414,81.74762725830078,89.202880859375,174.10000610351562,66.99763488769531,22.112396240234375
2023-09-28,414.2917785644531,62.91053771972656,35.307193756103516,81.97142028808594,89.36019134521484,173.22999572753906,67.64051818847656,22.08613395690918
2023-09-29,413.28631591796875,62.72849655151367,35.33512496948242,81.98931884765625,89.16792297363281,171.4499969482422,67.8377685546875,21.849777221679688
2023-10-02,413.1219787597656,61.809242248535156,35.15821838378906,81.32426452636719,88.35104370117188,169.64999389648438,66.59146118164062,21.683454513549805
2023-10-03,407.5918884277344,61.03559494018555,34.69266891479492,80.6511459350586,87.33316040039062,169.16000366210938,65.29139709472656,21.587160110473633
2023-10-04,410.5599670410156,61.14481735229492,34.590248107910156,81.16271209716797,88.0965576171875,169.13999938964844,66.0893783569336,20.983139038085938
2023-10-05,410.4052429199219,61.68180847167969,34.72060012817383,81.3152847290039,87.99122619628906,168.8300018310547,66.45700073242188,20.860584259033203
2023-10-06,415.2779541015625,62.36442947387695,35.2234001159668,80.83959197998047,87.72802734375,169.6999969482422,66.63630676269531,20.93937110900879
2023-10-09,417.9366455078125,62.27341079711914,35.0557975769043,81.87175750732422,88.81607055664062,172.82000732421875,67.36256408691406,21.37706756591797
2023-10-10,420.1119384765625,63.12897491455078,35.558589935302734,81.71019744873047,88.85115814208984,172.52999877929688,67.68535614013672,21.324542999267578
2023-10-11,421.83282470703125,63.392913818359375,35.78205490112305,82.158935546875,89.39518737792969,173.7899932861328,68.85991668701172,21.20198631286621
2023-10-12,419.2611083984375,62.86503219604492,35.38167953491211,81.36914825439453,88.46509552001953,173.25999450683594,67.85569763183594,21.193233489990234
2023-10-13,417.1728210449219,62.28252029418945,35.2513313293457,81.88968658447266,88.95645904541016,178.8300018310547,67.68535614013672,21.75348663330078
2023-10-16,421.56207275390625,62.73759841918945,35.51203918457031,81.405029296875,88.3422622680664,177.9600067138672,68.4922866821289,21.683454513549805
2023-10-17,421.542724609375,62.774009704589844,35.41893005371094,80.60626220703125,87.6402816772461,178.2899932861328,68.39366912841797,21.744731903076172
2023-10-18,415.9256591796875,61.68180847167969,34.87889099121094,80.22930908203125,86.93831634521484,180.8699951171875,66.94115447998047,21.93731689453125
2023-10-19,412.2712097167969,61.135711669921875,34.674049377441406,79.83435821533203,86.2363510131836,183.08999633789062,65.3541488647461,22.164920806884766
2023-10-20,407.20513916015625,60.58961868286133,34.25505447387695,80.30107116699219,86.57852935791016,183.58999633789062,64.9148178100586,21.998594284057617
2023-10-23,406.4994201660156,60.63512420654297,34.22712326049805,80.67806243896484,87.25418853759766,182.97000122070312,64.2782211303711,21.858531951904297
2023-10-24,409.5641784667969,60.980987548828125,34.66473388671875,80.82164764404297,87.74559020996094,182.9499969482422,65.10309600830078,21.622177124023438
2023-10-25,403.68603515625,60.54410934448242,34.20850372314453,80.11259460449219,86.94709014892578,183.72000122070312,63.704376220703125,21.779747009277344
2023-10-26,398.85205078125,60.10723114013672,34.04090118408203,80.72294616699219,87.5788345336914,184.00999450683594,64.92378234863281,21.595914840698242
2023-10-27,397.0440979003906,59.92519760131836,34.012969970703125,80.84855651855469,87.40335083007812,186.14999389648438,63.88370132446289,21.884794235229492
2023-10-30,401.79107666015625,60.68973922729492,34.366790771484375,80.57933807373047,87.14010620117188,185.10000610351562,64.28717041015625,21.534637451171875
2023-10-31,404.3144226074219,60.90816879272461,34.171260833740234,80.40878295898438,87.01727294921875,184.08999633789062,65.38105010986328,21.455852508544922
2023-11-01,408.6263732910156,61.4815788269043,34.487831115722656,81.33492279052734,88.26258850097656,183.50999450683594,65.7845230102539,21.49086570739746
2023-11-02,416.4573669433594,62.73759841918945,35.09304428100586,81.83892059326172,89.31060791015625,184.1199951171875,67.94535827636719,21.718469619750977
2023-11-03,420.2568664550781,63.40203094482422,35.80998229980469,82.46891021728516,89.75096893310547,184.7899932861328,69.56822204589844,21.60466957092285
2023-11-06,421.2236633300781,63.08346176147461,36.0986328125,81.991943359375,89.27538299560547,183.35000610351562,68.56402587890625,21.692209243774414
2023-11-07,422.42254638671875,62.70119857788086,36.03345489501953,82.45993041992188,89.98871612548828,182.58999633789062,67.9991455078125,21.22825050354004
2023-11-08,422.73193359375,62.61927795410156,35.79136657714844,82.7929458618164,90.44668579101562,180.77000427246094,68.22332000732422,20.99189567565918
2023-11-09,419.43511962890625,62.61018371582031,35.4561767578125,81.97391510009766,89.53077697753906,181.49000549316406,67.14737701416016,20.93937110900879
2023-11-10,425.98028564453125,62.89232635498047,35.70756530761719,82.06392669677734,89.97991180419922,179.50999450683594,67.77499389648438,21.044418334960938
2023-11-13,425.57427978515625,63.056156158447266,35.6982536315918,82.0189208984375,89.98871612548828,180.50999450683594,67.21013641357422,21.350805282592773
2023-11-14,433.8307800292969,64.66715240478516,36.647972106933594,83.25196075439453,91.3978271484375,182.1199951171875,70.94004821777344,21.3157901763916
2023-11-15,434.7491760253906,64.5670394897461,36.95524215698242,82.60395050048828,90.9222640991211,181.63999938964844,71.1462631225586,21.17572784423828
2023-11-16,435.2809143066406,64.52152252197266,36.60142135620117,83.22494506835938,91.67082977294922,183.69000244140625,70.99384307861328,20.668001174926758
2023-11-17,435.8223571777344,65.3952865600586,36.647972106933594,83.27896118164062,91.93505859375,183.6699981689453,70.94004821777344,20.965635299682617
2023-11-20,439.1771240234375,65.64102935791016,37.104209899902344,83.39596557617188,92.30492401123047,183.3699951171875,71.4600830078125,21.22825050354004
2023-11-21,438.219970703125,65.38617706298828,36.871437072753906,83.50395202636719,92.33135223388672,185.35000610351562,70.9579849243164,21.350805282592773
2023-11-22,439.9118347167969,65.5409164428711,36.79695129394531,83.47695922851562,92.70124816894531,184.55999755859375,71.30766296386719,21.16697120666504
2023-11-24,440.18255615234375,66.04149627685547,36.81557083129883,83.04496002197266,92.22567749023438,185.52000427246094,71.51387786865234,21.026912689208984
2023-11-27,439.3898010253906,65.81395721435547,36.66659927368164,83.67497253417969,92.97427368164062,186.77000427246094,71.77389526367188,20.88684844970703
2023-11-28,439.82489013671875,65.83216857910156,36.97385787963867,84.04397583007812,93.34416198730469,189.25999450683594,72.24910736083984,21.140708923339844
2023-11-29,439.5154724121094,65.96869659423828,36.75970458984375,84.48499298095703,94.10153198242188,189.5399932861328,72.75121307373047,21.289527893066406
2023-11-30,441.24609375,65.91407012939453,36.834190368652344,84.07097625732422,93.60838317871094,188.75,73.28021240234375,20.930618286132812
2023-12-01,443.8564453125,66.60580444335938,36.99248123168945,84.86420440673828,94.73539733886719,192.00999450683594,75.08240509033203,20.834321975708008
2023-12-04,441.5264892578125,66.0870132446289,36.573482513427734,84.51227569580078,94.3022689819336,187.86000061035156,75.62934112548828,20.69426155090332
2023-12-05,441.439453125,65.85037231445312,36.35002136230469,85.10785675048828,95.05363464355469,187.14999389648438,75.12723541259766,20.51042938232422
2023-12-06,439.6605529785156,66.05060577392578,36.303466796875,85.45980072021484,95.40724182128906,187.83999633789062,74.90306854248047,20.011455535888672
2023-12-07,443.015380859375,66.36915588378906,36.480377197265625,85.33345794677734,95.41608428955078,188.14999389648438,75.11827087402344,20.046470642089844
2023-12-08,444.91986083984375,66.56939697265625,36.32209014892578,84.78296661376953,94.90335845947266,185.63999938964844,74.99274444580078,20.134010314941406
2023-12-11,446.6504211425781,66.73322296142578,36.53624725341797,84.79200744628906,94.87686920166016,183.58999633789062,75.19895935058594,20.06397819519043
2023-12-12,448.6904296875,66.8515396118164,36.54555130004883,84.97250366210938,95.41608428955078,183.49000549316406,75.15412902832031,19.757591247558594
2023-12-13,454.8779296875,67.82540893554688,36.90868377685547,86.23590087890625,97.01607513427734,187.6300048828125,78.03227996826172,19.985193252563477
2023-12-14,456.3377380371094,68.32601165771484,37.44872283935547,86.95272827148438,98.04780578613281,188.72999572753906,80.28276062011719,20.317842483520508
2023-12-15,455.58648681640625,67.66158294677734,37.225257873535156,86.88034057617188,97.90589141845703,187.0,79.15303039550781,20.35285758972168
2023-12-18,458.149169921875,67.82540893554688,37.206634521484375,86.69026184082031,97.497802734375,187.85000610351562,78.97369384765625,20.498884201049805
2023-12-19,460.9350891113281,68.39881896972656,37.5232048034668,86.85315704345703,97.62197875976562,189.1300048828125,79.5744400024414,20.655014038085938
2023-12-20,454.54779052734375,67.70855712890625,36.84772872924805,87.27857208251953,97.87926483154297,188.10000610351562,78.60609436035156,20.416229248046875
2023-12-21,458.85772705078125,68.80524444580078,37.540279388427734,87.1427993774414,97.84378814697266,189.42999267578125,79.30318450927734,20.452964782714844
2023-12-22,459.7799072265625,68.86975860595703,37.36002731323242,87.06134033203125,97.67520904541016,190.27000427246094,79.61180114746094,20.416229248046875
2023-12-26,461.7213439941406,69.1830825805664,37.65412902832031,87.11566162109375,97.87926483154297,191.72000122070312,80.20177459716797,20.61827850341797
2023-12-27,462.5561828613281,69.55172729492188,37.8723258972168,87.79448699951172,98.79302978515625,192.58999633789062,80.59207916259766,20.526437759399414
2023-12-28,462.7309265136719,69.36740112304688,38.16642761230469,87.45958709716797,98.53575134277344,191.47000122070312,81.16390228271484,20.351940155029297
2023-12-29,461.39129638671875,69.44113159179688,38.1474494934082,87.24236297607422,98.17203521728516,191.1699981689453,80.20177459716797,20.241731643676758
2024-01-02,458.8092346191406,68.66700744628906,37.70156478881836,86.91651153564453,97.50666809082031,190.72000122070312,80.89160919189453,20.076417922973633
2024-01-03,455.0622863769531,68.15091705322266,37.49284744262695,87.12470245361328,97.28486633300781,189.1300048828125,78.95826721191406,20.33357048034668
2024-01-04,453.5964660644531,68.30757904052734,37.36951446533203,86.59976196289062,96.74371337890625,189.32000732421875,78.81304931640625,20.223363876342773
2024-01-05,454.21771240234375,68.3536605834961,37.41695022583008,86.2829360961914,96.39772033691406,189.35000610351562,78.61334991455078,20.324386596679688
2024-01-08,460.7021484375,69.08171081542969,37.521305084228516,86.57259368896484,97.13407135009766,187.8699951171875,79.7388687133789,20.03049659729004
2024-01-09,460.0032043457031,68.46424865722656,36.99003601074219,86.536376953125,97.30261993408203,187.92999267578125,79.20333862304688,20.177440643310547
2024-01-10,462.604736328125,68.90660858154297,36.90464782714844,86.40065002441406,97.17842864990234,187.5,79.29411315917969,20.03968048095703
2024-01-11,462.4008483886719,68.89739227294922,37.05644226074219,86.86222076416016,97.76395416259766,187.8699951171875,78.55889129638672,20.18662452697754
2024-01-12,462.72119140625,69.1830825805664,37.18926239013672,87.09754943847656,97.97686767578125,189.7100067138672,79.0308837890625,20.260099411010742
2024-01-16,461.0224304199219,68.02188110351562,36.28799057006836,86.39157104492188,96.98324584960938,187.91000366210938,78.4499740600586,20.085601806640625
2024-01-17,458.45977783203125,67.37678527832031,35.747230529785156,86.11102294921875,96.77919006347656,185.83999633789062,77.01585388183594,20.058048248291016
2024-01-18,462.5367736816406,67.97581481933594,36.04132843017578,85.92092895507812,96.59291076660156,187.3699951171875,76.59832000732422,20.18662452697754
2024-01-19,468.3028259277344,68.13248443603516,36.420806884765625,85.92997741699219,96.69048309326172,187.92999267578125,77.51507568359375,20.149890899658203
2024-01-22,469.2929382324219,68.34445190429688,36.09824752807617,86.19245910644531,96.95663452148438,187.22000122070312,77.97798919677734,20.232547760009766
2024-01-23,470.66162109375,68.15091705322266,36.41132354736328,85.97522735595703,96.60173797607422,187.9499969482422,77.44245147705078,20.342754364013672
2024-01-24,471.1761779785156,68.66700744628906,36.81926727294922,85.73085021972656,96.41546630859375,186.39999389648438,76.33509826660156,20.517253875732422
2024-01-25,473.7388610839844,68.86053466796875,36.86669921875,86.1019287109375,97.05420684814453,187.13999938964844,77.31538391113281,20.673383712768555
2024-01-26,473.1369934082031,69.16465759277344,36.89516067504883,85.94807434082031,96.77919006347656,187.00999450683594,77.0975341796875,20.76522445678711
2024-01-29,476.8839111328125,69.57014465332031,36.91413497924805,86.46395874023438,97.17842864990234,188.3300018310547,77.60585021972656,20.59072494506836
2024-01-30,476.5151672363281,69.47798919677734,36.620033264160156,86.58164978027344,97.48892974853516,188.58999633789062,76.87970733642578,20.728487014770508
2024-01-31,468.7396545410156,69.12779998779297,36.420806884765625,87.30572509765625,97.73734283447266,188.4499969482422,76.14449310302734,20.50806999206543
2024-02-01,474.8746032714844,69.80976104736328,36.771827697753906,87.84648132324219,98.4931869506836,190.41000366210938,77.52416229248047,20.260099411010742
2024-02-02,479.8737487792969,69.25680541992188,36.66747283935547,86.70328521728516,97.593994140625,188.61000061035156,76.56202697753906,20.03049659729004
2024-02-05,478.12646484375,68.88818359375,36.714908599853516,85.85945129394531,96.6591796875,187.57000732421875,74.95542907714844,20.1131534576416
2024-02-06,479.5145568847656,69.3121109008789,37.54977035522461,86.32219696044922,97.20225524902344,188.5500030517578,75.96297454833984,20.18662452697754
2024-02-07,483.513916015625,69.27523803710938,37.597206115722656,86.1679458618164,96.9173583984375,188.5,75.85403442382812,20.278467178344727
2024-02-08,483.7275085449219,69.15544891357422,37.388484954833984,85.88665771484375,96.41880798339844,188.3300018310547,76.47124481201172,20.3886775970459
2024-02-09,486.5231628417969,69.39505004882812,37.54977035522461,85.73242950439453,96.2941665649414,187.60000610351562,76.58924102783203,20.44378089904785
2024-02-12,486.3096008300781,69.51486206054688,37.843868255615234,85.81411743164062,96.30305480957031,187.11000061035156,76.6073989868164,20.452964782714844
2024-02-13,479.61163330078125,68.44581604003906,37.13233947753906,84.87046813964844,95.2436294555664,184.52999877929688,75.02804565429688,20.33357048034668
2024-02-14,483.97021484375,69.21073150634766,37.66361618041992,85.18804931640625,95.68875122070312,184.4199981689453,75.61803436279297,20.14070701599121
2024-02-15,487.3094787597656,69.99407958984375,37.843868255615234,85.42396545410156,96.0359878540039,185.66000366210938,77.3789291381836,20.18662452697754
2024-02-16,484.8826904296875,70.10466766357422,38.02412033081055,85.05195617675781,95.68875122070312,186.33999633789062,76.58018493652344,20.232547760009766
2024-02-20,482.21319580078125,70.3903579711914,38.0810432434082,85.19711303710938,96.0092544555664,187.47000122070312,76.44403076171875,20.122337341308594
2024-02-21,482.6500549316406,70.4456558227539,38.1474494934082,84.92491912841797,95.76890563964844,187.47999572753906,76.87062072753906,20.204994201660156
2024-02-22,492.638671875,71.23822021484375,38.53642272949219,84.93397521972656,95.92022705078125,187.55999755859375,77.01585388183594,20.260099411010742
2024-02-23,492.97845458984375,71.33036804199219,38.5174446105957,85.32413482666016,96.20510864257812,188.6199951171875,76.97953796386719,19.966209411621094
2024-02-26,491.17291259765625,71.22899627685547,38.3466796875,85.19711303710938,95.90242004394531,188.1999969482422,76.13541412353516,20.149890899658203
2024-02-27,492.0853576660156,71.42252349853516,38.422576904296875,85.006591796875,95.76890563964844,188.0,76.2261734008789,20.306018829345703
2024-02-28,491.4349670410156,71.00782775878906,37.91976547241211,85.31504821777344,95.75997161865234,188.33999633789062,76.99771118164062,20.223363876342773
2024-02-29,493.20172119140625,71.19213104248047,37.93873596191406,85.4874496459961,95.84900665283203,189.30999755859375,77.6512451171875,20.195810317993164
2024-03-01,497.8320007324219,71.88331604003906,38.40360641479492,85.87771606445312,96.43250274658203,192.88999938964844,78.5770492553711,20.29683494567871
2024-03-04,497.298095703125,71.69900512695312,38.31822204589844,85.6866683959961,96.2537841796875,196.00999450683594,79.31226348876953,20.36112403869629
2024-03-05,492.32806396484375,71.56998443603516,37.9766845703125,86.21430969238281,96.78097534179688,197.19000244140625,78.35013580322266,20.204994201660156
2024-03-06,494.8228454589844,72.41783905029297,38.526939392089844,86.42354583740234,97.04010772705078,198.80999755859375,78.74044036865234,20.37030792236328
2024-03-07,499.7346496582031,73.27490234375,38.76411437988281,86.5691146850586,97.28138732910156,199.94000244140625,78.72227478027344,20.425413131713867
2024-03-08,496.7351379394531,73.03529357910156,38.726165771484375,86.6327896118164,97.41543579101562,201.6300048828125,79.62995910644531,20.36112403869629
2024-03-11,496.3080139160156,72.62059020996094,38.81155014038086,86.52361297607422,97.43328857421875,202.0,79.24871826171875,20.53562355041504
2024-03-12,501.6470031738281,73.20117950439453,39.23846435546875,86.16883087158203,97.12055969238281,199.7899932861328,79.07627868652344,20.48051643371582
2024-03-13,500.86065673828125,73.21039581298828,39.11513137817383,85.97779846191406,97.02226257324219,201.19000244140625,78.67689514160156,20.76522445678711
2024-03-14,499.8704833984375,72.67587280273438,38.9159049987793,85.34097290039062,96.30740356445312,200.35000610351562,77.4969253540039,20.829513549804688
2024-03-15,496.4381408691406,72.70352172851562,38.67873001098633,85.1954345703125,96.334228515625,199.7100067138672,77.32447052001953,20.902984619140625
2024-03-18,499.38848876953125,72.68509674072266,38.74513626098633,85.09534454345703,96.17337799072266,200.02999877929688,77.36077880859375,21.095849990844727
2024-03-19,502.1636657714844,72.81411743164062,38.55539321899414,85.34097290039062,96.45037078857422,199.8000030517578,77.33354187011719,21.086666107177734
2024-03-20,506.8083801269531,73.58824157714844,38.99180221557617,85.54112243652344,96.62910461425781,202.17999267578125,77.84182739257812,21.03156089782715
2024-03-21,508.4832458496094,73.55138397216797,39.039241790771484,85.55024719238281,96.77206420898438,201.97000122070312,78.40457916259766,21.004011154174805
2024-03-22,507.5192565917969,73.39470672607422,38.76411437988281,85.96869659423828,97.1026840209961,200.35000610351562,77.41776275634766,20.857065200805664
2024-03-25,506.1170959472656,73.238037109375,38.792572021484375,85.74125671386719,96.77206420898438,200.99000549316406,76.94173431396484,21.03156089782715
2024-03-26,505.1822204589844,73.32099151611328,38.76411437988281,85.86862182617188,96.74522399902344,201.63999938964844,76.63047790527344,20.866249084472656
2024-03-27,509.427734375,73.76333618164062,38.83052062988281,86.19612884521484,97.41543579101562,203.10000610351562,78.60780334472656,20.847881317138672
2024-03-28,509.33038330078125,73.59745788574219,38.97283172607422,86.1142349243164,97.32604217529297,205.72000122070312,79.1662368774414,21.095849990844727
2024-04-01,508.4443054199219,73.28412628173828,39.039241790771484,85.3350601196289,96.39411926269531,207.82000732421875,77.83885955810547,21.196874618530273
2024-04-02,505.21148681640625,72.7680435180664,39.162567138671875,85.152587890625,96.2506103515625,210.88999938964844,76.85933685302734,21.38974380493164
2024-04-03,505.7665100097656,73.17353057861328,39.1910285949707,85.25296020507812,96.31341552734375,212.74000549316406,76.94173431396484,21.646896362304688
2024-04-04,499.5931091308594,72.54686737060547,39.04872512817383,85.544921875,96.4210205078125,211.52000427246094,76.44739532470703,21.70199966430664
2024-04-05,504.81219482421875,72.77725219726562,39.13410949707031,84.979248046875,95.9994888305664,215.13999938964844,76.84103393554688,21.812210083007812
2024-04-08,505.0945739746094,73.13666534423828,39.3902587890625,84.78765869140625,95.9905014038086,216.47999572753906,77.66493225097656,21.80302619934082
2024-04-09,505.6788330078125,73.12744903564453,39.65589904785156,85.12523651123047,96.48383331298828,217.6699981689453,78.6993637084961,21.68363380432129
2024-04-10,500.61541748046875,72.15979766845703,39.11513137817383,83.99385833740234,95.11151885986328,215.61000061035156,75.44043731689453,21.793840408325195
2024-04-11,504.39349365234375,72.35331726074219,39.3523063659668,83.87525939941406,94.9141845703125,219.8000030517578,75.69676208496094,21.757104873657227
2024-04-12,497.431396484375,71.18291473388672,38.4510383605957,84.22196960449219,95.12945556640625,216.88999938964844,74.79963684082031,21.784656524658203
2024-04-15,491.1994323730469,70.97095489501953,38.204376220703125,83.68366241455078,94.08003234863281,220.9499969482422,73.52719116210938,21.812210083007812
2024-04-16,490.3036804199219,70.27055358886719,37.70156478881836,83.35520935058594,93.76611328125,221.22000122070312,72.49276733398438,21.77547264099121
2024-04-17,487.4018859863281,70.31663513183594,37.673099517822266,83.88436126708984,94.27733612060547,219.58999633789062,71.96180725097656,21.4356632232666
2024-04-18,486.39892578125,70.12309265136719,37.824893951416016,83.59243774414062,94.0890121459961,220.33999633789062,71.9709701538086,21.42647933959961
2024-04-19,482.1534729003906,70.15074920654297,37.673099517822266,83.70191192626953,94.18767547607422,221.02999877929688,72.31881713867188,21.527503967285156
2024-04-22,486.59368896484375,70.97095489501953,38.0810432434082,83.71102905273438,94.42086791992188,215.57000732421875,72.9596176147461,21.527503967285156
2024-04-23,492.3678894042969,71.74507904052734,38.39411926269531,83.82051849365234,94.58230590820312,215.0399932861328,73.62789154052734,21.61934471130371
2024-04-24,492.13421630859375,71.60684204101562,38.526939392089844,83.56504821777344,94.2145767211914,214.63999938964844,73.76520538330078,21.591793060302734
2024-04-25,490.2646484375,71.27507019042969,38.6123161315918,83.24571228027344,93.9365005493164,215.9199981689453,73.34410858154297,21.711185455322266
2024-04-26,494.90936279296875,71.84645080566406,39.05821228027344,83.47383117675781,94.2952880859375,216.6199951171875,73.38072967529297,21.72955322265625
2024-04-29,496.66204833984375,72.12293243408203,39.43769073486328,83.81138610839844,94.68994903564453,216.17999267578125,74.1313705444336,21.711185455322266
2024-04-30,488.79437255859375,71.21056365966797,38.88744354248047,83.41908264160156,94.16970825195312,211.8699951171875,72.87724304199219,21.4356632232666
2024-05-01,487.2071838378906,71.05388641357422,38.92538833618164,83.74942016601562,94.56144714355469,213.7899932861328,72.90470886230469,21.123403549194336
2024-05-02,491.76422119140625,72.01234436035156,39.9310188293457,84.14290618896484,95.14676666259766,213.1300048828125,73.92998504638672,21.196874618530273
2024-05-03,497.8597412109375,72.73117065429688,40.29153060913086,84.60961151123047,95.8131103515625,212.9600067138672,74.42431640625,21.224428176879883
2024-05-06,503.00103759765625,73.22882843017578,40.32947540283203,84.68281555175781,96.08326721191406,215.1999969482422,74.4883804321289,21.463214874267578
2024-05-07,503.55615234375,73.42235565185547,40.10178756713867,84.90242004394531,96.12830352783203,214.2100067138672,75.19326782226562,21.444847106933594
2024-05-08,503.604736328125,73.33942413330078,40.11127471923828,84.6645278930664,95.88516235351562,213.5800018310547,74.56160736083984,21.334636688232422
2024-05-09,506.5065612792969,73.90158081054688,40.23460006713867,84.92073822021484,96.03824615478516,216.9499969482422,76.09038543701172,21.417293548583984
2024-05-10,507.15899658203125,74.03981018066406,40.31998825073242,84.64622497558594,95.73209381103516,218.7100067138672,75.87984466552734,21.380558013916016
2024-05-13,507.22711181640625,74.03981018066406,40.62357711791992,84.74686431884766,95.76809692382812,216.25999450683594,76.12699890136719,21.518320083618164
2024-05-14,509.5543518066406,74.5927734375,40.841773986816406,84.99394226074219,96.04727172851562,218.08999633789062,76.71288299560547,21.42647933959961
2024-05-15,515.8640747070312,75.38533020019531,41.2781867980957,85.63451385498047,96.9027328491211,220.88999938964844,77.77476501464844,21.499950408935547
2024-05-16,514.8026733398438,74.97982788085938,41.36355972290039,85.46979522705078,96.7496566772461,220.02999877929688,77.71985626220703,21.555055618286133
2024-05-17,515.5426635742188,75.23787689208984,41.543819427490234,85.20440673828125,96.5245361328125,223.66000366210938,77.710693359375,21.77547264099121
2024-05-20,516.13671875,75.29316711425781,41.39202880859375,85.07630157470703,96.47952270507812,224.55999755859375,77.25297546386719,21.968339920043945
2024-05-21,517.4025268554688,75.1733627319336,41.1358757019043,85.29595947265625,96.64158630371094,224.22999572753906,77.22551727294922,21.87649917602539
2024-05-22,515.912841796875,74.46375274658203,41.00305938720703,85.18610382080078,96.4975357055664,220.11000061035156,76.52979278564453,21.564239501953125
2024-05-23,512.1444702148438,74.08589935302734,40.6994743347168,84.8841552734375,96.07427215576172,215.72000122070312,74.88202667236328,21.454030990600586
2024-05-24,515.5331420898438,74.69414520263672,40.813316345214844,84.99394226074219,96.33544921875,215.9199981689453,74.93695068359375,21.600975036621094
2024-05-28,515.8933715820312,74.66649627685547,40.75638961791992,84.5180892944336,95.75910186767578,218.19000244140625,74.442626953125,21.98670768737793
2024-05-29,512.2808227539062,73.48686218261719,40.14922332763672,84.10630798339844,95.2458267211914,216.16000366210938,73.71942901611328,21.757104873657227
2024-05-30,508.8824768066406,74.10433959960938,40.035377502441406,84.52725982666016,95.83113098144531,216.57000732421875,74.79963684082031,21.472396850585938
2024-05-31,513.517333984375,74.81394958496094,39.64641189575195,84.92073822021484,96.25437927246094,215.3000030517578,76.20024108886719,21.371374130249023
2024-06-03,513.9360961914062,75.02590942382812,40.0638427734375,85.47696685791016,96.91876983642578,217.22000122070312,76.02630615234375,21.06829833984375
2024-06-04,514.5106811523438,74.93374633789062,39.50410461425781,85.94502258300781,97.29840850830078,215.27000427246094,76.61219024658203,20.857065200805664
2024-06-05,520.6256713867188,75.45905303955078,40.13973617553711,86.2571029663086,97.62381744384766,217.82000732421875,76.5206298828125,20.930538177490234
2024-06-06,520.6159057617188,75.71710968017578,40.33896255493164,86.22036743164062,97.56055450439453,219.42999267578125,76.6671142578125,21.2060604095459
2024-06-07,519.9829711914062,74.89688873291016,39.883583068847656,85.31172943115234,96.68375396728516,211.60000610351562,75.94391632080078,20.902984619140625
2024-06-10,521.5896606445312,74.84159851074219,40.12076187133789,85.128173828125,96.4848861694336,213.5399932861328,76.20024108886719,21.2060604095459
2024-06-11,522.8457641601562,73.99114227294922,39.987022399902344,85.5779037475586,96.90068817138672,214.14999389648438,75.92560577392578,21.17850685119629
2024-06-12,527.139892578125,74.8631591796875,40.38823699951172,86.05517578125,97.49728393554688,214.72000122070312,76.60301971435547,21.25197982788086
2024-06-13,528.2012939453125,73.79422760009766,40.29270553588867,86.62421417236328,97.95829772949219,212.97000122070312,76.9142837524414,21.270349502563477
2024-06-14,528.522705078125,72.97846221923828,40.34047317504883,86.8261489868164,98.03963470458984,215.72999572753906,76.89596557617188,21.18769073486328
2024-06-17,532.7291870117188,73.26913452148438,40.598384857177734,86.42231750488281,97.57865142822266,214.61000061035156,76.59386444091797,21.261165618896484
2024-06-18,534.0825805664062,73.55980682373047,40.97093963623047,86.79861450195312,98.03058624267578,215.47000122070312,76.89596557617188,21.4356632232666
2024-06-20,532.6318359375,73.606689453125,40.904075622558594,86.57831573486328,97.70518493652344,218.16000366210938,76.67626190185547,21.481582641601562
2024-06-21,531.917724609375,73.09097290039062,40.76077651977539,86.5966796875,97.73229217529297,214.77999877929688,76.86849975585938,21.307085037231445
2024-06-24,530.1885986328125,73.67232513427734,40.76077651977539,86.67012786865234,97.83173370361328,215.6300048828125,77.46354675292969,21.481582641601562
2024-06-25,532.2303466796875,73.8504867553711,40.66525650024414,86.74356079101562,97.79557800292969,214.55999755859375,76.51148986816406,21.27953338623047
2024-06-26,532.8945922851562,73.30663299560547,40.57928466796875,86.22036743164062,97.26225280761719,212.5800018310547,76.27347564697266,21.316267013549805
2024-06-27,533.7346801757812,73.36289978027344,40.60793685913086,86.41312408447266,97.45207214355469,214.99000549316406,77.01497650146484,21.42647933959961
2024-06-28,531.6343383789062,73.4472885131836,40.68436050415039,85.95421600341797,96.828369140625,215.00999450683594,77.62944030761719,21.334636688232422
2024-07-01,532.728515625,73.57855987548828,40.779884338378906,85.31436920166016,96.2532730102539,215.57000732421875,76.89727020263672,21.61016082763672
2024-07-02,536.3136596679688,73.75672149658203,40.904075622558594,85.63658142089844,96.87008666992188,215.55999755859375,77.25871276855469,21.637710571289062
2024-07-03,538.7069702148438,74.60061645507812,41.50587844848633,86.20738220214844,97.58672332763672,217.99000549316406,77.1845703125,21.757104873657227
2024-07-05,541.8134155273438,75.09757232666016,41.67782974243164,86.68610382080078,98.09471130371094,220.92999267578125,77.39773559570312,21.839763641357422
2024-07-08,542.4387817382812,74.7225112915039,41.6873779296875,86.71373748779297,98.0855941772461,218.19000244140625,77.64798736572266,21.54587173461914
2024-07-09,542.9661254882812,74.4224624633789,41.85932540893555,86.59403228759766,97.9041976928711,218.55999755859375,77.62944030761719,21.39892578125
2024-07-10,548.3389892578125,75.47264862060547,42.09813690185547,86.67691040039062,98.14006042480469,219.36000061035156,78.20406341552734,21.39892578125
2024-07-11,543.61083984375,75.68830871582031,42.34650802612305,87.22928619384766,98.66618347167969,223.25,80.44694519042969,21.472396850585938
2024-07-12,547.0397338867188,76.49470520019531,42.51845169067383,87.41341400146484,99.02900695800781,223.11000061035156,81.05863189697266,21.38974380493164
2024-07-15,548.5440673828125,75.81957244873047,42.069480895996094,87.13720703125,98.48474884033203,223.8300018310547,81.60545349121094,21.233613967895508
2024-07-16,551.797119140625,76.18527221679688,42.30829620361328,87.52388763427734,99.05622100830078,228.2899932861328,82.60639190673828,21.17850685119629
2024-07-17,544.060302734375,75.78207397460938,41.620513916015625,87.59751892089844,99.10160064697266,227.22999572753906,83.17176055908203,21.17850685119629
2024-07-18,539.8792114257812,75.03193664550781,41.22885513305664,87.34893798828125,98.67523193359375,225.77999877929688,82.43958282470703,21.022377014160156
2024-07-19,536.2940063476562,74.5724868774414,40.82765197753906,87.07276916503906,98.31240844726562,221.72999572753906,82.29129028320312,20.7376708984375
2024-07-22,541.8233032226562,75.3601303100586,41.171539306640625,86.98992156982422,98.25796508789062,221.8000030517578,83.14395141601562,20.792776107788086
2024-07-23,540.973388671875,74.93817138671875,40.80854034423828,87.05436706542969,98.18541717529297,222.5800018310547,83.0790786743164,20.599910736083984
2024-07-24,528.7135009765625,73.99114227294922,40.216285705566406,86.86102294921875,97.58672332763672,221.8000030517578,81.85568237304688,20.59072494506836
2024-07-25,525.9588012695312,73.52230834960938,40.053890228271484,87.05436706542969,97.97676849365234,218.3300018310547,81.5869140625,20.636646270751953
2024-07-26,531.8492431640625,74.45996856689453,40.46465301513672,87.46864318847656,98.52102661132812,220.6300048828125,83.01420593261719,20.425413131713867
2024-07-29,532.161865234375,74.13177490234375,40.33091735839844,87.6159439086914,98.72965240478516,220.32000732421875,83.4405288696289,20.33357048034668
2024-07-30,529.4656982421875,74.3005599975586,40.149410247802734,87.8000717163086,98.81131744384766,222.52000427246094,84.08929443359375,20.269283294677734
2024-07-31,538.072021484375,75.35074615478516,41.028255462646484,88.44450378417969,99.38279724121094,226.5500030517578,83.79271697998047,20.7376708984375
2024-08-01,530.4524536132812,73.35352325439453,40.31181335449219,88.82218170166016,99.71232604980469,225.77000427246094,84.6361083984375,20.489700317382812
2024-08-02,520.5762329101562,72.20020294189453,39.7386589050293,90.19804382324219,100.68641662597656,225.33999633789062,84.58977508544922,20.1131534576416
2024-08-05,505.41510009765625,70.62492370605469,38.611454010009766,90.29039001464844,100.43151092529297,222.47999572753906,82.17081451416016,20.076417922973633
2024-08-06,510.07476806640625,70.7468032836914,38.83116149902344,89.48704528808594,99.77604675292969,220.6999969482422,83.79271697998047,19.911104202270508
2024-08-07,506.6654968261719,71.08436584472656,39.06998062133789,89.16384887695312,99.32087707519531,220.5500030517578,83.21810150146484,20.094785690307617
2024-08-08,518.3782348632812,72.27520751953125,39.95836639404297,88.89605712890625,99.36641693115234,224.00999450683594,84.03369140625,20.278467178344727
2024-08-09,520.6640014648438,72.55650329589844,40.178077697753906,89.25618743896484,99.876220703125,224.55999755859375,84.42293548583984,20.397859573364258
2024-08-12,520.9376831054688,72.4908676147461,40.31181335449219,89.50548553466797,100.08560180664062,228.41000366210938,83.80198669433594,20.682567596435547
2024-08-13,529.5048828125,73.73796081542969,40.76077651977539,89.902587890625,100.78656005859375,228.05999755859375,84.5341567993164,20.489700317382812
2024-08-14,531.1752319335938,74.0098876953125,40.541072845458984,90.02259826660156,101.23265075683594,226.1999969482422,84.75659942626953,20.36112403869629
2024-08-15,540.2797241210938,74.91004943847656,40.99004364013672,89.45934295654297,100.92313385009766,226.91000366210938,84.69171905517578,20.526437759399414
2024-08-16,541.4910278320312,75.3226089477539,41.46767044067383,89.63475799560547,101.22354888916016,231.99000549316406,84.64537048339844,20.397859573364258
2024-08-19,546.6685180664062,76.24152374267578,41.86888122558594,89.75483703613281,101.46024322509766,231.61000061035156,85.34973907470703,20.28765296936035
2024-08-20,545.779541015625,76.00711059570312,41.54409408569336,90.11495208740234,101.72425079345703,232.4600067138672,85.247802734375,20.204994201660156
2024-08-21,547.655029296875,76.71035766601562,41.706485748291016,90.29961395263672,101.95182800292969,232.14999389648438,85.70193481445312,20.10396957397461
2024-08-22,543.3568725585938,76.26028442382812,41.19064712524414,89.88407135009766,101.53306579589844,229.3699951171875,85.9521713256836,20.085601806640625
2024-08-23,549.1301879882812,77.65739440917969,41.87843322753906,90.29961395263672,102.11569213867188,232.02000427246094,87.8428726196289,20.44378089904785
2024-08-26,547.8211669921875,77.31047058105469,41.52499008178711,90.18881225585938,101.98826599121094,232.75999450683594,87.80579376220703,20.655014038085938
2024-08-27,548.5733642578125,77.66677856445312,41.58230209350586,90.15187072753906,101.90632629394531,233.38999938964844,87.935546875,20.55398941040039
2024-08-28,545.3887939453125,77.39485168457031,41.324378967285156,90.10572052001953,101.69694519042969,231.75,87.59263610839844,20.306018829345703
2024-08-29,545.4376220703125,77.68553161621094,41.34348678588867,89.9487075805664,101.5239486694336,232.9499969482422,87.3238525390625,20.53562355041504
2024-08-30,550.6444091796875,77.80743408203125,41.42945861816406,89.63475799560547,101.24176788330078,231.2899932861328,88.16724395751953,20.306018829345703
2024-09-03,539.3126831054688,76.57908630371094,40.60793685913086,90.22563171386719,101.5478286743164,230.2899932861328,88.12091827392578,19.901918411254883
2024-09-04,538.2088623046875,76.24152374267578,40.598384857177734,90.75355529785156,102.17828369140625,230.42999267578125,88.37113952636719,19.754974365234375
2024-09-05,536.8997802734375,76.26028442382812,40.655704498291016,90.96658325195312,102.68081665039062,232.35000610351562,88.08383178710938,19.800893783569336
2024-09-06,527.8637084960938,74.82565307617188,39.91059875488281,91.09624481201172,102.6351547241211,230.6300048828125,88.00041198730469,19.534557342529297
2024-09-09,533.7738037109375,75.5757827758789,40.24494552612305,91.22588348388672,102.86355590820312,231.60000610351562,88.98284912109375,19.58966064453125
2024-09-10,536.0987548828125,75.20072174072266,40.09210205078125,91.61487579345703,103.1468276977539,232.6199951171875,90.2710952758789,19.304954528808594
2024-09-11,541.5984497070312,75.65080261230469,40.38823699951172,91.550048828125,103.19248962402344,232.25,90.09501647949219,19.479450225830078
2024-09-12,546.1605224609375,76.26966094970703,40.722572326660156,91.40187072753906,103.11939239501953,236.3300018310547,90.4749984741211,19.856000900268555
2024-09-13,549.012939453125,76.44781494140625,40.91362762451172,91.57784271240234,103.4391860961914,238.67999267578125,91.42034912109375,19.89273452758789
2024-09-16,549.8237915039062,77.0666732788086,41.04736328125,91.81864166259766,103.89603424072266,238.66000366210938,91.7261962890625,20.03968048095703
2024-09-17,550.0485229492188,76.63534545898438,41.095123291015625,91.65192413330078,103.9051742553711,237.33999633789062,91.08670806884766,20.177440643310547
2024-09-18,548.4171752929688,76.39155578613281,40.95183563232422,91.2536849975586,103.47571563720703,235.50999450683594,90.9754867553711,20.048864364624023
2024-09-19,557.7754516601562,77.90119171142578,41.82111358642578,91.1795883178711,103.56708526611328,239.1699981689453,90.9940185546875,20.40704345703125
2024-09-20,556.8114013671875,77.13230895996094,41.73514175415039,91.15180206298828,103.65847778320312,242.2100067138672,90.632568359375,20.40704345703125
2024-09-23,558.2028198242188,77.42298889160156,42.0599250793457,91.09624481201172,103.51228332519531,242.67999267578125,91.53157043457031,20.416229248046875
2024-09-24,559.7999267578125,77.88243865966797,43.49281692504883,91.1981201171875,103.6858901977539,246.07000732421875,91.66132354736328,20.756040573120117
2024-09-25,558.5653076171875,77.46048736572266,43.0342903137207,90.82765197753906,103.07369995117188,245.72999572753906,91.04961395263672,20.58154296875
2024-09-26,560.7798461914062,79.16704559326172,44.6104621887207,90.7628173828125,103.07369995117188,246.97999572753906,90.22476196289062,20.397859573364258
2024-09-27,559.9664916992188,78.68882751464844,44.52449035644531,91.1240463256836,103.48487854003906,245.02000427246094,90.33972930908203,20.498884201049805
2024-09-30,562.2103881835938,78.41690063476562,43.808048248291016,90.87397003173828,103.22904205322266,243.05999755859375,91.0500259399414,20.452964782714844
2024-10-01,557.1738891601562,77.83556365966797,44.12328338623047,91.20463562011719,103.72514343261719,245.61000061035156,90.46122741699219,20.81114387512207
2024-10-02,557.4090576171875,77.6761474609375,44.99256896972656,90.94456481933594,103.49588775634766,245.66000366210938,90.14344787597656,20.98564338684082
2024-10-03,556.3900756835938,76.95416259765625,44.45762252807617,90.48011016845703,102.82645416259766,245.49000549316406,89.32099914550781,21.28871726989746
2024-10-04,561.4461059570312,77.40422821044922,44.868385314941406,89.60700988769531,102.2670669555664,245.0,88.89107513427734,21.343820571899414
2024-10-07,556.3704223632812,76.97290802001953,45.24093246459961,89.28190612792969,101.74437713623047,244.1699981689453,88.10599517822266,21.637710571289062
2024-10-08,561.6322631835938,76.85100555419922,44.12328338623047,89.356201171875,101.94612884521484,242.3699951171875,88.28357696533203,21.132587432861328
2024-10-09,565.5223999023438,76.86975860595703,43.88446807861328,89.02180480957031,101.74437713623047,241.0500030517578,88.37703704833984,20.94890594482422
2024-10-10,564.53271484375,76.77599334716797,43.97043991088867,89.0125503540039,101.63432312011719,242.82000732421875,87.59196472167969,21.36219024658203
2024-10-11,567.913330078125,77.16981506347656,44.285675048828125,89.0404052734375,101.61597442626953,245.47000122070312,88.58265686035156,21.380558013916016
2024-10-14,572.557861328125,77.39485168457031,44.10417938232422,88.88248443603516,101.6251449584961,245.07000732421875,89.11536407470703,21.049930572509766
2024-10-15,568.1092529296875,76.11024475097656,43.168025970458984,89.33761596679688,102.12034606933594,245.9199981689453,90.190185546875,20.645830154418945
2024-10-16,570.5785522460938,76.30715942382812,43.50237274169922,89.47695922851562,102.44129943847656,247.14999389648438,91.18087005615234,20.59072494506836
2024-10-17,570.6275634765625,76.31654357910156,43.43549728393555,89.0125503540039,101.68017578125,248.6300048828125,90.46122741699219,20.61827850341797
2024-10-18,572.822509765625,76.83226013183594,43.86536407470703,89.11471557617188,101.56095886230469,251.27000427246094,91.13414764404297,20.50806999206543
2024-10-21,571.8817749023438,75.9227294921875,43.5596809387207,88.42735290527344,100.52471923828125,251.22000122070312,89.34903717041016,20.572359085083008
2024-10-22,571.5780029296875,75.49140167236328,43.46416091918945,88.34375,100.51554107666016,253.92999267578125,89.4798812866211,20.930538177490234
2024-10-23,566.355224609375,74.73188781738281,43.20623779296875,88.13939666748047,100.1762466430664,250.8699951171875,90.13410186767578,20.81114387512207
2024-10-24,567.580078125,75.15383911132812,43.13936996459961,88.33445739746094,100.4788589477539,252.8000030517578,90.33038330078125,20.801959991455078
2024-10-25,567.3841552734375,74.90066528320312,43.101158142089844,88.13939666748047,100.24043273925781,253.32000732421875,89.4798812866211,20.94890594482422
2024-10-28,569.1381225585938,75.50077056884766,43.29220962524414,87.93505859375,100.15791320800781,253.3300018310547,89.76026916503906,20.3886775970459
2024-10-29,570.0592651367188,75.22885131835938,43.15847396850586,87.97222900390625,100.27710723876953,256.0899963378906,89.11536407470703,20.351940155029297
2024-10-30,568.3345947265625,74.74126434326172,42.73816680908203,87.8421859741211,100.14875030517578,257.5,89.50792694091797,20.609094619750977
2024-10-31,557.193603515625,74.28180694580078,42.46113967895508,87.7957534790039,99.94699096679688,253.50999450683594,87.99384307861328,20.746854782104492
2024-11-01,559.545166015625,74.43183135986328,42.49934768676758,87.27581024169922,99.39942169189453,252.47000122070312,87.0218505859375,20.526437759399414
2024-11-04,558.3399047851562,74.48810577392578,42.73816680908203,87.74168395996094,100.1356430053711,252.8300018310547,87.97514343261719,20.87543296813965
2024-11-05,565.0912475585938,75.22885131835938,43.320865631103516,87.78826904296875,100.61418914794922,253.39999389648438,89.14341735839844,21.004011154174805
2024-11-06,579.1425170898438,74.14115905761719,42.78592300415039,86.88449096679688,99.5650634765625,245.6999969482422,87.24614715576172,20.7744083404541
2024-11-07,583.62060546875,75.266357421875,43.73162841796875,87.58330535888672,100.74303436279297,249.64999389648438,88.29292297363281,20.98564338684082
2024-11-08,586.148681640625,74.22555541992188,42.652191162109375,87.7696533203125,101.0927505493164,247.9600067138672,89.61072540283203,20.664199829101562
2024-11-11,586.7072143554688,74.24430084228516,42.32740783691406,87.52739715576172,100.89948272705078,242.13999938964844,89.16211700439453,20.33357048034668
2024-11-12,584.8847045898438,72.86593627929688,41.52499008178711,86.9776611328125,99.98838806152344,240.0500030517578,87.92842102050781,20.223363876342773
2024-11-13,585.1688232421875,72.43461608886719,41.257511138916016,86.9217758178711,99.611083984375,237.6300048828125,88.41441345214844,20.159074783325195
2024-11-14,581.4061279296875,72.58463287353516,41.028255462646484,86.9124526977539,99.5834732055664,237.00999450683594,87.62001037597656,20.14070701599121
2024-11-15,573.958984375,72.32208251953125,41.028255462646484,86.94969177246094,99.62947845458984,236.58999633789062,87.66673278808594,20.03968048095703
2024-11-18,576.310791015625,72.7159194946289,41.4963264465332,87.14537048339844,99.81356048583984,241.08999633789062,88.30227661132812,20.498884201049805
2024-11-19,578.41748046875,72.62213897705078,41.46767044067383,87.33170318603516,100.02520751953125,243.25,88.73218536376953,20.563173294067383
2024-11-20,578.6134643554688,72.42523193359375,41.41990661621094,87.2012939453125,99.78591918945312,244.6199951171875,88.62004089355469,20.55398941040039
2024-11-21,581.7196044921875,72.44400024414062,41.33393478393555,87.15469360351562,99.66630554199219,246.66000366210938,89.27426147460938,20.700937271118164
2024-11-22,583.522705078125,72.72528076171875,41.34348678588867,87.2105941772461,99.75833892822266,249.83999633789062,89.94718170166016,20.719303131103516
2024-11-25,585.5020141601562,73.10034942626953,41.37214279174805,88.15167236328125,101.0007095336914,242.47999572753906,91.19956970214844,20.425413131713867
2024-11-26,588.5591430664062,72.67839813232422,41.200199127197266,87.96530151367188,100.74303436279297,242.9499969482422,91.56407165527344,20.425413131713867
2024-11-27,586.7757568359375,73.07222747802734,41.257511138916016,88.31936645507812,101.11112976074219,243.49000549316406,92.15287017822266,20.315204620361328
2024-11-29,590.4208984375,74.04739379882812,41.324378967285156,88.69207000732422,101.73693084716797,245.58999633789062,91.74164581298828,20.33357048034668
2024-12-02,591.4791259765625,74.2536849975586,41.48677444458008,88.6845703125,101.89669036865234,243.44000244140625,90.4051513671875,20.18662452697754
2024-12-03,591.7535400390625,74.67562866210938,41.572750091552734,88.43224334716797,101.53651428222656,243.92999267578125,89.94718170166016,20.416229248046875
2024-12-04,595.4279174804688,74.73188781738281,41.67782974243164,88.76870727539062,102.02598571777344,244.6699981689453,89.70418548583984,20.306018829345703
2024-12-05,594.4480590820312,75.09757232666016,41.95484924316406,88.75934600830078,101.99827575683594,242.86000061035156,89.48922729492188,20.278467178344727
2024-12-06,595.574951171875,75.08820343017578,41.88798141479492,89.03972625732422,102.22915649414062,242.9499969482422,89.35838317871094,20.122337341308594
2024-12-09,592.5079345703125,75.04132080078125,42.747711181640625,88.73131561279297,101.97059631347656,245.36000061035156,89.61072540283203,20.315204620361328
2024-12-10,590.6658935546875,74.36619567871094,42.0599250793457,88.57243347167969,101.8135757446289,248.58999633789062,88.31160736083984,20.36112403869629
2024-12-11,595.2320556640625,74.83502960205078,42.231876373291016,88.31073760986328,101.53651428222656,250.9600067138672,88.10599517822266,20.61827850341797
2024-12-12,592.1651000976562,74.17866516113281,42.0217170715332,87.97427368164062,100.96398162841797,247.27999877929688,87.96580505371094,20.53562355041504
2024-12-13,592.0475463867188,73.97238159179688,42.0599250793457,87.56307983398438,100.40064239501953,244.2899932861328,87.71345520019531,20.526437759399414
2024-12-16,594.5755615234375,73.72858428955078,41.83066940307617,87.59109497070312,100.52993774414062,244.8800048828125,87.40504455566406,20.416229248046875
2024-12-17,592.1259155273438,73.61167907714844,41.730613708496094,87.59109497070312,100.5391616821289,243.94000244140625,86.98446655273438,20.278467178344727
2024-12-18,574.4783935546875,71.80584716796875,40.75923156738281,86.91409301757812,99.29269409179688,239.25999450683594,83.39555358886719,20.094785690307617
2024-12-19,574.302001953125,71.5777359008789,40.895225524902344,86.520263671875,98.75516510009766,239.60000610351562,82.10577392578125,20.094785690307617
2024-12-20,581.199951171875,71.37814331054688,41.06036376953125,86.83905792236328,99.14442443847656,242.10000610351562,83.48900604248047,20.223363876342773
2024-12-23,584.6803588867188,71.84386444091797,41.29349136352539,86.45462036132812,98.85710144042969,240.9600067138672,83.81550598144531,20.238842010498047
2024-12-24,591.1790771484375,72.10047912597656,41.41977310180664,86.50150299072266,99.1629638671875,241.44000244140625,84.37227630615234,20.354934692382812
2024-12-26,591.2184448242188,72.44264221191406,41.274070739746094,86.56712341308594,99.25560760498047,243.07000732421875,84.59873962402344,20.296886444091797
2024-12-27,584.9950561523438,72.33809661865234,41.08950424194336,86.34209442138672,98.83858489990234,241.39999389648438,83.74945831298828,20.393630981445312
2024-12-30,578.3192749023438,71.86287689208984,40.75923156738281,86.84844970703125,99.26490020751953,240.6300048828125,83.3342514038086,20.57744598388672
2024-12-31,576.21533203125,71.86287689208984,40.62323760986328,86.68904113769531,99.01465606689453,242.1300048828125,84.06087493896484,20.683862686157227
2025-01-02,574.799560546875,71.61576080322266,40.56495666503906,86.73592376708984,99.02393341064453,245.4199981689453,83.31537628173828,20.887025833129883
2025-01-03,581.9864501953125,71.92940521240234,40.94380187988281,86.59527587890625,98.79226684570312,243.49000549316406,84.4100112915039,20.780607223510742
2025-01-06,585.3390502929688,72.61372375488281,41.08950424194336,86.51090240478516,98.54202270507812,243.19000244140625,83.32482147216797,20.819305419921875
2025-01-07,578.7223510742188,72.55668640136719,40.79808807373047,86.11705780029297,98.08789825439453,244.55999755859375,82.53213500976562,20.91604995727539
2025-01-08,579.56787109375,72.44264221191406,40.60381317138672,86.26708221435547,98.24547576904297,245.86000061035156,82.74919128417969,20.877351760864258
2025-01-10,570.7193603515625,71.34012603759766,39.91413116455078,85.63883209228516,97.68013763427734,248.2100067138672,80.72976684570312,21.438467025756836
2025-01-13,571.6043090820312,71.14053344726562,39.642147064208984,85.48880767822266,97.402099609375,245.74000549316406,81.72059631347656,21.5932559967041
2025-01-14,572.3908081054688,71.39715576171875,40.0889778137207,85.51692962646484,97.51331329345703,247.02999877929688,82.46607208251953,21.583581924438477
2025-01-15,582.8025512695312,72.30957794189453,40.613529205322266,86.4171142578125,98.68101501464844,248.8800048828125,82.93791961669922,21.931861877441406
2025-01-16,581.6817016601562,72.68025207519531,40.56495666503906,86.6234130859375,98.87564849853516,250.60000610351562,84.65536499023438,21.83511734008789
2025-01-17,587.521728515625,72.97488403320312,40.88551330566406,86.68904113769531,98.95906066894531,249.27000427246094,84.59873962402344,21.738372802734375
2025-01-21,592.899658203125,74.44806671142578,41.322635650634766,86.9797134399414,99.53363800048828,253.1300048828125,86.18409729003906,21.631956100463867
2025-01-22,596.2326049804688,74.2770004272461,41.351776123046875,86.75469207763672,99.21855926513672,254.42999267578125,84.68367004394531,21.612606048583984
2025-01-23,599.4868774414062,74.8852767944336,41.448909759521484,86.52962493896484,99.07954406738281,254.07000732421875,85.30648803710938,21.53521156311035
2025-01-24,597.73681640625,75.30347442626953,41.72090530395508,86.70780181884766,99.27415466308594,255.64999389648438,85.59901428222656,21.544885635375977
2025-01-27,589.2815551757812,75.30347442626953,40.96322250366211,87.27040100097656,99.9599609375,252.99000549316406,86.74085235595703,21.21595573425293
2025-01-28,594.3449096679688,75.20841979980469,41.26435470581055,87.27978515625,99.82093811035156,255.17999267578125,85.6933822631836,21.235305786132812
2025-01-29,591.6805419921875,75.19892120361328,41.274070739746094,87.17664337158203,99.6911849975586,254.1999969482422,84.56100463867188,21.274002075195312
2025-01-30,594.8560791015625,76.02580261230469,41.97346115112305,87.36418151855469,99.91361236572266,258.04998779296875,85.63677978515625,21.293350219726562
2025-01-31,591.6903686523438,75.31297302246094,41.49748229980469,87.2235336303711,99.58924865722656,258.55999755859375,85.44805145263672,21.25465202331543
2025-02-03,587.70849609375,74.42906188964844,41.196353912353516,87.28561401367188,99.74644470214844,259.94000244140625,85.26873779296875,21.419116973876953
2025-02-04,591.6510620117188,75.29396057128906,41.934608459472656,87.501953125,99.9417724609375,262.5,85.33480072021484,21.47716522216797
2025-02-05,594.0499267578125,76.02580261230469,41.827754974365234,88.00993347167969,100.63935852050781,264.1300048828125,86.53324127197266,21.34172248840332
2025-02-06,596.1145629882812,76.38697814941406,42.00260543823242,87.90645599365234,100.4533462524414,263.42999267578125,86.75028228759766,21.351396560668945
2025-02-07,590.6580200195312,75.66463470458984,41.963748931884766,87.61483764648438,100.01616668701172,263.8999938964844,86.4671859741211,21.36107063293457
2025-02-10,594.6692504882812,76.1778793334961,42.4688720703125,87.59601593017578,100.0440902709961,268.3699951171875,86.42943572998047,21.670652389526367
2025-02-11,595.1215209960938,76.5390396118164,42.303733825683594,87.37027740478516,99.82084655761719,267.3900146484375,86.80690002441406,21.83511734008789
2025-02-12,593.2044067382812,76.82417297363281,42.536865234375,86.76822662353516,99.2813949584961,267.6700134277344,86.00480651855469,21.5932559967041
2025-02-13,599.4672241210938,77.75560760498047,42.8088493347168,87.41731262207031,100.05338287353516,270.30999755859375,86.863525390625,21.699676513671875
2025-02-14,599.4376831054688,77.86965942382812,43.139122009277344,87.78417205810547,100.44403076171875,266.2900085449219,86.4671859741211,21.7093505859375
2025-02-18,601.197509765625,78.430419921875,43.411109924316406,87.31383514404297,100.03479766845703,270.70001220703125,86.85408782958984,22.02860450744629
2025-02-19,602.6133422851562,77.62254333496094,43.343109130859375,87.45492553710938,100.0905990600586,270.8500061035156,86.92013549804688,22.20274543762207
2025-02-20,600.106201171875,77.98371124267578,43.74137878417969,87.63367462158203,100.33242797851562,270.989990234375,87.3353500366211,22.231767654418945
2025-02-21,589.842041015625,77.49899291992188,43.61510467529297,88.15103912353516,100.6858901977539,270.739990234375,86.47660827636719,21.92218589782715
2025-02-24,587.157958984375,77.45146179199219,42.944847106933594,88.33916473388672,100.94630432128906,272.2099914550781,86.81634521484375,21.844791412353516
2025-02-25,584.2379150390625,78.15479278564453,42.9739875793457,89.03528594970703,101.71830749511719,268.6199951171875,87.8826675415039,21.60293197631836
2025-02-26,584.5328979492188,78.25933837890625,43.40139389038086,89.27984619140625,101.93224334716797,269.0299987792969,87.5146484375,21.419116973876953
2025-02-27,575.20263671875,77.37542724609375,42.55629348754883,89.17638397216797,101.50437927246094,264.92999267578125,87.86380767822266,21.44814109802246
2025-02-28,584.178955078125,77.5370101928711,41.97346115112305,89.66553497314453,101.95084381103516,263.2699890136719,88.60928344726562,21.283676147460938
2025-03-03,573.9442138671875,78.39240264892578,41.60434341430664,89.99100494384766,102.27295684814453,266.739990234375,89.02449035644531,21.148235321044922
2025-03-04,567.150390625,78.3733901977539,41.95403289794922,89.7079849243164,101.93682861328125,269.05999755859375,87.99591064453125,21.21595573425293
2025-03-05,573.24609375,80.24576568603516,43.20711898803711,89.2079849243164,101.61006164550781,269.6199951171875,88.97731018066406,21.157909393310547
2025-03-06,563.0703735351562,79.41887664794922,42.93513488769531,89.16081237792969,101.29261779785156,268.25,86.69366455078125,21.051490783691406
2025-03-07,566.226318359375,80.24576568603516,43.148834228515625,89.04759979248047,101.13390350341797,268.3900146484375,87.21266174316406,21.235305786132812
2025-03-10,551.1444702148438,78.35438537597656,42.11916732788086,89.67024230957031,101.47935485839844,266.0400085449219,86.37281799316406,21.099863052368164
2025-03-11,546.5629272460938,78.08826446533203,42.4688720703125,89.34947967529297,100.81644439697266,269.1600036621094,85.36311340332031,21.21595573425293
2025-03-12,549.4632568359375,78.6490249633789,42.70199966430664,89.0853271484375,100.51766204833984,270.3299865722656,85.09888458251953,21.21595573425293
2025-03-13,542.1386108398438,78.12627410888672,42.52714920043945,89.44381713867188,100.83512115478516,275.1300048828125,83.41918182373047,21.138561248779297
2025-03-14,553.3369140625,79.56143951416016,43.304256439208984,89.13251495361328,100.78843688964844,275.239990234375,85.08943939208984,21.25465202331543
2025-03-17,557.6039428710938,80.45486450195312,44.04250717163086,89.2079849243164,100.99384307861328,276.7300109863281,86.54267120361328,21.399770736694336
2025-03-18,551.5770874023438,80.44535827636719,43.819091796875,89.31175994873047,101.236572265625,279.9599914550781,86.08972930908203,21.351396560668945
2025-03-19,557.584228515625,80.68296813964844,43.925941467285156,89.58534240722656,101.83412170410156,281.1099853515625,86.19352722167969,21.48683738708496
2025-03-20,555.9718017578125,80.00814819335938,43.51796340942383,89.71742248535156,101.68474578857422,280.75,86.13690948486328,21.525535583496094
2025-03-21,556.1552124023438,79.51392364501953,43.304256439208984,89.64193725585938,101.5447006225586,278.489990234375,85.18380737304688,21.399770736694336
2025-03-24,566.1151733398438,79.5044174194336,43.498531341552734,89.1230697631836,101.1058578491211,277.25,86.49549865722656,21.47716522216797
2025-03-25,567.47607421875,79.94161987304688,43.372257232666016,89.27400970458984,101.20858764648438,278.4700012207031,85.52499389648438,21.506187438964844
2025-03-26,560.7013549804688,78.9056396484375,43.109981536865234,89.06645965576172,100.79777526855469,278.239990234375,85.8586654663086,21.47716522216797
2025-03-27,559.2122192382812,79.07672119140625,43.32368469238281,88.99101257324219,100.6763916015625,281.9700012207031,85.63938903808594,21.53521156311035
2025-03-28,547.95068359375,78.3733901977539,42.51743698120117,89.7079849243164,101.28327178955078,284.05999755859375,85.52499389648438,21.467491149902344
2025-03-31,551.62890625,77.67957305908203,42.449440002441406,89.97210693359375,101.47935485839844,288.1400146484375,86.31626892089844,21.767396926879883
2025-04-01,553.18701171875,77.79362487792969,42.58543395996094,90.28826141357422,101.8420639038086,287.57000732421875,86.35440063476562,21.777070999145508
2025-04-02,556.687744140625,77.97420501708984,42.643714904785156,90.20305633544922,102.07636260986328,288.1600036621094,86.87873840332031,21.912511825561523
2025-04-03,529.2537841796875,76.33944702148438,41.740333557128906,91.13055419921875,102.06700897216797,286.4200134277344,83.91382598876953,21.032142639160156
2025-04-04,498.2696838378906,71.30210876464844,39.41872787475586,91.38607788085938,101.95452880859375,279.7200012207031,80.27203369140625,20.267866134643555
2025-04-07,497.3821716308594,69.5818099975586,37.951934814453125,90.2977066040039,99.9675521850586,273.7099914550781,78.16512298583984,19.948610305786133
2025-04-08,489.591796875,69.34420013427734,37.41767501831055,89.8434066772461,98.70225524902344,275.20001220703125,76.06776428222656,19.50358772277832
2025-04-09,541.0083618164062,74.69517517089844,40.01126480102539,89.55948638916016,100.35182189941406,285.3800048828125,80.60570526123047,20.20981788635254
2025-04-10,517.3019409179688,73.22200775146484,39.32158660888672,89.00110626220703,98.64602661132812,292.3500061035156,78.7657470703125,19.958282470703125
2025-04-11,526.5321044921875,75.05635833740234,40.55524444580078,88.49952697753906,98.62728881835938,297.92999267578125,79.72860717773438,20.248516082763672
2025-04-14,531.6402587890625,75.8642349243164,40.92436981201172,89.20932006835938,99.23648071289062,296.2300109863281,81.37792205810547,20.258190155029297
2025-04-15,530.1511840820312,76.54854583740234,40.88551330566406,89.47432708740234,99.77071380615234,297.7799987792969,81.62578582763672,20.20981788635254
2025-04-16,518.3668823242188,76.25390625,40.40953826904297,89.86233520507812,100.19248962402344,307.4700012207031,81.5685806274414,20.46135139465332
2025-04-17,519.1064453125,77.0807876586914,40.720375061035156,89.60682678222656,100.05191040039062,306.1199951171875,82.78886413574219,20.674190521240234
2025-04-21,506.7503356933594,76.66261291503906,40.710662841796875,89.12415313720703,98.97406768798828,315.5899963378906,81.06331634521484,20.500049591064453
2025-04-22,519.934814453125,78.24983978271484,41.322635650634766,89.19038391113281,99.21774291992188,311.1099853515625,82.63633728027344,20.59679412841797
2025-04-23,527.9915161132812,78.56349182128906,41.798614501953125,89.28502655029297,99.65824890136719,303.6499938964844,82.78886413574219,20.44200325012207
2025-04-24,539.1051635742188,79.60896301269531,42.284305572509766,89.76769256591797,100.67985534667969,308.07000732421875,83.09395599365234,20.625816345214844
2025-04-25,543.0004272460938,79.95113372802734,42.20659255981445,90.10840606689453,101.21409606933594,304.7300109863281,82.9509506225586,20.65484046936035
2025-04-28,543.2074584960938,80.4833755493164,42.284305572509766,90.46804809570312,101.44840240478516,309.07000732421875,83.46575164794922,20.538747787475586
2025-04-29,546.6293334960938,80.64494323730469,42.40087127685547,90.78035736083984,101.6827392578125,306.05999755859375,83.91382598876953,20.277538299560547
2025-04-30,546.84619140625,80.5499038696289,42.50772476196289,90.92232513427734,101.20472717285156,303.7699890136719,84.20936584472656,19.900236129760742
2025-05-01,550.7216796875,80.29328918457031,42.498008728027344,90.5263900756836,100.8490219116211,297.4599914550781,84.48583984375,19.996980667114258
2025-05-02,558.8966674804688,81.83300018310547,43.71223831176758,89.91870880126953,100.6043472290039,297.9800109863281,85.52499389648438,20.08405113220215
2025-05-05,555.6917724609375,81.9755630493164,44.04250717163086,89.75727844238281,100.46321105957031,306.8800048828125,85.3343276977539,19.967958450317383
2025-05-06,551.0471801757812,81.87101745605469,43.86766052246094,89.98517608642578,100.66081237792969,315.4800109863281,84.67649841308594,20.267866134643555
2025-05-07,553.3645629882812,81.59538269042969,43.36254119873047,90.2225570678711,100.86784362792969,310.75,84.77184295654297,20.01633071899414
2025-05-08,557.2202758789062,81.31026458740234,43.33340072631836,89.51991271972656,100.35968017578125,304.6300048828125,84.43817138671875,20.277538299560547
2025-05-09,556.5103149414062,81.70944213867188,43.62481689453125,89.58638763427734,100.32205963134766,306.8399963378906,85.00064849853516,20.432329177856445
2025-05-12,574.9014892578125,82.12763977050781,44.56705856323242,89.01667022705078,100.30322265625,298.19000244140625,85.42012023925781,20.567771911621094
2025-05-13,578.6981201171875,82.232177734375,44.6447639465332,88.95020294189453,100.38792419433594,299.4599914550781,84.33329772949219,20.887025833129883
2025-05-14,579.437744140625,81.83300018310547,44.9847526550293,88.61785125732422,99.87977600097656,293.1600036621094,83.5038833618164,20.780607223510742
2025-05-15,582.2678833007812,82.7264175415039,44.96532440185547,89.19707489013672,100.59494018554688,297.8399963378906,85.02925109863281,20.57744598388672
2025-05-16,585.9559936523438,82.91650390625,44.936180114746094,89.2255630493164,100.78312683105469,294.239990234375,86.08747100830078,20.500049591064453
2025-05-19,586.596923828125,83.70537567138672,45.03331756591797,89.17808532714844,100.79256439208984,298.0299987792969,86.10652923583984,20.471027374267578
2025-05-20,584.6246337890625,84.10455322265625,44.9847526550293,89.06415557861328,100.54788970947266,303.5799865722656,85.60125732421875,20.732234954833984
2025-05-21,574.7733154296875,83.6103286743164,44.86818313598633,88.44696044921875,99.42808532714844,305.82000732421875,83.32274627685547,20.70321273803711
2025-05-22,575.0001220703125,83.56280517578125,44.722476959228516,88.77928924560547,99.93623352050781,303.1099853515625,82.94139862060547,20.59679412841797
2025-05-23,571.0752563476562,83.67686462402344,44.907039642333984,89.03565216064453,100.01150512695312,309.75,83.02721405029297,20.712886810302734
2025-05-27,582.9483642578125,84.89341735839844,44.80018615722656,89.40597534179688,100.91488647460938,304.5,84.47630310058594,20.529071807861328
2025-05-28,579.5757446289062,83.91445922851562,44.596195220947266,89.15911102294922,100.67023468017578,303.80999755859375,84.39049530029297,20.46135139465332
2025-05-29,581.8635864257812,84.28514099121094,44.76133346557617,89.52941131591797,101.12190246582031,305.6099853515625,85.1531753540039,20.354934692382812
2025-05-30,581.2128295898438,84.40869140625,44.21735763549805,89.79525756835938,101.41362762451172,303.6000061035156,85.1531753540039,20.20014190673828
2025-06-02,584.4866333007812,85.3116226196289,44.53791046142578,89.49043273925781,101.12650299072266,311.6700134277344,85.26758575439453,20.625816345214844
2025-06-03,587.81982421875,84.66531372070312,44.6447639465332,89.40467071533203,101.1737289428711,308.9100036621094,85.09598541259766,20.76125717163086
2025-06-04,587.6619873046875,85.04550170898438,45.19845199584961,90.06199645996094,101.91043853759766,310.8999938964844,85.3343276977539,20.683862686157227
2025-06-05,584.8218994140625,84.98845672607422,45.43158721923828,89.7952651977539,101.5987548828125,309.3299865722656,85.26758575439453,20.780607223510742
2025-06-06,590.8274536132812,85.29261016845703,45.577293395996094,89.08079528808594,100.98483276367188,305.17999267578125,85.67752075195312,20.945072174072266
2025-06-09,591.3599243164062,85.28311157226562,45.96584701538086,89.24274444580078,101.28706359863281,306.6199951171875,85.79192352294922,20.964420318603516
2025-06-10,594.7128295898438,85.39715576171875,46.228118896484375,89.39517211914062,101.53263092041016,306.7099914550781,86.5260009765625,20.91604995727539
2025-06-11,593.0166015625,85.25457763671875,46.422401428222656,89.7667007446289,101.85375213623047,308.3699951171875,86.05885314941406,21.25465202331543
2025-06-12,595.37353515625,85.91039276123047,46.50010681152344,90.15727233886719,102.42046356201172,312.20001220703125,86.47833251953125,21.25465202331543
2025-06-13,588.7171020507812,84.8078842163086,45.76185989379883,89.82386016845703,101.8065414428711,316.2900085449219,85.63938903808594,21.912511825561523
2025-06-16,594.3182983398438,85.1259994506836,46.32286834716797,89.5666275024414,101.6270751953125,311.7799987792969,85.70613098144531,21.8641414642334
2025-06-17,589.2398071289062,84.08174133300781,45.714778900146484,90.0048599243164,101.97655487060547,311.94000244140625,85.40105438232422,22.328510284423828
2025-06-18,589.1510009765625,84.22677612304688,45.7049674987793,90.06199645996094,102.0521011352539,310.260009765625,85.69659423828125,22.38655662536621
2025-06-20,587.7673950195312,83.47259521484375,45.44015884399414,90.1191635131836,102.13712310791016,310.1300048828125,85.63938903808594,22.50265121459961
2025-06-23,593.5730590820312,84.10108184814453,45.8128547668457,90.43353271484375,102.39212799072266,311.0799865722656,86.9264144897461,21.670652389526367
2025-06-24,600.1304321289062,85.1259994506836,46.99961471557617,90.74790954589844,102.87379455566406,306.19000244140625,87.15520477294922,21.148235321044922
2025-06-25,600.4666748046875,84.66188049316406,47.038848876953125,90.78600311279297,102.75103759765625,307.1199951171875,85.05784606933594,21.119211196899414
2025-06-26,605.16455078125,85.60944366455078,47.35270309448242,91.10990905761719,103.12882232666016,306.7799987792969,84.97889709472656,21.196605682373047
2025-06-27,608.1713256835938,86.3829574584961,47.166351318359375,90.87173461914062,102.95883178710938,301.2200012207031,85.19070434570312,21.090187072753906
2025-06-30,611.0791015625,86.43130493164062,47.313472747802734,91.2337417602539,103.52552032470703,304.8299865722656,85.73944854736328,21.099863052368164
2025-07-01,610.8812866210938,86.2862777709961,47.4017448425293,91.06458282470703,103.65065002441406,307.54998779296875,86.36521911621094,21.21595573425293
2025-07-02,613.6505737304688,86.53767395019531,47.60771179199219,90.87345123291016,103.63167572021484,309.25,86.56739044189453,21.564233779907227
2025-07-03,618.4869995117188,86.5570068359375,47.823482513427734,90.55810546875,103.38519287109375,307.1400146484375,86.66366577148438,21.5545597076416
2025-07-07,613.8779907226562,85.61911010742188,47.14673614501953,90.27140045166016,102.76902770996094,307.3699951171875,85.92236328125,21.53521156311035
2025-07-08,613.5418090820312,86.24759674072266,47.440975189208984,90.13760375976562,102.47514343261719,304.1600036621094,85.7972183227539,21.60293197631836
2025-07-09,617.2210083007812,86.89542388916016,47.36251449584961,90.60589599609375,103.06288146972656,305.5199890136719,85.86460876464844,21.564233779907227
2025-07-10,618.9617309570312,86.83740997314453,47.490013122558594,90.55810546875,103.08187103271484,306.20001220703125,86.40373229980469,21.496511459350586
2025-07-11,616.7857666015625,86.00587463378906,47.33308792114258,90.13760375976562,102.4561996459961,309.1400146484375,86.41334533691406,21.777070999145508
2025-07-14,617.9627685546875,86.00587463378906,47.4017448425293,90.09938049316406,102.42776489257812,308.010009765625,86.97172546386719,21.5932559967041
2025-07-15,615.322021484375,85.10665893554688,47.745018005371094,89.74579620361328,102.05805206298828,306.7300109863281,85.69131469726562,21.5545597076416
2025-07-16,617.3792114257812,85.45474243164062,47.970603942871094,89.99425506591797,102.2192153930664,308.260009765625,86.49999237060547,21.583581924438477
2025-07-17,621.1574096679688,85.67713165283203,48.24522399902344,89.96559143066406,102.4656753540039,307.5899963378906,86.40373229980469,21.757720947265625
2025-07-18,620.702392578125,85.4354019165039,48.1373405456543,90.21405029296875,102.65525817871094,308.3900146484375,86.5866470336914,21.796419143676758
2025-07-21,621.87939453125,85.88984680175781,48.45119094848633,90.52942657470703,103.05342102050781,313.1300048828125,86.94285583496094,21.748046875
2025-07-22,621.9684448242188,86.3636245727539,48.480613708496094,90.7874526977539,103.29989624023438,316.1000061035156,88.43505859375,21.7093505859375
2025-07-23,627.2598266601562,88.51014709472656,48.971012115478516,90.4625244140625,103.13874053955078,312.17999267578125,88.60834503173828,21.651302337646484
2025-07-24,627.4674072265625,87.8526611328125,48.706199645996094,90.32872772216797,102.987060546875,310.2699890136719,88.30027770996094,21.670652389526367
2025-07-25,630.1181030273438,87.74629211425781,48.55907440185547,90.53897094726562,103.31886291503906,307.3999938964844,88.30990600585938,21.44814109802246
2025-07-28,629.9598999023438,86.3346176147461,48.235416412353516,90.3382797241211,103.11030578613281,305.4100036621094,86.89471435546875,21.670652389526367
2025-07-29,628.2982788085938,86.16057586669922,48.255035400390625,90.93082427978516,103.79281616210938,306.25,88.29064178466797,21.951210021972656
2025-07-30,627.5070190429688,85.54176330566406,47.901947021484375,90.61543273925781,103.40418243408203,300.9599914550781,87.03912353515625,21.9028377532959
2025-07-31,625.1531372070312,84.62320709228516,47.62732696533203,90.69190216064453,103.43260192871094,302.9599914550781,85.81646728515625,21.719024658203125
2025-08-01,614.9066162109375,84.40081787109375,47.27424240112305,91.73600769042969,104.35015869140625,309.1099853515625,85.60467529296875,21.370746612548828
2025-08-04,624.2530517578125,85.52242279052734,47.7646369934082,91.86064147949219,104.5310287475586,310.9100036621094,86.48074340820312,21.293350219726562
2025-08-05,621.088134765625,85.51275634765625,47.901947021484375,91.79352569580078,104.60717010498047,311.1600036621094,86.87545776367188,21.10953712463379
2025-08-06,625.845458984375,86.07355499267578,48.12752914428711,91.72640228271484,104.57861328125,310.5,86.20154571533203,21.06116485595703
2025-08-07,625.3212280273438,86.84707641601562,48.5296516418457,91.65931701660156,104.47392272949219,313.1199951171875,86.45186614990234,21.12888526916504
2025-08-08,630.1972045898438,87.37887573242188,48.490421295166016,91.4483642578125,104.14076232910156,313.04998779296875,85.73944854736328,21.12888526916504
2025-08-11,628.9510498046875,87.01144409179688,48.353111267089844,91.47712707519531,104.3025894165039,308.54998779296875,85.17145538330078,21.157909393310547
2025-08-12,635.6468505859375,88.07503509521484,48.94158935546875,91.45794677734375,104.39777374267578,308.2699890136719,85.6528091430664,21.07084083557129
2025-08-13,637.82275390625,88.6068344116211,49.53006362915039,91.78394317626953,104.94983673095703,309.2099914550781,86.45186614990234,21.04181671142578
2025-08-14,637.882080078125,88.61650848388672,48.921974182128906,91.48672485351562,104.58814239501953,307.25,85.83572387695312,21.12888526916504
2025-08-15,636.3886108398438,89.13863372802734,48.98081970214844,91.30455017089844,104.45487976074219,307.42999267578125,86.32670593261719,21.06116485595703
2025-08-18,636.2501220703125,89.04193878173828,49.26525115966797,91.21824645996094,104.2645263671875,306.95001220703125,85.59505462646484,21.080514907836914
2025-08-19,632.7984008789062,89.0516128540039,48.86312484741211,91.4483642578125,104.42633056640625,305.2699890136719,87.06800079345703,20.91604995727539
2025-08-20,631.1170654296875,89.37068939208984,48.794471740722656,91.58258819580078,104.47392272949219,308.3599853515625,87.31829833984375,21.148235321044922
2025-08-21,628.5850830078125,88.80988311767578,48.68658447265625,91.31414794921875,104.07414245605469,307.2900085449219,87.0583724975586,21.274002075195312
2025-08-22,638.2380981445312,90.14421844482422,49.657569885253906,91.8222885131836,104.89273071289062,310.5799865722656,88.74312591552734,21.36107063293457
2025-08-25,635.4292602539062,88.95492553710938,49.373138427734375,91.64012145996094,104.61669921875,309.8299865722656,88.2328872680664,21.467491149902344
2025-08-26,638.0897216796875,88.85823059082031,49.245635986328125,91.87981414794922,104.69284057617188,312.0799865722656,88.00184631347656,21.30302619934082
2025-08-27,639.543701171875,88.6455078125,48.95139694213867,92.05240631103516,104.73091888427734,312.7099914550781,88.55058288574219,21.32237434387207
2025-08-28,641.8085327148438,88.97425842285156,49.13774490356445,92.26333618164062,104.89273071289062,315.0299987792969,88.31953430175781,21.457815170288086
2025-08-29,637.98095703125,88.45214080810547,48.90235900878906,92.18663024902344,104.5119857788086,318.07000732421875,88.80088806152344,21.48683738708496
2025-09-02,633.2533569335938,87.58192443847656,48.86312484741211,91.91152954101562,104.16238403320312,325.5899963378906,87.32792663574219,21.83511734008789
2025-09-03,636.685302734375,87.71729278564453,49.04947280883789,92.22895050048828,104.78324890136719,328.1400146484375,87.37606811523438,21.641630172729492
2025-09-04,642.0062866210938,88.35543823242188,48.892547607421875,92.642578125,105.4996337890625,326.69000244140625,88.03070831298828,21.48683738708496
2025-09-05,640.1469116210938,88.75187683105469,49.48102569580078,93.09467315673828,106.1873779296875,331.04998779296875,89.02230834960938,21.312700271606445
2025-09-08,641.7195434570312,89.64141845703125,49.93218994140625,93.38325500488281,106.55988311767578,334.82000732421875,88.50244140625,21.457815170288086
2025-09-09,643.2031860351562,89.34168243408203,50.206809997558594,93.16201782226562,106.36885833740234,334.05999755859375,88.30027770996094,21.51586151123047
2025-09-10,645.0625,89.32234191894531,50.55009078979492,93.412109375,106.68406677246094,335.260009765625,88.15587615966797,21.66097640991211
2025-09-11,650.4231567382812,90.26990509033203,51.28568649291992,93.556396484375,107.1807632446289,334.760009765625,89.76359558105469,21.496511459350586
2025-09-12,650.2055053710938,89.91215515136719,51.25625991821289,93.28705596923828,106.98973083496094,335.4200134277344,89.3496322631836,21.62228012084961
2025-09-15,653.6671752929688,90.51163482666016,51.62895965576172,93.44097900390625,107.32404327392578,338.9100036621094,89.20523071289062,21.815767288208008
2025-09-16,652.7671508789062,90.26023864746094,52.011470794677734,93.49869537353516,107.228515625,339.5899963378906,88.73350524902344,22.038280487060547
2025-09-17,651.9561157226562,89.92182159423828,52.23705291748047,93.29668426513672,107.0374755859375,336.9700012207031,88.61797332763672,21.806095123291016
2025-09-18,655.0023803710938,90.26990509033203,52.109554290771484,92.9888687133789,106.81780242919922,335.6199951171875,88.81051635742188,21.7093505859375
2025-09-19,658.2465209960938,89.92182159423828,51.99185562133789,92.95037841796875,106.7318344116211,339.17999267578125,88.2328872680664,21.53521156311035
2025-09-22,661.3607177734375,90.21189880371094,52.24686050415039,92.79647827148438,106.49302673339844,345.04998779296875,88.25213623046875,21.53521156311035
2025-09-23,657.7606201171875,90.03785705566406,52.276283264160156,93.05619812011719,106.70318603515625,346.4599914550781,88.73350524902344,21.757720947265625
2025-09-24,655.6678466796875,89.51573181152344,52.0997428894043,92.80612182617188,106.2733383178711,343.32000732421875,87.8607177734375,21.9028377532959
2025-09-25,652.6429443359375,88.8775634765625,51.79569625854492,92.60411834716797,106.0822982788086,344.75,87.59830474853516,22.057626724243164
2025-09-26,656.3819580078125,89.56407165527344,51.69761657714844,92.5560073852539,106.2255859375,346.739990234375,88.46330261230469,22.067302703857422
2025-09-29,658.2266845703125,89.91215515136719,52.16839599609375,92.8253402709961,106.57899475097656,352.4599914550781,88.49246978759766,21.88348960876465
2025-09-30,660.7061157226562,90.27957916259766,52.374366760253906,92.786865234375,106.47393035888672,355.4700012207031,88.85206604003906,21.796419143676758
2025-10-01,662.95751953125,91.02409362792969,52.78629684448242,93.09947967529297,106.90150451660156,356.0299987792969,88.9881362915039,21.757720947265625
2025-10-02,663.7210693359375,91.16912841796875,53.031494140625,93.19596099853516,107.07405853271484,354.7900085449219,88.52162170410156,21.612606048583984
2025-10-03,663.7113037109375,91.93297576904297,53.18842315673828,93.01264953613281,106.93984985351562,357.6400146484375,88.85206604003906,21.680326461791992
2025-10-06,666.0914916992188,92.14569854736328,53.43362045288086,92.74246978759766,106.59471893310547,364.3800048828125,88.01622772216797,21.9028377532959
2025-10-07,663.6219482421875,91.34317016601562,53.021690368652344,92.97405242919922,106.7960433959961,366.260009765625,87.69550323486328,21.989906311035156
2025-10-08,667.5791625976562,91.61389923095703,53.44343185424805,92.99333953857422,106.66183471679688,372.29998779296875,87.23870086669922,22.018930435180664
2025-10-09,665.6452026367188,90.85972595214844,52.89418411254883,92.9258041381836,106.450927734375,365.42999267578125,86.76246643066406,21.815767288208008
2025-10-10,647.6542358398438,89.18697357177734,50.942405700683594,93.50472259521484,106.74811553955078,369.1199951171875,85.65448760986328,21.351396560668945
2025-10-13,657.5919189453125,89.9024887084961,52.423404693603516,93.55297088623047,107.11241149902344,378.0899963378906,86.19876098632812,21.62228012084961
2025-10-14,656.78857421875,90.30859375,51.9526252746582,93.79417419433594,107.46711730957031,380.7900085449219,87.08319854736328,21.380420684814453
2025-10-15,659.7044067382812,90.74369049072266,52.80591583251953,93.68804931640625,107.46711730957031,387.3900146484375,88.34668731689453,21.457815170288086
2025-10-16,655.2116088867188,91.21746826171875,53.14918899536133,94.12223815917969,107.77389526367188,396.45001220703125,88.0356674194336,21.419116973876953
2025-10-17,658.9308471679688,91.38184356689453,53.139381408691406,93.96784973144531,107.56299591064453,388.989990234375,88.60910034179688,21.399770736694336
2025-10-20,665.7840576171875,92.13602447509766,53.865169525146484,94.09329223632812,107.88892364501953,403.1499938964844,89.50325012207031,21.612606048583984
2025-10-21,665.7741088867188,91.45919799804688,53.26689147949219,94.2669677734375,107.90809631347656,377.239990234375,89.25055694580078,21.390094757080078
2025-10-22,662.3128051757812,91.3238296508789,53.21784591674805,94.28626251220703,108.0135498046875,377.2799987792969,89.62960052490234,21.728696823120117
2025-10-23,666.2402954101562,91.749267578125,53.688629150390625,93.97750091552734,107.87934875488281,378.7900085449219,89.57129669189453,22.096324920654297
2025-10-24,671.6851806640625,91.89430236816406,54.04171371459961,94.06434631347656,108.06149291992188,377.5199890136719,89.83370208740234,22.106000900268555
2025-10-27,679.6095581054688,92.53245544433594,54.63999938964844,94.06434631347656,108.24364471435547,367.010009765625,90.0864028930664,22.057626724243164
2025-10-28,681.41455078125,92.49378204345703,54.62038040161133,94.15119171142578,108.25322723388672,364.3800048828125,88.31752014160156,21.85446548461914
2025-10-29,681.7418823242188,91.97166442871094,54.934234619140625,93.54330444335938,107.6396713256836,363.0,86.04325103759766,21.970558166503906
2025-10-30,674.2440185546875,91.5655517578125,54.36537551879883,93.40824127197266,107.06446838378906,370.1300048828125,86.45145416259766,21.98023223876953
2025-10-31,676.4556274414062,91.36250305175781,54.23787307739258,93.44682312011719,106.6330795288086,368.1199951171875,86.67499542236328,22.13502311706543
2025-11-03,677.72509765625,91.40118408203125,54.581153869628906,93.40229797363281,106.34635162353516,368.7799987792969,86.54864501953125,22.299488067626953
2025-11-04,669.691650390625,90.46328735351562,53.58074188232422,93.51844787597656,106.49067687988281,362.32000732421875,86.6944351196289,22.144697189331055
2025-11-05,672.012451171875,91.0434341430664,54.06132888793945,93.07323455810547,106.17316436767578,366.510009765625,86.77218627929688,22.076976776123047
2025-11-06,664.8021850585938,90.84037780761719,53.659202575683594,93.5474853515625,106.73121643066406,366.07000732421875,86.35425567626953,22.106000900268555
2025-11-07,665.4567260742188,91.17880249023438,53.50227737426758,93.58621215820312,106.51953125,368.30999755859375,87.69550323486328,22.15437126159668
2025-11-10,675.8406982421875,92.13602447509766,54.4438362121582,93.46036529541016,106.57725524902344,378.3800048828125,87.64690399169922,22.39623260498047
2025-11-11,677.387939453125,92.81285858154297,54.502685546875,93.7507553100586,107.0006103515625,379.8699951171875,88.6285400390625,22.54134750366211
2025-11-12,677.7648315429688,93.3639907836914,54.51249313354492,93.77010345458984,106.89476013183594,385.989990234375,87.96763610839844,22.289813995361328
2025-11-13,666.5180053710938,92.36808013916016,53.87498092651367,93.49908447265625,106.3656005859375,382.8699951171875,86.8888168334961,22.173721313476562
2025-11-14,666.4088134765625,92.10702514648438,53.90440368652344,93.34424591064453,106.07694244384766,375.9599914550781,87.07347106933594,22.222091674804688
2025-11-17,660.2003173828125,90.90806579589844,53.26689147949219,93.45069122314453,106.144287109375,371.6499938964844,86.35425567626953,22.193069458007812
2025-11-18,654.65625,89.72844696044922,53.002071380615234,93.60557556152344,106.19241333007812,374.3500061035156,86.70414733886719,22.376882553100586
2025-11-19,657.185302734375,89.45770263671875,52.81571960449219,93.53782653808594,106.20203399658203,374.9599914550781,86.02381134033203,22.15437126159668
2025-11-20,647.1683349609375,88.22007751464844,52.089935302734375,93.76042938232422,106.34635162353516,374.8500061035156,85.6642074584961,21.94153594970703
2025-11-21,653.6148681640625,89.58341217041016,52.08012771606445,94.07017517089844,106.7215805053711,374.2699890136719,87.05403900146484,21.796419143676758
2025-11-24,663.2351684570312,89.6607666015625,52.629371643066406,94.21533966064453,107.14493560791016,380.20001220703125,87.28729248046875,21.9028377532959
2025-11-25,669.4735717773438,90.73401641845703,52.81571960449219,94.45732116699219,107.44319915771484,380.0799865722656,88.09398651123047,21.786745071411133
2025-11-26,674.09521484375,91.72993469238281,53.19823455810547,94.53475952148438,107.8088150024414,383.1199951171875,88.48274993896484,22.018930435180664
2025-11-28,677.7747192382812,92.03934478759766,53.276695251464844,94.37020874023438,107.62600708007812,387.8800048828125,88.7743148803711,22.309162139892578
2025-12-01,674.6803588867188,91.58489227294922,53.237464904785156,93.86346435546875,107.04947662353516,389.75,87.7538070678711,22.367210388183594
2025-12-02,675.9299926757812,91.89430236816406,53.257080078125,93.94112396240234,107.11707305908203,387.239990234375,87.44280242919922,22.270465850830078
2025-12-03,678.2706298828125,92.3874282836914,53.29631423950195,94.13529205322266,107.3584976196289,386.8800048828125,87.66634368896484,22.376882553100586
2025-12-04,678.7664794921875,92.6388168334961,53.28650665283203,93.84404754638672,107.16535949707031,387.1300048828125,87.45252227783203,22.4349308013916
2025-12-05,680.0557861328125,92.6388168334961,53.688629150390625,93.64989471435547,107.05912780761719,386.44000244140625,87.35533142089844,22.570371627807617
2025-12-08,678.0126953125,92.34874725341797,53.57093048095703,93.45574188232422,106.83700561523438,385.4200134277344,86.6847152709961,22.289813995361328
2025-12-09,677.4276123046875,92.22305297851562,53.482662200927734,93.31983184814453,106.70181274414062,387.3999938964844,86.35425567626953,22.24144172668457
2025-12-10,681.92041015625,93.24796295166016,54.0809440612793,93.62078094482422,107.1943359375,389.04998779296875,86.66526794433594,22.376882553100586
2025-12-11,683.5072021484375,93.7990951538086,53.8259391784668,93.63048553466797,107.03982543945312,393.239990234375,87.0443115234375,22.357534408569336
2025-12-12,676.1581420898438,93.30597686767578,53.19823455810547,93.37808990478516,106.39278411865234,395.44000244140625,86.9374008178711,22.173721313476562
2025-12-15,675.1365966796875,93.87644958496094,53.04130554199219,93.45574188232422,106.51832580566406,395.79998779296875,87.20954895019531,22.067302703857422
2025-12-16,673.2918701171875,93.44133758544922,52.70604705810547,93.71784973144531,106.75975799560547,395.8900146484375,86.5680923461914,21.844791412353516
2025-12-17,665.8832397460938,92.68333435058594,52.32801055908203,93.69844055175781,106.64386749267578,399.2900085449219,86.8888168334961,22.106000900268555
2025-12-18,670.9115600585938,93.3428955078125,52.92491149902344,93.94112396240234,107.04947662353516,398.57000732421875,86.43201446533203,21.951210021972656
2025-12-19,676.9923095703125,93.9729232788086,53.442222595214844,93.72978210449219,106.77413940429688,399.0199890136719,86.10155487060547,22.106000900268555
2025-12-22,681.2098999023438,94.20918273925781,53.73072052001953,93.63239288330078,106.75473022460938,408.2300109863281,86.54389953613281,22.389999389648438
2025-12-23,684.3233032226562,94.79000091552734,54.029170989990234,93.59344482421875,106.86138916015625,413.6400146484375,86.48505401611328,22.639999389648438
2025-12-24,686.7305297851562,94.90813446044922,54.13859939575195,93.8369140625,107.27828216552734,411.92999267578125,87.05390930175781,22.6299991607666
2025-12-26,686.660888671875,95.06563568115234,54.51663589477539,93.92457580566406,107.26859283447266,416.739990234375,87.1519775390625,22.700000762939453
2025-12-29,684.2138671875,94.7801513671875,54.37736129760742,94.06092071533203,107.41401672363281,398.6000061035156,87.32852172851562,22.489999771118164
2025-12-30,683.3783569335938,94.93766021728516,54.596221923828125,93.96353149414062,107.28797149658203,398.8900146484375,87.50506591796875,22.639999389648438
2025-12-31,678.3152465820312,94.53404235839844,54.427101135253906,93.65187072753906,106.8322982788086,396.30999755859375,86.78909301757812,22.360000610351562
2026-01-02,679.55859375,95.52831268310547,55.94919204711914,93.57395935058594,106.80321502685547,398.2799987792969,86.81851196289062,22.389999389648438
2026-01-05,684.0845336914062,96.62102508544922,56.565982818603516,93.85639190673828,107.103759765625,408.760009765625,87.0146713256836,22.809999465942383
2026-01-06,688.1529541015625,96.76869201660156,56.98381042480469,93.7882308959961,107.103759765625,413.17999267578125,87.65218353271484,22.799999237060547
2026-01-07,685.9347534179688,96.40444946289062,56.556034088134766,93.96353149414062,107.18132781982422,409.2300109863281,86.79889678955078,22.59000015258789
2026-01-08,685.8651123046875,96.41429901123047,56.575931549072266,93.68108367919922,106.88076782226562,411.489990234375,87.57372283935547,22.8799991607666
2026-01-09,690.4010009765625,97.27073669433594,56.84453582763672,93.7882308959961,107.26859283447266,414.4700012207031,87.75025177001953,22.899999618530273
2026-01-12,691.4852294921875,97.86139678955078,57.64039611816406,93.67134857177734,107.14254760742188,422.2300109863281,87.8679428100586,23.190000534057617
2026-01-13,690.1026000976562,97.3002700805664,57.21261978149414,93.7882308959961,107.37523651123047,421.6300048828125,88.35832977294922,23.3700008392334
2026-01-14,686.7106323242188,97.75311279296875,57.45138168334961,93.98300170898438,107.64669036865234,425.94000244140625,89.12334442138672,23.389999389648438
2026-01-15,688.5806884765625,97.71372985839844,57.78962326049805,93.7882308959961,107.5109634399414,423.3299865722656,89.74124145507812,23.200000762939453
2026-01-16,688.0037231445312,97.97952270507812,57.57075881958008,93.4278564453125,107.20072174072266,421.2900085449219,90.83970642089844,23.15999984741211
2026-01-20,673.9981689453125,96.4930419921875,57.01365661621094,93.05779266357422,106.5511474609375,437.2300109863281,89.15277099609375,23.479999542236328
2026-01-21,681.77685546875,97.48731231689453,57.958744049072266,93.30126953125,107.19103240966797,443.6000061035156,89.50585174560547,23.75
2026-01-22,685.3379516601562,97.8712387084961,58.39646911621094,93.29151916503906,107.39461517333984,451.7900085449219,88.6231460571289,23.739999771118164
2026-01-23,685.5865478515625,98.41267395019531,58.764556884765625,93.44734954833984,107.4625015258789,458.0,88.79969024658203,24.18000030517578
2026-01-26,689.0680541992188,98.9048843383789,58.864036560058594,93.58369445800781,107.54975128173828,464.70001220703125,88.68199920654297,24.290000915527344
2026-01-27,691.8134765625,100.49964141845703,60.02798843383789,93.47657012939453,107.43340301513672,476.1000061035156,88.65257263183594,24.6200008392334
2026-01-28,691.7438354492188,99.43647003173828,60.43586730957031,93.39864349365234,107.27828216552734,494.55999755859375,87.74044799804688,24.940000534057617
2026-01-29,690.3711547851562,100.10588073730469,60.127471923828125,93.49604797363281,107.307373046875,495.8999938964844,88.96641540527344,25.299999237060547
2026-01-30,688.3120727539062,99.17066955566406,58.79439926147461,93.43761444091797,107.20072174072266,444.95001220703125,89.05469512939453,24.43000030517578
2026-02-02,691.7339477539062,99.82039642333984,58.97346878051758,93.25392150878906,107.10145568847656,427.1300048828125,88.13275909423828,23.540000915527344
2026-02-03,685.885009765625,99.86961364746094,59.291812896728516,93.34185791015625,107.15011596679688,454.2900085449219,87.93660736083984,24.149999618530273
2026-02-04,682.5626831054688,100.19447326660156,58.49595260620117,93.32231903076172,107.01387786865234,453.9700012207031,89.2018051147461,24.190000534057617
2026-02-05,674.0379638671875,98.7670669555664,58.22734832763672,93.86949157714844,107.52963256835938,441.8800048828125,89.07430267333984,23.760000228881836
2026-02-06,686.96923828125,101.01154327392578,59.75938415527344,93.86949157714844,107.58802795410156,455.4599914550781,90.47682189941406,24.010000228881836
2026-02-09,690.2816772460938,102.37004089355469,60.19710922241211,93.88902282714844,107.58802795410156,467.0299987792969,90.85932159423828,24.25
2026-02-10,688.4613037109375,102.61614990234375,60.286643981933594,94.2994155883789,107.8410415649414,462.3999938964844,92.07548522949219,24.139999389648438
2026-02-11,688.3021850585938,103.30525207519531,61.24168014526367,94.03559112548828,107.7242431640625,467.6300048828125,91.56548309326172,24.3700008392334
2026-02-12,677.668701171875,102.52755737304688,60.5452995300293,94.61207580566406,108.23027801513672,451.3900146484375,91.45760345458984,23.799999237060547
2026-02-13,678.1461181640625,102.61614990234375,60.803955078125,94.98336791992188,108.59033203125,462.6199951171875,92.77183532714844,23.8799991607666
2026-02-17,679.2402954101562,102.59646606445312,60.55524826049805,94.97360229492188,108.69737243652344,448.20001220703125,93.654541015625,23.59000015258789
2026-02-18,682.662109375,102.71459197998047,60.873592376708984,94.77818298339844,108.59033203125,458.2799987792969,92.55607604980469,24.209999084472656
2026-02-19,680.8616333007812,102.42911529541016,60.724369049072266,94.86612701416016,108.67790222167969,459.55999755859375,92.35990905761719,24.43000030517578
2026-02-20,685.7855834960938,103.265869140625,62.01764678955078,94.86612701416016,108.59033203125,468.6199951171875,93.05626678466797,24.600000381469727
2026-02-23,678.7827758789062,102.84256744384766,61.331214904785156,95.2081069946289,108.70710754394531,481.2799987792969,93.06607818603516,24.75
2026-02-24,683.7164916992188,103.02960968017578,62.296199798583984,95.1885757446289,108.67790222167969,474.6099853515625,93.30146026611328,24.719999313354492
2026-02-25,689.4859008789062,104.0140380859375,62.98263168334961,95.11038970947266,108.64871215820312,473.4200134277344,93.04646301269531,24.75
2026-02-26,685.6561889648438,103.92543029785156,62.38573455810547,95.36444091796875,108.71684265136719,477.4800109863281,93.6839599609375,24.760000228881836
2026-02-27,682.3637084960938,103.73838806152344,62.25640869140625,95.7455062866211,108.67790222167969,483.75,93.8507080078125,25.100000381469727
2026-03-02,682.751708984375,101.6907958984375,61.18199157714844,95.17029571533203,108.30977630615234,490.0,94.08609008789062,25.809999465942383
2026-03-03,676.7337036132812,98.53079986572266,58.117916107177734,95.06251525878906,108.2609634399414,468.1400146484375,93.58589172363281,25.90999984741211
2026-03-04,681.5082397460938,99.80070495605469,58.744659423828125,94.86652374267578,108.35860443115234,471.79998779296875,93.70358276367188,26.139999389648438
2026-03-05,677.70849609375,97.61529541015625,57.33200454711914,94.57254028320312,107.92896270751953,466.1300048828125,92.76203918457031,26.520000457763672
2026-03-06,668.82568359375,96.74899291992188,57.02360534667969,94.51373291015625,107.56768035888672,473.510009765625,91.7518310546875,27.510000228881836
2026-03-09,674.6845703125,97.44793701171875,58.147762298583984,94.8077163696289,108.21212768554688,472.5299987792969,91.95780181884766,27.139999389648438
2026-03-10,673.6002807617188,97.67435455322266,58.37657165527344,94.50394439697266,107.47002410888672,477.8599853515625,91.82048797607422,27.600000381469727
2026-03-11,672.7548217773438,97.4676284790039,58.52579879760742,94.0727767944336,106.59120178222656,476.239990234375,90.86913299560547,28.1299991607666
2026-03-12,662.5390625,95.9417724609375,56.655517578125,93.76899719238281,106.01508331298828,466.8800048828125,90.24143981933594,28.860000610351562
2026-03-13,658.7890014648438,94.79984283447266,56.50629425048828,93.67101287841797,105.62449645996094,460.8399963378906,90.38855743408203,28.709999084472656
2026-03-16,665.493408203125,96.5718002319336,58.078125,94.09236907958984,106.13225555419922,460.42999267578125,91.14374542236328,28.309999465942383
2026-03-17,667.2440185546875,96.83760070800781,58.44620895385742,94.25896453857422,106.7279052734375,459.2699890136719,91.54586791992188,28.760000228881836
2026-03-18,657.9335327148438,95.18376922607422,57.262367248535156,93.82778930664062,106.15177917480469,444.739990234375,90.19239044189453,29.270000457763672
2026-03-19,656.3121948242188,95.01641082763672,57.322052001953125,93.81798553466797,106.62049865722656,426.4100036621094,89.82950592041016,28.84000015258789
2026-03-20,646.9034423828125,92.1320571899414,55.352291107177734,92.97526550292969,105.31202697753906,413.3800048828125,87.04409790039062,28.940000534057617
2026-03-23,653.6959228515625,94.34700012207031,57.01365661621094,93.26923370361328,106.00531768798828,404.0400085449219,87.72083282470703,27.75
2026-03-24,651.5015869140625,93.78588104248047,56.22774124145508,92.9556655883789,105.79049682617188,404.1300048828125,87.14193725585938,28.239999771118164
2026-03-25,655.1322021484375,95.15423583984375,57.123085021972656,93.44563293457031,106.17131805419922,416.2900085449219,87.07254028320312,28.170000076293945
2026-03-26,643.432373046875,93.18539428710938,55.18317413330078,92.69107818603516,105.34130859375,400.6400146484375,86.95359802246094,28.440000534057617
2026-03-27,632.4606323242188,92.33879089355469,54.91456985473633,92.70087432861328,105.08744812011719,414.70001220703125,86.23988342285156,29.100000381469727
2026-03-30,630.3460693359375,92.60457611083984,54.466896057128906,93.35742950439453,105.76119232177734,414.5799865722656,86.56700134277344,29.260000228881836
2026-03-31,648.6688842773438,95.61690521240234,56.49634552001953,93.5240249633789,106.42518615722656,430.2900085449219,87.9250259399414,28.950000762939453
2026-04-01,653.5562744140625,97.07386016845703,56.9340705871582,93.44241333007812,106.5389404296875,437.82000732421875,88.24223327636719,28.68000030517578
2026-04-02,654.144775390625,96.47335815429688,56.29737854003906,93.65870666503906,106.98995208740234,429.4100036621094,89.44166564941406,29.329999923706055
2026-04-06,657.23681640625,96.95572662353516,56.814693450927734,93.41291809082031,106.82327270507812,427.6499938964844,89.57052612304688,29.479999542236328
2026-04-07,657.5260009765625,96.81790161132812,57.01365661621094,93.64888763427734,106.94093322753906,431.80999755859375,89.69938659667969,29.3700008392334
2026-04-08,674.27294921875,100.59809112548828,60.127471923828125,93.85535430908203,107.35272216796875,434.5299987792969,91.31515502929688,28.559999465942383
2026-04-09,678.162841796875,100.36182403564453,59.968299865722656,93.82585906982422,107.35272216796875,437.9100036621094,91.9693832397461,28.709999084472656
2026-04-10,677.7140502929688,100.58824157714844,60.24685287475586,93.66854858398438,107.06838989257812,437.1300048828125,92.16764068603516,28.5
2026-04-13,684.3369750976562,101.20842742919922,60.754215240478516,93.8750228881836,107.48019409179688,435.3599853515625,92.51457977294922,28.959999084472656
2026-04-14,692.675537109375,102.02549743652344,61.91816711425781,94.1798095703125,107.83316802978516,445.0899963378906,93.39680480957031,28.84000015258789
2026-04-15,698.1414184570312,101.70063781738281,61.87837219238281,93.97334289550781,107.79395294189453,440.4599914550781,93.46619415283203,28.889999389648438
2026-04-16,699.8569946289062,101.40531158447266,62.127079010009766,93.80619812011719,107.29389953613281,440.0799865722656,94.3285903930664,29.110000610351562
2026-04-17,708.3152465820312,102.69490814208984,63.3109245300293,94.31745147705078,107.89199829101562,445.92999267578125,95.83531188964844,28.290000915527344
2026-04-20,706.8988037109375,102.29129791259766,62.85330581665039,94.22895812988281,107.88218688964844,442.0899963378906,96.1822509765625,28.670000076293945
2026-04-21,702.2708129882812,100.04680633544922,61.9281120300293,93.8160171508789,107.47039031982422,429.57000732421875,94.47727966308594,29.209999084472656
2026-04-22,709.3825073242188,100.38151550292969,63.052268981933594,93.91433715820312,107.6762924194336,435.260009765625,93.69417572021484,29.510000228881836
2026-04-23,706.6295776367188,99.66288757324219,62.02759552001953,93.7668685913086,107.38213348388672,431.0400085449219,94.65570831298828,29.889999389648438
2026-04-24,712.10546875,100.18462371826172,63.41040802001953,93.95365905761719,107.46057891845703,433.25,94.46736907958984,29.860000610351562
2026-04-27,713.332275390625,99.80070495605469,63.3109245300293,93.73736572265625,107.15663146972656,429.8900146484375,93.95191192626953,30.09000015258789
2026-04-28,709.8612060546875,99.38724517822266,62.66428756713867,93.64888763427734,107.2056655883789,421.9100036621094,94.8143081665039,30.34000015258789
2026-04-29,709.7515258789062,98.373291015625,62.36583709716797,93.20645141601562,106.6075668334961,417.4100036621094,94.07086181640625,31.079999923706055
2026-04-30,716.8132934570312,100.72605895996094,63.65911865234375,93.3834228515625,106.7252197265625,423.6600036621094,95.48837280273438,31.100000381469727
2026-05-01,718.7982177734375,100.50949096679688,63.79838943481445,93.4544448852539,106.89747619628906,423.17999267578125,95.2207260131836,30.809999465942383
2026-05-04,716.1649780273438,99.13129425048828,63.7685432434082,93.10918426513672,106.55297088623047,414.7099914550781,94.62596893310547,31.329999923706055
2026-05-05,721.9102172851562,100.45042419433594,65.06182861328125,93.2472915649414,106.94670104980469,418.2699890136719,94.92334747314453,31.200000762939453
2026-05-06,731.9443359375,103.1772689819336,67.1410140991211,93.7109146118164,107.47823333740234,430.9599914550781,96.2417221069336,30.209999084472656
2026-05-07,729.7001342773438,101.28718566894531,66.24566650390625,93.42485046386719,107.03528594970703,431.67999267578125,95.54784393310547,30.25
2026-05-08,735.724609375,102.34051513671875,67.58869171142578,93.67146301269531,107.48807525634766,433.7699890136719,95.77583312988281,30.299999237060547
2026-05-11,737.4002685546875,102.12393951416016,67.53894805908203,93.35579681396484,107.2223129272461,434.6499938964844,95.84522247314453,31.059999465942383
2026-05-12,736.2831420898438,101.53328704833984,65.47965240478516,93.04014587402344,106.85810852050781,432.92999267578125,95.84522247314453,31.690000534057617
2026-05-13,740.4025268554688,102.21253967285156,66.86246490478516,93.04014587402344,106.91716766357422,430.5,95.05220794677734,31.3700008392334
2026-05-14,746.2474975585938,101.84830474853516,67.03158569335938,92.98095703125,106.8482666015625,427.2099914550781,94.48719024658203,31.149999618530273
2026-05-15,737.2706298828125,100.13540649414062,64.73352813720703,92.24114227294922,106.16908264160156,417.2900085449219,93.08951568603516,31.190000534057617
2026-05-18,736.751953125,101.0607681274414,64.63404846191406,92.2016830444336,105.97221374511719,418.42999267578125,94.17990112304688,31.3799991607666
2026-05-19,731.8446044921875,100.33229064941406,63.9277229309082,91.84656524658203,105.44068145751953,411.5,94.44754028320312,31.610000610351562
2026-05-20,739.3452758789062,102.00581359863281,65.12151336669922,92.46800994873047,106.25767517089844,417.3999938964844,95.64696502685547,30.8799991607666
2026-05-21,740.8114624023438,102.56693267822266,65.68856811523438,92.52720642089844,106.47422790527344,416.989990234375,95.82539367675781,30.700000762939453
2026-05-22,743.7239990234375,102.3602066040039,65.53933715820312,92.60611724853516,106.67108917236328,413.82000732421875,95.92452239990234,30.540000915527344
2026-05-26,748.6613159179688,103.4922866821289,68.04631042480469,93.00068664550781,107.07466125488281,414.0,96.37059020996094,30.030000686645508
2026-05-27,748.5316162109375,103.13789367675781,68.03636169433594,93.04014587402344,107.2223129272461,408.489990234375,96.07321166992188,29.489999771118164
2026-05-28,752.6609497070312,103.05914306640625,68.2552261352539,93.25716400146484,107.54713439941406,412.7699890136719,95.70645141601562,29.719999313354492
2026-05-29,754.5361328125,103.16743469238281,68.24527740478516,93.36566925048828,107.64556884765625,417.1199951171875,94.8638687133789,29.479999542236328
2026-06-01,756.5908203125,102.81304168701172,69.7176284790039,93.20433807373047,107.6287612915039,411.260009765625,93.26793670654297,29.989999771118164
2026-06-02,757.6182250976562,103.38399505615234,70.43390655517578,93.27362060546875,107.61888885498047,411.95001220703125,93.69417572021484,30.1200008392334
2026-06-03,752.3018798828125,102.4980239868164,69.5584487915039,93.03607940673828,107.32246398925781,407.8699951171875,93.58514404296875,30.290000915527344
2026-06-04,755.1445922851562,103.3150863647461,68.74269104003906,93.15486145019531,107.54972076416016,411.2699890136719,95.2603759765625,29.8799991607666
2026-06-05,735.65478515625,100.66699981689453,64.25601196289062,92.65998077392578,106.87784576416016,396.239990234375,95.94435119628906,29.229999542236328
2026-06-08,737.3204345703125,101.27733612060547,65.4100112915039,92.56099700927734,106.76915740966797,397.2699890136719,94.63587951660156,29.469999313354492
2026-06-09,735.1560668945312,101.29702758789062,65.47965240478516,92.8183364868164,107.11498260498047,390.7799987792969,96.81665802001953,29.06999969482422
2026-06-10,723.56591796875,99.98774719238281,64.32565307617188,92.72926330566406,106.86796569824219,374.5799865722656,96.82657623291016,29.170000076293945
2026-06-11,735.8642578125,103.09852600097656,67.15096282958984,93.37259674072266,107.77696990966797,386.32000732421875,96.75718688964844,28.850000381469727
2026-06-12,739.843994140625,103.38399505615234,67.52899932861328,93.21424102783203,107.70780944824219,386.5400085449219,97.64932250976562,28.549999237060547
2026-06-15,752.890380859375,104.08000183105469,69.75,93.31321716308594,107.68804931640625,396.54998779296875,96.96534729003906,28.219999313354492
2026-06-16,748.4019775390625,104.30999755859375,68.63999938964844,93.55075073242188,107.81649780273438,397.6300048828125,97.2032470703125,27.899999618530273
2026-06-17,739.0560302734375,103.77999877929688,68.55999755859375,93.05587005615234,107.47067260742188,388.6000061035156,94.774658203125,27.709999084472656
2026-06-18,746.739990234375,104.41000366210938,70.79000091552734,93.39238739013672,107.76709747314453,387.1199951171875,94.72509002685547,27.6299991607666
2026-06-22,744.3900146484375,104.58000183105469,71.20999908447266,93.03607940673828,107.48056030273438,384.5899963378906,95.74609375,27.40999984741211
2026-06-23,733.5800170898438,102.45999908447266,67.16999816894531,93.15486145019531,107.6090087890625,377.32000732421875,97.00499725341797,27.1200008392334
2026-06-24,733.239990234375,102.26000213623047,67.25,93.75859832763672,108.10303497314453,365.9200134277344,97.01000213623047,26.450000762939453
2026-06-25,734.2999877929688,103.1500015258789,67.95999908447266,93.81798553466797,108.19196319580078,369.4599914550781,97.19000244140625,26.93000030517578
2026-06-26,728.989990234375,102.54000091552734,67.19000244140625,94.0555191040039,108.19196319580078,373.6300048828125,98.66999816894531,26.56999969482422
2026-06-29,741.0,103.44999694824219,67.43000030517578,94.085205078125,108.38957214355469,368.5799865722656,98.1500015258789,26.559999465942383
2026-06-30,746.77001953125,103.87999725341797,68.41000366210938,93.6002426147461,107.76709747314453,368.3800048828125,96.43000030517578,26.65999984741211
